codigo_acervo,titulo,artista,estilo,caminho_imagem
"aaron-siskind_acolman-1-1955","Acolman 1 1955","Aaron Siskind","Abstract Expressionism","data/archive/Abstract_Expressionism/aaron-siskind_acolman-1-1955.jpg"
"aaron-siskind_rome-arch-of-constantine-10-1963","Rome arch of constantine 10 1963","Aaron Siskind","Abstract Expressionism","data/archive/Abstract_Expressionism/aaron-siskind_rome-arch-of-constantine-10-1963.jpg"
"ad-reinhardt_number-6-1946","Number 6 1946","Ad Reinhardt","Abstract Expressionism","data/archive/Abstract_Expressionism/ad-reinhardt_number-6-1946.jpg"
"aki-kuroda_untitled-2012-1","Untitled 2012 1","Aki Kuroda","Abstract Expressionism","data/archive/Abstract_Expressionism/aki-kuroda_untitled-2012-1.jpg"
"alexander-liberman_untitled-abstract-1977","Untitled abstract 1977","Alexander Liberman","Abstract Expressionism","data/archive/Abstract_Expressionism/alexander-liberman_untitled-abstract-1977.jpg"
"alice-baber_the-light-in-the-depths-1975","The light in the depths 1975","Alice Baber","Abstract Expressionism","data/archive/Abstract_Expressionism/alice-baber_the-light-in-the-depths-1975.jpg"
"arshile-gorky_the-leaf-of-the-artichoke-is-an-owl","The leaf of the artichoke is an owl","Arshile Gorky","Abstract Expressionism","data/archive/Abstract_Expressionism/arshile-gorky_the-leaf-of-the-artichoke-is-an-owl.jpg"
"arthur-pinajian_untitled-landscape-bellport-no-942-1984","Untitled landscape bellport no 942 1984","Arthur Pinajian","Abstract Expressionism","data/archive/Abstract_Expressionism/arthur-pinajian_untitled-landscape-bellport-no-942-1984.jpg"
"atsuko-tanaka_untitled-1976","Untitled 1976","Atsuko Tanaka","Abstract Expressionism","data/archive/Abstract_Expressionism/atsuko-tanaka_untitled-1976.jpg"
"barnett-newman_untitled-red-yellow-and-green-forms-on-a-purple-ground","Untitled red yellow and green forms on a purple ground","Barnett Newman","Abstract Expressionism","data/archive/Abstract_Expressionism/barnett-newman_untitled-red-yellow-and-green-forms-on-a-purple-ground.jpg"
"basil-beattie_untitled-drawing-2002","Untitled drawing 2002","Basil Beattie","Abstract Expressionism","data/archive/Abstract_Expressionism/basil-beattie_untitled-drawing-2002.jpg"
"betty-parsons_the-moth-1969","The moth 1969","Betty Parsons","Abstract Expressionism","data/archive/Abstract_Expressionism/betty-parsons_the-moth-1969.jpg"
"betty-parsons_untitled-abstraction(5)","Untitled abstraction(5)","Betty Parsons","Abstract Expressionism","data/archive/Abstract_Expressionism/betty-parsons_untitled-abstraction(5).jpg"
"blinky-palermo_ohne-titel-mit-rotem-strich-1970","Ohne titel mit rotem strich 1970","Blinky Palermo","Abstract Expressionism","data/archive/Abstract_Expressionism/blinky-palermo_ohne-titel-mit-rotem-strich-1970.jpg"
"bradley-walker-tomlin_number-20-1949","Number 20 1949","Bradley Walker Tomlin","Abstract Expressionism","data/archive/Abstract_Expressionism/bradley-walker-tomlin_number-20-1949.jpg"
"brice-marden_6-red-rock-1-2002","6 red rock 1 2002","Brice Marden","Abstract Expressionism","data/archive/Abstract_Expressionism/brice-marden_6-red-rock-1-2002.jpg"
"brice-marden_first-letter-2009","First letter 2009","Brice Marden","Abstract Expressionism","data/archive/Abstract_Expressionism/brice-marden_first-letter-2009.jpg"
"brice-marden_red-window-study","Red window study","Brice Marden","Abstract Expressionism","data/archive/Abstract_Expressionism/brice-marden_red-window-study.jpg"
"brice-marden_untitled","Untitled","Brice Marden","Abstract Expressionism","data/archive/Abstract_Expressionism/brice-marden_untitled.jpg"
"clyfford-still_1944-n-no-1-1944","1944 n no 1 1944","Clyfford Still","Abstract Expressionism","data/archive/Abstract_Expressionism/clyfford-still_1944-n-no-1-1944.jpg"
"conrad-marca-relli_autumn-suite-a-1970","Autumn suite a 1970","Conrad Marca Relli","Abstract Expressionism","data/archive/Abstract_Expressionism/conrad-marca-relli_autumn-suite-a-1970.jpg"
"conrad-marca-relli_summer-rain-j-l-11-1986","Summer rain j l 11 1986","Conrad Marca Relli","Abstract Expressionism","data/archive/Abstract_Expressionism/conrad-marca-relli_summer-rain-j-l-11-1986.jpg"
"conrad-marca-relli_untitled-3","Untitled 3","Conrad Marca Relli","Abstract Expressionism","data/archive/Abstract_Expressionism/conrad-marca-relli_untitled-3.jpg"
"cy-twombly_ferragosto-iv","Ferragosto iv","Cy Twombly","Abstract Expressionism","data/archive/Abstract_Expressionism/cy-twombly_ferragosto-iv.jpg"
"cy-twombly_quattro-stagioni-estate-1995-1","Quattro stagioni estate 1995 1","Cy Twombly","Abstract Expressionism","data/archive/Abstract_Expressionism/cy-twombly_quattro-stagioni-estate-1995-1.jpg"
"cy-twombly_the-rose-iii","The rose iii","Cy Twombly","Abstract Expressionism","data/archive/Abstract_Expressionism/cy-twombly_the-rose-iii.jpg"
"cy-twombly_untitled-5","Untitled 5","Cy Twombly","Abstract Expressionism","data/archive/Abstract_Expressionism/cy-twombly_untitled-5.jpg"
"cy-twombly_zyig","Zyig","Cy Twombly","Abstract Expressionism","data/archive/Abstract_Expressionism/cy-twombly_zyig.jpg"
"dan-christensen_pr-1967","Pr 1967","Dan Christensen","Abstract Expressionism","data/archive/Abstract_Expressionism/dan-christensen_pr-1967.jpg"
"dan-christensen_untitled-iv-1979","Untitled iv 1979","Dan Christensen","Abstract Expressionism","data/archive/Abstract_Expressionism/dan-christensen_untitled-iv-1979.jpg"
"edward-corbett_untitled-1945","Untitled 1945","Edward Corbett","Abstract Expressionism","data/archive/Abstract_Expressionism/edward-corbett_untitled-1945.jpg"
"elaine-de-kooning_glass-wall-1987","Glass wall 1987","Elaine De Kooning","Abstract Expressionism","data/archive/Abstract_Expressionism/elaine-de-kooning_glass-wall-1987.jpg"
"elaine-de-kooning_untitled-1965","Untitled 1965","Elaine De Kooning","Abstract Expressionism","data/archive/Abstract_Expressionism/elaine-de-kooning_untitled-1965.jpg"
"esteban-vicente_comstock-1962","Comstock 1962","Esteban Vicente","Abstract Expressionism","data/archive/Abstract_Expressionism/esteban-vicente_comstock-1962.jpg"
"esteban-vicente_the-garden-1984","The garden 1984","Esteban Vicente","Abstract Expressionism","data/archive/Abstract_Expressionism/esteban-vicente_the-garden-1984.jpg"
"esteban-vicente_untitled-8-1997","Untitled 8 1997","Esteban Vicente","Abstract Expressionism","data/archive/Abstract_Expressionism/esteban-vicente_untitled-8-1997.jpg"
"forrest-bess_prophecy-1946","Prophecy 1946","Forrest Bess","Abstract Expressionism","data/archive/Abstract_Expressionism/forrest-bess_prophecy-1946.jpg"
"forrest-bess_untitled-no-5-1951","Untitled no 5 1951","Forrest Bess","Abstract Expressionism","data/archive/Abstract_Expressionism/forrest-bess_untitled-no-5-1951.jpg"
"frank-bowling_rush-green-1977","Rush green 1977","Frank Bowling","Abstract Expressionism","data/archive/Abstract_Expressionism/frank-bowling_rush-green-1977.jpg"
"frank-lobdell_summer-1962","Summer 1962","Frank Lobdell","Abstract Expressionism","data/archive/Abstract_Expressionism/frank-lobdell_summer-1962.jpg"
"frank-stella_la-scienza-della-pigrizia-the-science-of-laziness-1984","La scienza della pigrizia the science of laziness 1984","Frank Stella","Abstract Expressionism","data/archive/Abstract_Expressionism/frank-stella_la-scienza-della-pigrizia-the-science-of-laziness-1984.jpg"
"frank-stella_the-butcher-came-and-slew-the-ox-1984","The butcher came and slew the ox 1984","Frank Stella","Abstract Expressionism","data/archive/Abstract_Expressionism/frank-stella_the-butcher-came-and-slew-the-ox-1984.jpg"
"friedel-dzubas_moonhunt-1958","Moonhunt 1958","Friedel Dzubas","Abstract Expressionism","data/archive/Abstract_Expressionism/friedel-dzubas_moonhunt-1958.jpg"
"friedel-dzubas_untitled","Untitled","Friedel Dzubas","Abstract Expressionism","data/archive/Abstract_Expressionism/friedel-dzubas_untitled.jpg"
"gene-davis_saber-dance-1952","Saber dance 1952","Gene Davis","Abstract Expressionism","data/archive/Abstract_Expressionism/gene-davis_saber-dance-1952.jpg"
"gerhard-richter_abstraktes-bild-abstract-picture-1994","Abstraktes bild abstract picture 1994","Gerhard Richter","Abstract Expressionism","data/archive/Abstract_Expressionism/gerhard-richter_abstraktes-bild-abstract-picture-1994.jpg"
"gerhard-richter_wallace-bournes","Wallace bournes","Gerhard Richter","Abstract Expressionism","data/archive/Abstract_Expressionism/gerhard-richter_wallace-bournes.jpg"
"geta-bratescu_the-rule-of-the-circle-the-rule-of-the-game-1985(7)","The rule of the circle the rule of the game 1985(7)","Geta Bratescu","Abstract Expressionism","data/archive/Abstract_Expressionism/geta-bratescu_the-rule-of-the-circle-the-rule-of-the-game-1985(7).jpg"
"hans-hofmann_abstract-euphony-1958","Abstract euphony 1958","Hans Hofmann","Abstract Expressionism","data/archive/Abstract_Expressionism/hans-hofmann_abstract-euphony-1958.jpg"
"hans-hofmann_equinox-1958","Equinox 1958","Hans Hofmann","Abstract Expressionism","data/archive/Abstract_Expressionism/hans-hofmann_equinox-1958.jpg"
"hans-hofmann_love-poem-1962","Love poem 1962","Hans Hofmann","Abstract Expressionism","data/archive/Abstract_Expressionism/hans-hofmann_love-poem-1962.jpg"
"hans-hofmann_rhapsody-1958","Rhapsody 1958","Hans Hofmann","Abstract Expressionism","data/archive/Abstract_Expressionism/hans-hofmann_rhapsody-1958.jpg"
"hans-hofmann_the-mannequin-1946","The mannequin 1946","Hans Hofmann","Abstract Expressionism","data/archive/Abstract_Expressionism/hans-hofmann_the-mannequin-1946.jpg"
"hassel-smith_untitled-1959-1","Untitled 1959 1","Hassel Smith","Abstract Expressionism","data/archive/Abstract_Expressionism/hassel-smith_untitled-1959-1.jpg"
"hedda-sterne_vertical-horizontal-i-1963","Vertical horizontal i 1963","Hedda Sterne","Abstract Expressionism","data/archive/Abstract_Expressionism/hedda-sterne_vertical-horizontal-i-1963.jpg"
"helen-frankenthaler_connected-by-joy-1970","Connected by joy 1970","Helen Frankenthaler","Abstract Expressionism","data/archive/Abstract_Expressionism/helen-frankenthaler_connected-by-joy-1970.jpg"
"helen-frankenthaler_madam-butterfly-2000","Madam butterfly 2000","Helen Frankenthaler","Abstract Expressionism","data/archive/Abstract_Expressionism/helen-frankenthaler_madam-butterfly-2000.jpg"
"helen-frankenthaler_saturn-revisited-1964","Saturn revisited 1964","Helen Frankenthaler","Abstract Expressionism","data/archive/Abstract_Expressionism/helen-frankenthaler_saturn-revisited-1964.jpg"
"helen-frankenthaler_tuscany-1963","Tuscany 1963","Helen Frankenthaler","Abstract Expressionism","data/archive/Abstract_Expressionism/helen-frankenthaler_tuscany-1963.jpg"
"henri-matisse_blue-nude","Blue nude","Henri Matisse","Abstract Expressionism","data/archive/Abstract_Expressionism/henri-matisse_blue-nude.jpg"
"henri-matisse_not-identified-5","Not identified 5","Henri Matisse","Abstract Expressionism","data/archive/Abstract_Expressionism/henri-matisse_not-identified-5.jpg"
"henri-matisse_the-maritime-wildlife-1950","The maritime wildlife 1950","Henri Matisse","Abstract Expressionism","data/archive/Abstract_Expressionism/henri-matisse_the-maritime-wildlife-1950.jpg"
"howard-hodgkin_girl-at-night-1966","Girl at night 1966","Howard Hodgkin","Abstract Expressionism","data/archive/Abstract_Expressionism/howard-hodgkin_girl-at-night-1966.jpg"
"howard-mehring_untitled-1958(2)","Untitled 1958(2)","Howard Mehring","Abstract Expressionism","data/archive/Abstract_Expressionism/howard-mehring_untitled-1958(2).jpg"
"jack-bush_yellow-flower-1958","Yellow flower 1958","Jack Bush","Abstract Expressionism","data/archive/Abstract_Expressionism/jack-bush_yellow-flower-1958.jpg"
"jack-tworkov_untitled-1950","Untitled 1950","Jack Tworkov","Abstract Expressionism","data/archive/Abstract_Expressionism/jack-tworkov_untitled-1950.jpg"
"jackson-pollock_number-14(1)","Number 14(1)","Jackson Pollock","Abstract Expressionism","data/archive/Abstract_Expressionism/jackson-pollock_number-14(1).jpg"
"jackson-pollock_totem-lesson-2-1945(1)","Totem lesson 2 1945(1)","Jackson Pollock","Abstract Expressionism","data/archive/Abstract_Expressionism/jackson-pollock_totem-lesson-2-1945(1).jpg"
"jane-frank_night-landings-sambura-1970","Night landings sambura 1970","Jane Frank","Abstract Expressionism","data/archive/Abstract_Expressionism/jane-frank_night-landings-sambura-1970.jpg"
"jay-defeo_untitled-1979","Untitled 1979","Jay Defeo","Abstract Expressionism","data/archive/Abstract_Expressionism/jay-defeo_untitled-1979.jpg"
"jean-paul-riopelle_lithographie-1974","Lithographie 1974","Jean Paul Riopelle","Abstract Expressionism","data/archive/Abstract_Expressionism/jean-paul-riopelle_lithographie-1974.jpg"
"jimmy-ernst_dusklight-1980","Dusklight 1980","Jimmy Ernst","Abstract Expressionism","data/archive/Abstract_Expressionism/jimmy-ernst_dusklight-1980.jpg"
"jimmy-ernst_rimrock-1960","Rimrock 1960","Jimmy Ernst","Abstract Expressionism","data/archive/Abstract_Expressionism/jimmy-ernst_rimrock-1960.jpg"
"jimmy-ernst_white-space-1951","White space 1951","Jimmy Ernst","Abstract Expressionism","data/archive/Abstract_Expressionism/jimmy-ernst_white-space-1951.jpg"
"joan-miro_not_detected_227941","Sem título (227941)","Joan Miro","Abstract Expressionism","data/archive/Abstract_Expressionism/joan-miro_not_detected_227941.jpg"
"joan-miro_not_detected_227957","Sem título (227957)","Joan Miro","Abstract Expressionism","data/archive/Abstract_Expressionism/joan-miro_not_detected_227957.jpg"
"joan-miro_woman-in-front-of-the-sun-i","Woman in front of the sun i","Joan Miro","Abstract Expressionism","data/archive/Abstract_Expressionism/joan-miro_woman-in-front-of-the-sun-i.jpg"
"joan-mitchell_la-grande-vallee-xiv-for-a-little-while-1983","La grande vallee xiv for a little while 1983","Joan Mitchell","Abstract Expressionism","data/archive/Abstract_Expressionism/joan-mitchell_la-grande-vallee-xiv-for-a-little-while-1983.jpg"
"joan-mitchell_the-lot-1971","The lot 1971","Joan Mitchell","Abstract Expressionism","data/archive/Abstract_Expressionism/joan-mitchell_the-lot-1971.jpg"
"joan-mitchell_untitled-1960","Untitled 1960","Joan Mitchell","Abstract Expressionism","data/archive/Abstract_Expressionism/joan-mitchell_untitled-1960.jpg"
"joan-snyder_cherry-fall-1995","Cherry fall 1995","Joan Snyder","Abstract Expressionism","data/archive/Abstract_Expressionism/joan-snyder_cherry-fall-1995.jpg"
"joan-snyder_squares-1972","Squares 1972","Joan Snyder","Abstract Expressionism","data/archive/Abstract_Expressionism/joan-snyder_squares-1972.jpg"
"joe-goode_ocean-blue-6-1988","Ocean blue 6 1988","Joe Goode","Abstract Expressionism","data/archive/Abstract_Expressionism/joe-goode_ocean-blue-6-1988.jpg"
"john-chamberlain_untitled-1960-1","Untitled 1960 1","John Chamberlain","Abstract Expressionism","data/archive/Abstract_Expressionism/john-chamberlain_untitled-1960-1.jpg"
"john-ferren_the-changeling-1964","The changeling 1964","John Ferren","Abstract Expressionism","data/archive/Abstract_Expressionism/john-ferren_the-changeling-1964.jpg"
"john-hoyland_2008-untitled-silkscreen","2008 untitled silkscreen","John Hoyland","Abstract Expressionism","data/archive/Abstract_Expressionism/john-hoyland_2008-untitled-silkscreen.jpg"
"john-hoyland_one-life-5-11-07-2007","One life 5 11 07 2007","John Hoyland","Abstract Expressionism","data/archive/Abstract_Expressionism/john-hoyland_one-life-5-11-07-2007.jpg"
"john-mccracken_untitled-december-6-1973-1973","Untitled december 6 1973 1973","John Mccracken","Abstract Expressionism","data/archive/Abstract_Expressionism/john-mccracken_untitled-december-6-1973-1973.jpg"
"julio-pomar_metro-1964","Metro 1964","Julio Pomar","Abstract Expressionism","data/archive/Abstract_Expressionism/julio-pomar_metro-1964.jpg"
"kenzo-okada_footsteps-1954","Footsteps 1954","Kenzo Okada","Abstract Expressionism","data/archive/Abstract_Expressionism/kenzo-okada_footsteps-1954.jpg"
"kenzo-okada_young-bamboo-diptych","Young bamboo diptych","Kenzo Okada","Abstract Expressionism","data/archive/Abstract_Expressionism/kenzo-okada_young-bamboo-diptych.jpg"
"lee-krasner_shellflower-1947","Shellflower 1947","Lee Krasner","Abstract Expressionism","data/archive/Abstract_Expressionism/lee-krasner_shellflower-1947.jpg"
"louis-schanker_circle-image","Circle image","Louis Schanker","Abstract Expressionism","data/archive/Abstract_Expressionism/louis-schanker_circle-image.jpg"
"louise-nevelson_sky-jag-iv-1974","Sky jag iv 1974","Louise Nevelson","Abstract Expressionism","data/archive/Abstract_Expressionism/louise-nevelson_sky-jag-iv-1974.jpg"
"manabu-mabe_som-1976","Som 1976","Manabu Mabe","Abstract Expressionism","data/archive/Abstract_Expressionism/manabu-mabe_som-1976.jpg"
"mario-cesariny_retrato-de-menez-1968","Retrato de menez 1968","Mario Cesariny","Abstract Expressionism","data/archive/Abstract_Expressionism/mario-cesariny_retrato-de-menez-1968.jpg"
"mark-rothko_untitled-14b","Untitled 14b","Mark Rothko","Abstract Expressionism","data/archive/Abstract_Expressionism/mark-rothko_untitled-14b.jpg"
"mark-tobey_canticle-1954","Canticle 1954","Mark Tobey","Abstract Expressionism","data/archive/Abstract_Expressionism/mark-tobey_canticle-1954.jpg"
"mark-tobey_illuminated-plane-1958","Illuminated plane 1958","Mark Tobey","Abstract Expressionism","data/archive/Abstract_Expressionism/mark-tobey_illuminated-plane-1958.jpg"
"mark-tobey_not-identified-1","Not identified 1","Mark Tobey","Abstract Expressionism","data/archive/Abstract_Expressionism/mark-tobey_not-identified-1.jpg"
"mark-tobey_to-life-1974","To life 1974","Mark Tobey","Abstract Expressionism","data/archive/Abstract_Expressionism/mark-tobey_to-life-1974.jpg"
"mark-tobey_washington-1","Washington 1","Mark Tobey","Abstract Expressionism","data/archive/Abstract_Expressionism/mark-tobey_washington-1.jpg"
"milton-resnick_ulysses-1991","Ulysses 1991","Milton Resnick","Abstract Expressionism","data/archive/Abstract_Expressionism/milton-resnick_ulysses-1991.jpg"
"miriam-schapiro_we-live-in-her-dreams","We live in her dreams","Miriam Schapiro","Abstract Expressionism","data/archive/Abstract_Expressionism/miriam-schapiro_we-live-in-her-dreams.jpg"
"morris-louis_drawing-d182-1950","Drawing d182 1950","Morris Louis","Abstract Expressionism","data/archive/Abstract_Expressionism/morris-louis_drawing-d182-1950.jpg"
"mostafa-dashti_untitled-2007(1)","Untitled 2007(1)","Mostafa Dashti","Abstract Expressionism","data/archive/Abstract_Expressionism/mostafa-dashti_untitled-2007(1).jpg"
"norman-bluhm_frozen-summer-1966","Frozen summer 1966","Norman Bluhm","Abstract Expressionism","data/archive/Abstract_Expressionism/norman-bluhm_frozen-summer-1966.jpg"
"paul-jenkins_not_detected_235685","Sem título (235685)","Paul Jenkins","Abstract Expressionism","data/archive/Abstract_Expressionism/paul-jenkins_not_detected_235685.jpg"
"paul-jenkins_not_detected_235701","Sem título (235701)","Paul Jenkins","Abstract Expressionism","data/archive/Abstract_Expressionism/paul-jenkins_not_detected_235701.jpg"
"paul-jenkins_not_detected_235721","Sem título (235721)","Paul Jenkins","Abstract Expressionism","data/archive/Abstract_Expressionism/paul-jenkins_not_detected_235721.jpg"
"paul-jenkins_phenomena-merlins-mantle","Phenomena merlins mantle","Paul Jenkins","Abstract Expressionism","data/archive/Abstract_Expressionism/paul-jenkins_phenomena-merlins-mantle.jpg"
"paul-jenkins_untitled-2","Untitled 2","Paul Jenkins","Abstract Expressionism","data/archive/Abstract_Expressionism/paul-jenkins_untitled-2.jpg"
"paul-reed_ckw-2002","Ckw 2002","Paul Reed","Abstract Expressionism","data/archive/Abstract_Expressionism/paul-reed_ckw-2002.jpg"
"perle-fine_ceremony-of-a-kind-1955","Ceremony of a kind 1955","Perle Fine","Abstract Expressionism","data/archive/Abstract_Expressionism/perle-fine_ceremony-of-a-kind-1955.jpg"
"perle-fine_untitled-1951","Untitled 1951","Perle Fine","Abstract Expressionism","data/archive/Abstract_Expressionism/perle-fine_untitled-1951.jpg"
"philip-guston_red-painting-1950","Red painting 1950","Philip Guston","Abstract Expressionism","data/archive/Abstract_Expressionism/philip-guston_red-painting-1950.jpg"
"rafa-nasiri_untitled-034-1985","Untitled 034 1985","Rafa Nasiri","Abstract Expressionism","data/archive/Abstract_Expressionism/rafa-nasiri_untitled-034-1985.jpg"
"ralph-hotere_untitled-1988","Untitled 1988","Ralph Hotere","Abstract Expressionism","data/archive/Abstract_Expressionism/ralph-hotere_untitled-1988.jpg"
"raoul-ubac_abstrait-1968","Abstrait 1968","Raoul Ubac","Abstract Expressionism","data/archive/Abstract_Expressionism/raoul-ubac_abstrait-1968.jpg"
"raoul-ubac_octobre","Octobre","Raoul Ubac","Abstract Expressionism","data/archive/Abstract_Expressionism/raoul-ubac_octobre.jpg"
"richard-diebenkorn_berkeley-no-13","Berkeley no 13","Richard Diebenkorn","Abstract Expressionism","data/archive/Abstract_Expressionism/richard-diebenkorn_berkeley-no-13.jpg"
"richard-diebenkorn_ocean-park-no-131","Ocean park no 131","Richard Diebenkorn","Abstract Expressionism","data/archive/Abstract_Expressionism/richard-diebenkorn_ocean-park-no-131.jpg"
"richard-pousette-dart_bird-in-the-wind-1942","Bird in the wind 1942","Richard Pousette Dart","Abstract Expressionism","data/archive/Abstract_Expressionism/richard-pousette-dart_bird-in-the-wind-1942.jpg"
"richard-pousette-dart_illumination-gothic-1958","Illumination gothic 1958","Richard Pousette Dart","Abstract Expressionism","data/archive/Abstract_Expressionism/richard-pousette-dart_illumination-gothic-1958.jpg"
"richard-pousette-dart_the-atom-one-world-1948","The atom one world 1948","Richard Pousette Dart","Abstract Expressionism","data/archive/Abstract_Expressionism/richard-pousette-dart_the-atom-one-world-1948.jpg"
"richard-tuttle_20-pearls-9-2003","20 pearls 9 2003","Richard Tuttle","Abstract Expressionism","data/archive/Abstract_Expressionism/richard-tuttle_20-pearls-9-2003.jpg"
"richard-tuttle_white-wind-1972","White wind 1972","Richard Tuttle","Abstract Expressionism","data/archive/Abstract_Expressionism/richard-tuttle_white-wind-1972.jpg"
"robert-goodnough_impact-1971","Impact 1971","Robert Goodnough","Abstract Expressionism","data/archive/Abstract_Expressionism/robert-goodnough_impact-1971.jpg"
"robert-goodnough_two-seated-figures-1955","Two seated figures 1955","Robert Goodnough","Abstract Expressionism","data/archive/Abstract_Expressionism/robert-goodnough_two-seated-figures-1955.jpg"
"robert-nickle_untitled-1975","Untitled 1975","Robert Nickle","Abstract Expressionism","data/archive/Abstract_Expressionism/robert-nickle_untitled-1975.jpg"
"ronald-davis_window-1969","Window 1969","Ronald Davis","Abstract Expressionism","data/archive/Abstract_Expressionism/ronald-davis_window-1969.jpg"
"ronnie-landfield_red-line-painting-1968","Red line painting 1968","Ronnie Landfield","Abstract Expressionism","data/archive/Abstract_Expressionism/ronnie-landfield_red-line-painting-1968.jpg"
"ronnie-landfield_volcano-the-heat-1983","Volcano the heat 1983","Ronnie Landfield","Abstract Expressionism","data/archive/Abstract_Expressionism/ronnie-landfield_volcano-the-heat-1983.jpg"
"salvador-dali_cadaver-in-seoulchro-elisei-2-kings-13-21-1967","Cadaver in seoulchro elisei 2 kings 13 21 1967","Salvador Dali","Abstract Expressionism","data/archive/Abstract_Expressionism/salvador-dali_cadaver-in-seoulchro-elisei-2-kings-13-21-1967.jpg"
"salvador-dali_faciamus-hominem-genesis-1-26-1964","Faciamus hominem genesis 1 26 1964","Salvador Dali","Abstract Expressionism","data/archive/Abstract_Expressionism/salvador-dali_faciamus-hominem-genesis-1-26-1964.jpg"
"salvador-dali_mane-thecel-phares-1967","Mane thecel phares 1967","Salvador Dali","Abstract Expressionism","data/archive/Abstract_Expressionism/salvador-dali_mane-thecel-phares-1967.jpg"
"salvador-dali_seduxisti-me-domine-1967","Seduxisti me domine 1967","Salvador Dali","Abstract Expressionism","data/archive/Abstract_Expressionism/salvador-dali_seduxisti-me-domine-1967.jpg"
"sam-francis_2-impressions-swatch-1992","2 impressions swatch 1992","Sam Francis","Abstract Expressionism","data/archive/Abstract_Expressionism/sam-francis_2-impressions-swatch-1992.jpg"
"sam-francis_blue-47-1961","Blue 47 1961","Sam Francis","Abstract Expressionism","data/archive/Abstract_Expressionism/sam-francis_blue-47-1961.jpg"
"sam-francis_composition-1988","Composition 1988","Sam Francis","Abstract Expressionism","data/archive/Abstract_Expressionism/sam-francis_composition-1988.jpg"
"sam-francis_drawing-for-sculpture-sf65-010-1965","Drawing for sculpture sf65 010 1965","Sam Francis","Abstract Expressionism","data/archive/Abstract_Expressionism/sam-francis_drawing-for-sculpture-sf65-010-1965.jpg"
"sam-francis_green-buddha-l-l261-sf-337-g-1157-1985","Green buddha l l261 sf 337 g 1157 1985","Sam Francis","Abstract Expressionism","data/archive/Abstract_Expressionism/sam-francis_green-buddha-l-l261-sf-337-g-1157-1985.jpg"
"sam-francis_la-primavera-fredda-cold-spring-1988","La primavera fredda cold spring 1988","Sam Francis","Abstract Expressionism","data/archive/Abstract_Expressionism/sam-francis_la-primavera-fredda-cold-spring-1988.jpg"
"sam-francis_sculpture-drawing-sf64-571-1964","Sculpture drawing sf64 571 1964","Sam Francis","Abstract Expressionism","data/archive/Abstract_Expressionism/sam-francis_sculpture-drawing-sf64-571-1964.jpg"
"sam-francis_the-five-continents-1984","The five continents 1984","Sam Francis","Abstract Expressionism","data/archive/Abstract_Expressionism/sam-francis_the-five-continents-1984.jpg"
"sam-francis_untitled-1953","Untitled 1953","Sam Francis","Abstract Expressionism","data/archive/Abstract_Expressionism/sam-francis_untitled-1953.jpg"
"sam-francis_untitled-1975-1","Untitled 1975 1","Sam Francis","Abstract Expressionism","data/archive/Abstract_Expressionism/sam-francis_untitled-1975-1.jpg"
"sam-francis_untitled-1988-1","Untitled 1988 1","Sam Francis","Abstract Expressionism","data/archive/Abstract_Expressionism/sam-francis_untitled-1988-1.jpg"
"sam-francis_untitled-1994","Untitled 1994","Sam Francis","Abstract Expressionism","data/archive/Abstract_Expressionism/sam-francis_untitled-1994.jpg"
"sam-francis_untitled-from-papierski-portfolio-sf-355-1992","Untitled from papierski portfolio sf 355 1992","Sam Francis","Abstract Expressionism","data/archive/Abstract_Expressionism/sam-francis_untitled-from-papierski-portfolio-sf-355-1992.jpg"
"sam-francis_untitled-l-i48-sfe-015-1984","Untitled l i48 sfe 015 1984","Sam Francis","Abstract Expressionism","data/archive/Abstract_Expressionism/sam-francis_untitled-l-i48-sfe-015-1984.jpg"
"sam-francis_untitled-sf-358-1993","Untitled sf 358 1993","Sam Francis","Abstract Expressionism","data/archive/Abstract_Expressionism/sam-francis_untitled-sf-358-1993.jpg"
"sam-francis_untitled-sf75-102-1975","Untitled sf75 102 1975","Sam Francis","Abstract Expressionism","data/archive/Abstract_Expressionism/sam-francis_untitled-sf75-102-1975.jpg"
"sam-francis_untitled-sfp86-165-1986","Untitled sfp86 165 1986","Sam Francis","Abstract Expressionism","data/archive/Abstract_Expressionism/sam-francis_untitled-sfp86-165-1986.jpg"
"sam-gilliam_chehaw-1990","Chehaw 1990","Sam Gilliam","Abstract Expressionism","data/archive/Abstract_Expressionism/sam-gilliam_chehaw-1990.jpg"
"sam-gilliam_red-linger-1972","Red linger 1972","Sam Gilliam","Abstract Expressionism","data/archive/Abstract_Expressionism/sam-gilliam_red-linger-1972.jpg"
"taro-yamamoto_untitled-1964","Untitled 1964","Taro Yamamoto","Abstract Expressionism","data/archive/Abstract_Expressionism/taro-yamamoto_untitled-1964.jpg"
"terry-frost_tree-tree-1989","Tree tree 1989","Terry Frost","Abstract Expressionism","data/archive/Abstract_Expressionism/terry-frost_tree-tree-1989.jpg"
"theodoros-stamos_home-of-the-sun-1957","Home of the sun 1957","Theodoros Stamos","Abstract Expressionism","data/archive/Abstract_Expressionism/theodoros-stamos_home-of-the-sun-1957.jpg"
"theodoros-stamos_october-field-1960","October field 1960","Theodoros Stamos","Abstract Expressionism","data/archive/Abstract_Expressionism/theodoros-stamos_october-field-1960.jpg"
"vasile-dobrian_during-life-man-exhibits-his-lucidity-during-death-oblivion","During life man exhibits his lucidity during death oblivion","Vasile Dobrian","Abstract Expressionism","data/archive/Abstract_Expressionism/vasile-dobrian_during-life-man-exhibits-his-lucidity-during-death-oblivion.jpg"
"vasile-dobrian_the-waves-of-migrating-birds-have-darkened-the-infinity-from-the-autumn-series","The waves of migrating birds have darkened the infinity from the autumn series","Vasile Dobrian","Abstract Expressionism","data/archive/Abstract_Expressionism/vasile-dobrian_the-waves-of-migrating-birds-have-darkened-the-infinity-from-the-autumn-series.jpg"
"victor-pasmore_the-starry-night-1987","The starry night 1987","Victor Pasmore","Abstract Expressionism","data/archive/Abstract_Expressionism/victor-pasmore_the-starry-night-1987.jpg"
"walter-darby-bannard_colorossi-9","Colorossi 9","Walter Darby Bannard","Abstract Expressionism","data/archive/Abstract_Expressionism/walter-darby-bannard_colorossi-9.jpg"
"willem-de-kooning_mae-west","Mae west","Willem De Kooning","Abstract Expressionism","data/archive/Abstract_Expressionism/willem-de-kooning_mae-west.jpg"
"willem-de-kooning_suburb-in-havana","Suburb in havana","Willem De Kooning","Abstract Expressionism","data/archive/Abstract_Expressionism/willem-de-kooning_suburb-in-havana.jpg"
"willem-de-kooning_untitled-2","Untitled 2","Willem De Kooning","Abstract Expressionism","data/archive/Abstract_Expressionism/willem-de-kooning_untitled-2.jpg"
"willem-de-kooning_with-love","With love","Willem De Kooning","Abstract Expressionism","data/archive/Abstract_Expressionism/willem-de-kooning_with-love.jpg"
"william-baziotes_beach-shadows-1947","Beach shadows 1947","William Baziotes","Abstract Expressionism","data/archive/Abstract_Expressionism/william-baziotes_beach-shadows-1947.jpg"
"william-baziotes_sea-phantoms-1952","Sea phantoms 1952","William Baziotes","Abstract Expressionism","data/archive/Abstract_Expressionism/william-baziotes_sea-phantoms-1952.jpg"
"william-congdon_harbor-scene-1955","Harbor scene 1955","William Congdon","Abstract Expressionism","data/archive/Abstract_Expressionism/william-congdon_harbor-scene-1955.jpg"
"william-scott_blue-form-on-white-1964","Blue form on white 1964","William Scott","Abstract Expressionism","data/archive/Abstract_Expressionism/william-scott_blue-form-on-white-1964.jpg"
"william-scott_still-life-with-white-mug-1957","Still life with white mug 1957","William Scott","Abstract Expressionism","data/archive/Abstract_Expressionism/william-scott_still-life-with-white-mug-1957.jpg"
"wu-guanzhong_spring-breeze-2001-1","Spring breeze 2001 1","Wu Guanzhong","Abstract Expressionism","data/archive/Abstract_Expressionism/wu-guanzhong_spring-breeze-2001-1.jpg"
"franz-kline_black-and-white-png","Black and white png","Franz Kline","Action painting","data/archive/Action_painting/franz-kline_black-and-white-png.jpg"
"franz-kline_number-2-1954","Number 2 1954","Franz Kline","Action painting","data/archive/Action_painting/franz-kline_number-2-1954.jpg"
"franz-kline_untitled","Untitled","Franz Kline","Action painting","data/archive/Action_painting/franz-kline_untitled.jpg"
"jackson-pollock_composition-with-pouring-ii(1)","Composition with pouring ii(1)","Jackson Pollock","Action painting","data/archive/Action_painting/jackson-pollock_composition-with-pouring-ii(1).jpg"
"jackson-pollock_number-23(1)","Number 23(1)","Jackson Pollock","Action painting","data/archive/Action_painting/jackson-pollock_number-23(1).jpg"
"jackson-pollock_summertime-number-9a-1948","Summertime number 9a 1948","Jackson Pollock","Action painting","data/archive/Action_painting/jackson-pollock_summertime-number-9a-1948.jpg"
"albert-gleizes_acrobats-1916","Acrobats 1916","Albert Gleizes","Analytical Cubism","data/archive/Analytical_Cubism/albert-gleizes_acrobats-1916.jpg"
"georges-braque_man-with-a-violin-1912","Man with a violin 1912","Georges Braque","Analytical Cubism","data/archive/Analytical_Cubism/georges-braque_man-with-a-violin-1912.jpg"
"georges-braque_violin-and-candlestick-1910","Violin and candlestick 1910","Georges Braque","Analytical Cubism","data/archive/Analytical_Cubism/georges-braque_violin-and-candlestick-1910.jpg"
"juan-gris_guitar-and-glasses-banjo-and-glasses-1912","Guitar and glasses banjo and glasses 1912","Juan Gris","Analytical Cubism","data/archive/Analytical_Cubism/juan-gris_guitar-and-glasses-banjo-and-glasses-1912.jpg"
"pablo-picasso_bread-and-dish-with-fruits-on-the-table","Bread and dish with fruits on the table","Pablo Picasso","Analytical Cubism","data/archive/Analytical_Cubism/pablo-picasso_bread-and-dish-with-fruits-on-the-table.jpg"
"pablo-picasso_man-with-a-guitar-1911","Man with a guitar 1911","Pablo Picasso","Analytical Cubism","data/archive/Analytical_Cubism/pablo-picasso_man-with-a-guitar-1911.jpg"
"pablo-picasso_the-aficionado-the-torero-1912","The aficionado the torero 1912","Pablo Picasso","Analytical Cubism","data/archive/Analytical_Cubism/pablo-picasso_the-aficionado-the-torero-1912.jpg"
"a.y.-jackson_frozen-lake-early-spring-algonquin-park-1914","Frozen lake early spring algonquin park 1914","A.y. Jackson","Art Nouveau Modern","data/archive/Art_Nouveau_Modern/a.y.-jackson_frozen-lake-early-spring-algonquin-park-1914.jpg"
"a.y.-jackson_valley-of-the-gouffre-river-1933","Valley of the gouffre river 1933","A.y. Jackson","Art Nouveau Modern","data/archive/Art_Nouveau_Modern/a.y.-jackson_valley-of-the-gouffre-river-1933.jpg"
"aladar-korosfoi-kriesch_eagles-above-the-hero-s-grave-1918","Eagles above the hero s grave 1918","Aladar Korosfoi Kriesch","Art Nouveau Modern","data/archive/Art_Nouveau_Modern/aladar-korosfoi-kriesch_eagles-above-the-hero-s-grave-1918.jpg"
"aleksandra-ekster_costume-design-for-the-play-famira-kifared-by-innokentiy-annenski-maenad-1916","Costume design for the play famira kifared by innokentiy annenski maenad 1916","Aleksandra Ekster","Art Nouveau Modern","data/archive/Art_Nouveau_Modern/aleksandra-ekster_costume-design-for-the-play-famira-kifared-by-innokentiy-annenski-maenad-1916.jpg"
"alexandre-benois_dancer-in-the-procession-of-the-chinese-emperor-costume-design-for-stravinsky-s-opera(1)","Dancer in the procession of the chinese emperor costume design for stravinsky s opera(1)","Alexandre Benois","Art Nouveau Modern","data/archive/Art_Nouveau_Modern/alexandre-benois_dancer-in-the-procession-of-the-chinese-emperor-costume-design-for-stravinsky-s-opera(1).jpg"
"alexandre-benois_military-parade-of-emperor-paul-in-front-of-mikhailovsky-castle-1907(4)","Military parade of emperor paul in front of mikhailovsky castle 1907(4)","Alexandre Benois","Art Nouveau Modern","data/archive/Art_Nouveau_Modern/alexandre-benois_military-parade-of-emperor-paul-in-front-of-mikhailovsky-castle-1907(4).jpg"
"alexandre-benois_petrushka-s-chamber-set-design(1)","Petrushka s chamber set design(1)","Alexandre Benois","Art Nouveau Modern","data/archive/Art_Nouveau_Modern/alexandre-benois_petrushka-s-chamber-set-design(1).jpg"
"alphonse-mucha_amants-1895","Amants 1895","Alphonse Mucha","Art Nouveau Modern","data/archive/Art_Nouveau_Modern/alphonse-mucha_amants-1895.jpg"
"alphonse-mucha_chocolat-ideal-1897","Chocolat ideal 1897","Alphonse Mucha","Art Nouveau Modern","data/archive/Art_Nouveau_Modern/alphonse-mucha_chocolat-ideal-1897.jpg"
"alphonse-mucha_flirt-lefevre-utile-1899","Flirt lefevre utile 1899","Alphonse Mucha","Art Nouveau Modern","data/archive/Art_Nouveau_Modern/alphonse-mucha_flirt-lefevre-utile-1899.jpg"
"alphonse-mucha_lily","Lily","Alphonse Mucha","Art Nouveau Modern","data/archive/Art_Nouveau_Modern/alphonse-mucha_lily.jpg"
"alphonse-mucha_nude-on-a-rock-1899","Nude on a rock 1899","Alphonse Mucha","Art Nouveau Modern","data/archive/Art_Nouveau_Modern/alphonse-mucha_nude-on-a-rock-1899.jpg"
"alphonse-mucha_season","Season","Alphonse Mucha","Art Nouveau Modern","data/archive/Art_Nouveau_Modern/alphonse-mucha_season.jpg"
"alphonse-mucha_the-judgement-of-paris-1895","The judgement of paris 1895","Alphonse Mucha","Art Nouveau Modern","data/archive/Art_Nouveau_Modern/alphonse-mucha_the-judgement-of-paris-1895.jpg"
"alphonse-mucha_zodiac-1896","Zodiac 1896","Alphonse Mucha","Art Nouveau Modern","data/archive/Art_Nouveau_Modern/alphonse-mucha_zodiac-1896.jpg"
"andrei-ryabushkin_nastassja-mikulichna","Nastassja mikulichna","Andrei Ryabushkin","Art Nouveau Modern","data/archive/Art_Nouveau_Modern/andrei-ryabushkin_nastassja-mikulichna.jpg"
"anna-ostroumova-lebedeva_colonnade-of-exchange-and-peter-and-paul-fortress-1907","Colonnade of exchange and peter and paul fortress 1907","Anna Ostroumova Lebedeva","Art Nouveau Modern","data/archive/Art_Nouveau_Modern/anna-ostroumova-lebedeva_colonnade-of-exchange-and-peter-and-paul-fortress-1907.jpg"
"anna-ostroumova-lebedeva_in-the-park-poplar-trees-1902","In the park poplar trees 1902","Anna Ostroumova Lebedeva","Art Nouveau Modern","data/archive/Art_Nouveau_Modern/anna-ostroumova-lebedeva_in-the-park-poplar-trees-1902.jpg"
"anna-ostroumova-lebedeva_pavlovsk-novosilviysky-bridge-1921","Pavlovsk novosilviysky bridge 1921","Anna Ostroumova Lebedeva","Art Nouveau Modern","data/archive/Art_Nouveau_Modern/anna-ostroumova-lebedeva_pavlovsk-novosilviysky-bridge-1921.jpg"
"anna-ostroumova-lebedeva_sea-stones-1902","Sea stones 1902","Anna Ostroumova Lebedeva","Art Nouveau Modern","data/archive/Art_Nouveau_Modern/anna-ostroumova-lebedeva_sea-stones-1902.jpg"
"anna-ostroumova-lebedeva_view-of-the-palace-rain","View of the palace rain","Anna Ostroumova Lebedeva","Art Nouveau Modern","data/archive/Art_Nouveau_Modern/anna-ostroumova-lebedeva_view-of-the-palace-rain.jpg"
"aubrey-beardsley_adulterer-1897","Adulterer 1897","Aubrey Beardsley","Art Nouveau Modern","data/archive/Art_Nouveau_Modern/aubrey-beardsley_adulterer-1897.jpg"
"aubrey-beardsley_black-coffee-1895","Black coffee 1895","Aubrey Beardsley","Art Nouveau Modern","data/archive/Art_Nouveau_Modern/aubrey-beardsley_black-coffee-1895.jpg"
"aubrey-beardsley_creation","Creation","Aubrey Beardsley","Art Nouveau Modern","data/archive/Art_Nouveau_Modern/aubrey-beardsley_creation.jpg"
"aubrey-beardsley_excalibur-in-the-lake","Excalibur in the lake","Aubrey Beardsley","Art Nouveau Modern","data/archive/Art_Nouveau_Modern/aubrey-beardsley_excalibur-in-the-lake.jpg"
"aubrey-beardsley_how-king-mark-and-sir-dinadan-heard-sir-palomides-i","How king mark and sir dinadan heard sir palomides i","Aubrey Beardsley","Art Nouveau Modern","data/archive/Art_Nouveau_Modern/aubrey-beardsley_how-king-mark-and-sir-dinadan-heard-sir-palomides-i.jpg"
"aubrey-beardsley_initial-m-for-ben-jonson-his-valpone","Initial m for ben jonson his valpone","Aubrey Beardsley","Art Nouveau Modern","data/archive/Art_Nouveau_Modern/aubrey-beardsley_initial-m-for-ben-jonson-his-valpone.jpg"
"aubrey-beardsley_masked-woman-with-a-white-mouse","Masked woman with a white mouse","Aubrey Beardsley","Art Nouveau Modern","data/archive/Art_Nouveau_Modern/aubrey-beardsley_masked-woman-with-a-white-mouse.jpg"
"aubrey-beardsley_no-7","No 7","Aubrey Beardsley","Art Nouveau Modern","data/archive/Art_Nouveau_Modern/aubrey-beardsley_no-7.jpg"
"aubrey-beardsley_poor-folk-by-dostoievsky","Poor folk by dostoievsky","Aubrey Beardsley","Art Nouveau Modern","data/archive/Art_Nouveau_Modern/aubrey-beardsley_poor-folk-by-dostoievsky.jpg"
"aubrey-beardsley_seated-lady","Seated lady","Aubrey Beardsley","Art Nouveau Modern","data/archive/Art_Nouveau_Modern/aubrey-beardsley_seated-lady.jpg"
"aubrey-beardsley_the-battle-of-the-beaux-and-the-belles-1896","The battle of the beaux and the belles 1896","Aubrey Beardsley","Art Nouveau Modern","data/archive/Art_Nouveau_Modern/aubrey-beardsley_the-battle-of-the-beaux-and-the-belles-1896.jpg"
"aubrey-beardsley_the-fall-of-the-house-of-usher","The fall of the house of usher","Aubrey Beardsley","Art Nouveau Modern","data/archive/Art_Nouveau_Modern/aubrey-beardsley_the-fall-of-the-house-of-usher.jpg"
"aubrey-beardsley_the-murders-in-the-rue-morgue","The murders in the rue morgue","Aubrey Beardsley","Art Nouveau Modern","data/archive/Art_Nouveau_Modern/aubrey-beardsley_the-murders-in-the-rue-morgue.jpg"
"aubrey-beardsley_the-wagnerites","The wagnerites","Aubrey Beardsley","Art Nouveau Modern","data/archive/Art_Nouveau_Modern/aubrey-beardsley_the-wagnerites.jpg"
"aubrey-beardsley_volpone-adoring-his-treasures","Volpone adoring his treasures","Aubrey Beardsley","Art Nouveau Modern","data/archive/Art_Nouveau_Modern/aubrey-beardsley_volpone-adoring-his-treasures.jpg"
"boris-kustodiev_autumn-1924","Autumn 1924","Boris Kustodiev","Art Nouveau Modern","data/archive/Art_Nouveau_Modern/boris-kustodiev_autumn-1924.jpg"
"boris-kustodiev_catching-of-homeless-dogs","Catching of homeless dogs","Boris Kustodiev","Art Nouveau Modern","data/archive/Art_Nouveau_Modern/boris-kustodiev_catching-of-homeless-dogs.jpg"
"boris-kustodiev_english-wonders-buremetr-1926","English wonders buremetr 1926","Boris Kustodiev","Art Nouveau Modern","data/archive/Art_Nouveau_Modern/boris-kustodiev_english-wonders-buremetr-1926.jpg"
"boris-kustodiev_haymaking","Haymaking","Boris Kustodiev","Art Nouveau Modern","data/archive/Art_Nouveau_Modern/boris-kustodiev_haymaking.jpg"
"boris-kustodiev_meeting-easter-day-1917","Meeting easter day 1917","Boris Kustodiev","Art Nouveau Modern","data/archive/Art_Nouveau_Modern/boris-kustodiev_meeting-easter-day-1917.jpg"
"boris-kustodiev_merry-go-round-1920","Merry go round 1920","Boris Kustodiev","Art Nouveau Modern","data/archive/Art_Nouveau_Modern/boris-kustodiev_merry-go-round-1920.jpg"
"boris-kustodiev_picnic-1920","Picnic 1920","Boris Kustodiev","Art Nouveau Modern","data/archive/Art_Nouveau_Modern/boris-kustodiev_picnic-1920.jpg"
"boris-kustodiev_red-tower-of-troitse-sergeevsky-lavra-1912","Red tower of troitse sergeevsky lavra 1912","Boris Kustodiev","Art Nouveau Modern","data/archive/Art_Nouveau_Modern/boris-kustodiev_red-tower-of-troitse-sergeevsky-lavra-1912.jpg"
"boris-kustodiev_shrovetide-1916-1","Shrovetide 1916 1","Boris Kustodiev","Art Nouveau Modern","data/archive/Art_Nouveau_Modern/boris-kustodiev_shrovetide-1916-1.jpg"
"boris-kustodiev_summer-holiday-1922","Summer holiday 1922","Boris Kustodiev","Art Nouveau Modern","data/archive/Art_Nouveau_Modern/boris-kustodiev_summer-holiday-1922.jpg"
"boris-kustodiev_the-priest-1920","The priest 1920","Boris Kustodiev","Art Nouveau Modern","data/archive/Art_Nouveau_Modern/boris-kustodiev_the-priest-1920.jpg"
"boris-kustodiev_village-holiday-autumn-holiday-in-the-village-1914","Village holiday autumn holiday in the village 1914","Boris Kustodiev","Art Nouveau Modern","data/archive/Art_Nouveau_Modern/boris-kustodiev_village-holiday-autumn-holiday-in-the-village-1914.jpg"
"carl-larsson_anna-pettersson(1)","Anna pettersson(1)","Carl Larsson","Art Nouveau Modern","data/archive/Art_Nouveau_Modern/carl-larsson_anna-pettersson(1).jpg"
"carl-larsson_convalescence(1)","Convalescence(1)","Carl Larsson","Art Nouveau Modern","data/archive/Art_Nouveau_Modern/carl-larsson_convalescence(1).jpg"
"carl-larsson_in-the-corner-1894(1)","In the corner 1894(1)","Carl Larsson","Art Nouveau Modern","data/archive/Art_Nouveau_Modern/carl-larsson_in-the-corner-1894(1).jpg"
"carl-larsson_los-deberes-1898(1)","Los deberes 1898(1)","Carl Larsson","Art Nouveau Modern","data/archive/Art_Nouveau_Modern/carl-larsson_los-deberes-1898(1).jpg"
"carl-larsson_plowing(1)","Plowing(1)","Carl Larsson","Art Nouveau Modern","data/archive/Art_Nouveau_Modern/carl-larsson_plowing(1).jpg"
"carl-larsson_the-cottage(1)","The cottage(1)","Carl Larsson","Art Nouveau Modern","data/archive/Art_Nouveau_Modern/carl-larsson_the-cottage(1).jpg"
"carl-larsson_ulf-and-pontus-1894(1)","Ulf and pontus 1894(1)","Carl Larsson","Art Nouveau Modern","data/archive/Art_Nouveau_Modern/carl-larsson_ulf-and-pontus-1894(1).jpg"
"carlos-saenz-de-tejada_scene-of-vested-interests-tables-i-1950","Scene of vested interests tables i 1950","Carlos Saenz De Tejada","Art Nouveau Modern","data/archive/Art_Nouveau_Modern/carlos-saenz-de-tejada_scene-of-vested-interests-tables-i-1950.jpg"
"carlos-saenz-de-tejada_the-life-of-st-ignatius-loyola-plate-9-after-their-solemn-vows-at-the-basilica-of-st-paul","The life of st ignatius loyola plate 9 after their solemn vows at the basilica of st paul","Carlos Saenz De Tejada","Art Nouveau Modern","data/archive/Art_Nouveau_Modern/carlos-saenz-de-tejada_the-life-of-st-ignatius-loyola-plate-9-after-their-solemn-vows-at-the-basilica-of-st-paul.jpg"
"edmund-dulac_all-the-newspapers-in-the-world","All the newspapers in the world","Edmund Dulac","Art Nouveau Modern","data/archive/Art_Nouveau_Modern/edmund-dulac_all-the-newspapers-in-the-world.jpg"
"edmund-dulac_fairy-land","Fairy land","Edmund Dulac","Art Nouveau Modern","data/archive/Art_Nouveau_Modern/edmund-dulac_fairy-land.jpg"
"edmund-dulac_my-zenith-doth-depend-upon-a-most-auspicious-star-from-the-tempest","My zenith doth depend upon a most auspicious star from the tempest","Edmund Dulac","Art Nouveau Modern","data/archive/Art_Nouveau_Modern/edmund-dulac_my-zenith-doth-depend-upon-a-most-auspicious-star-from-the-tempest.jpg"
"edmund-dulac_the-arabian-nights-the-queen-of-the-ebony-isles","The arabian nights the queen of the ebony isles","Edmund Dulac","Art Nouveau Modern","data/archive/Art_Nouveau_Modern/edmund-dulac_the-arabian-nights-the-queen-of-the-ebony-isles.jpg"
"edmund-dulac_the-little-mermaid-the-merman-king","The little mermaid the merman king","Edmund Dulac","Art Nouveau Modern","data/archive/Art_Nouveau_Modern/edmund-dulac_the-little-mermaid-the-merman-king.jpg"
"edmund-dulac_the-snow-queen-on-the-throne-of-ice","The snow queen on the throne of ice","Edmund Dulac","Art Nouveau Modern","data/archive/Art_Nouveau_Modern/edmund-dulac_the-snow-queen-on-the-throne-of-ice.jpg"
"egon-schiele_house-on-a-river-old-house-i-1915","House on a river old house i 1915","Egon Schiele","Art Nouveau Modern","data/archive/Art_Nouveau_Modern/egon-schiele_house-on-a-river-old-house-i-1915.jpg"
"egon-schiele_portrait-of-marga-boerner-1917","Portrait of marga boerner 1917","Egon Schiele","Art Nouveau Modern","data/archive/Art_Nouveau_Modern/egon-schiele_portrait-of-marga-boerner-1917.jpg"
"egon-schiele_standing-girl-in-a-plaid-garment","Standing girl in a plaid garment","Egon Schiele","Art Nouveau Modern","data/archive/Art_Nouveau_Modern/egon-schiele_standing-girl-in-a-plaid-garment.jpg"
"egon-schiele_woodland-prayer-1915","Woodland prayer 1915","Egon Schiele","Art Nouveau Modern","data/archive/Art_Nouveau_Modern/egon-schiele_woodland-prayer-1915.jpg"
"eliseu-visconti_selo-300-reis","Selo 300 reis","Eliseu Visconti","Art Nouveau Modern","data/archive/Art_Nouveau_Modern/eliseu-visconti_selo-300-reis.jpg"
"eug├г┬иne-grasset_jeanne-d-arc-sarah-bernhardt","Jeanne d arc sarah bernhardt","Eug├г┬иne Grasset","Art Nouveau Modern","data/archive/Art_Nouveau_Modern/eug├г┬иne-grasset_jeanne-d-arc-sarah-bernhardt.jpg"
"eug├г┬иne-grasset_librairie-romantique","Librairie romantique","Eug├г┬иne Grasset","Art Nouveau Modern","data/archive/Art_Nouveau_Modern/eug├г┬иne-grasset_librairie-romantique.jpg"
"felix-vallotton_british-poet-alfred-douglas-1896","British poet alfred douglas 1896","Felix Vallotton","Art Nouveau Modern","data/archive/Art_Nouveau_Modern/felix-vallotton_british-poet-alfred-douglas-1896.jpg"
"felix-vallotton_german-philosopher-arthur-schopenhauer-1896","German philosopher arthur schopenhauer 1896","Felix Vallotton","Art Nouveau Modern","data/archive/Art_Nouveau_Modern/felix-vallotton_german-philosopher-arthur-schopenhauer-1896.jpg"
"felix-vallotton_portrait-of-belgian-poet-mile-verhaeren-1896","Portrait of belgian poet mile verhaeren 1896","Felix Vallotton","Art Nouveau Modern","data/archive/Art_Nouveau_Modern/felix-vallotton_portrait-of-belgian-poet-mile-verhaeren-1896.jpg"
"felix-vallotton_portrait-of-french-philosopher-and-historian-hippolyte-taine-1897","Portrait of french philosopher and historian hippolyte taine 1897","Felix Vallotton","Art Nouveau Modern","data/archive/Art_Nouveau_Modern/felix-vallotton_portrait-of-french-philosopher-and-historian-hippolyte-taine-1897.jpg"
"felix-vallotton_portrait-of-french-writer-and-playwright-alfred-jarry-1901","Portrait of french writer and playwright alfred jarry 1901","Felix Vallotton","Art Nouveau Modern","data/archive/Art_Nouveau_Modern/felix-vallotton_portrait-of-french-writer-and-playwright-alfred-jarry-1901.jpg"
"felix-vallotton_portrait-of-french-writer-jean-lorrain-1898","Portrait of french writer jean lorrain 1898","Felix Vallotton","Art Nouveau Modern","data/archive/Art_Nouveau_Modern/felix-vallotton_portrait-of-french-writer-jean-lorrain-1898.jpg"
"felix-vallotton_portrait-of-french-writer-victor-charbonnel-1898","Portrait of french writer victor charbonnel 1898","Felix Vallotton","Art Nouveau Modern","data/archive/Art_Nouveau_Modern/felix-vallotton_portrait-of-french-writer-victor-charbonnel-1898.jpg"
"felix-vallotton_russian-political-writer-alexander-herzen-1895","Russian political writer alexander herzen 1895","Felix Vallotton","Art Nouveau Modern","data/archive/Art_Nouveau_Modern/felix-vallotton_russian-political-writer-alexander-herzen-1895.jpg"
"ferdinand-hodler_ahasver-1910","Ahasver 1910","Ferdinand Hodler","Art Nouveau Modern","data/archive/Art_Nouveau_Modern/ferdinand-hodler_ahasver-1910.jpg"
"ferdinand-hodler_jenenser-student-1908","Jenenser student 1908","Ferdinand Hodler","Art Nouveau Modern","data/archive/Art_Nouveau_Modern/ferdinand-hodler_jenenser-student-1908.jpg"
"ferdinand-hodler_portrait-of-willy-russ-1911","Portrait of willy russ 1911","Ferdinand Hodler","Art Nouveau Modern","data/archive/Art_Nouveau_Modern/ferdinand-hodler_portrait-of-willy-russ-1911.jpg"
"ferdinand-hodler_spring-1901","Spring 1901","Ferdinand Hodler","Art Nouveau Modern","data/archive/Art_Nouveau_Modern/ferdinand-hodler_spring-1901.jpg"
"ferdinand-hodler_the-german-students-in-the-war-of-liberation-of-1813-1908-2","The german students in the war of liberation of 1813 1908 2","Ferdinand Hodler","Art Nouveau Modern","data/archive/Art_Nouveau_Modern/ferdinand-hodler_the-german-students-in-the-war-of-liberation-of-1813-1908-2.jpg"
"ferdinand-hodler_thun-stockhornkette-1910-1","Thun stockhornkette 1910 1","Ferdinand Hodler","Art Nouveau Modern","data/archive/Art_Nouveau_Modern/ferdinand-hodler_thun-stockhornkette-1910-1.jpg"
"ferdinand-hodler_woman-in-ecstasy-1911","Woman in ecstasy 1911","Ferdinand Hodler","Art Nouveau Modern","data/archive/Art_Nouveau_Modern/ferdinand-hodler_woman-in-ecstasy-1911.jpg"
"filipp-malyavin_peasant-girl-knitting-a-stocking-1895","Peasant girl knitting a stocking 1895","Filipp Malyavin","Art Nouveau Modern","data/archive/Art_Nouveau_Modern/filipp-malyavin_peasant-girl-knitting-a-stocking-1895.jpg"
"frank-johnston_patterned-hillside-1918","Patterned hillside 1918","Frank Johnston","Art Nouveau Modern","data/archive/Art_Nouveau_Modern/frank-johnston_patterned-hillside-1918.jpg"
"franklin-carmichael_island-georgian-bay","Island georgian bay","Franklin Carmichael","Art Nouveau Modern","data/archive/Art_Nouveau_Modern/franklin-carmichael_island-georgian-bay.jpg"
"frantisek-kupka_crimson-1908","Crimson 1908","Frantisek Kupka","Art Nouveau Modern","data/archive/Art_Nouveau_Modern/frantisek-kupka_crimson-1908.jpg"
"georges-lemmen_carnival-the-carousel","Carnival the carousel","Georges Lemmen","Art Nouveau Modern","data/archive/Art_Nouveau_Modern/georges-lemmen_carnival-the-carousel.jpg"
"gustav-klimt_cartoon-for-the-frieze-of-the-villa-stoclet-in-brussels-right-part-of-the-tree-of-life-1909","Cartoon for the frieze of the villa stoclet in brussels right part of the tree of life 1909","Gustav Klimt","Art Nouveau Modern","data/archive/Art_Nouveau_Modern/gustav-klimt_cartoon-for-the-frieze-of-the-villa-stoclet-in-brussels-right-part-of-the-tree-of-life-1909.jpg"
"gustav-klimt_female-nude","Female nude","Gustav Klimt","Art Nouveau Modern","data/archive/Art_Nouveau_Modern/gustav-klimt_female-nude.jpg"
"gustav-klimt_lady-with-fan-1918","Lady with fan 1918","Gustav Klimt","Art Nouveau Modern","data/archive/Art_Nouveau_Modern/gustav-klimt_lady-with-fan-1918.jpg"
"gustav-klimt_portrait-of-adele-bloch-bauer-ii-1912","Portrait of adele bloch bauer ii 1912","Gustav Klimt","Art Nouveau Modern","data/archive/Art_Nouveau_Modern/gustav-klimt_portrait-of-adele-bloch-bauer-ii-1912.jpg"
"gustav-klimt_the-beethoven-frieze-the-hostile-powers-left-part-detail","The beethoven frieze the hostile powers left part detail","Gustav Klimt","Art Nouveau Modern","data/archive/Art_Nouveau_Modern/gustav-klimt_the-beethoven-frieze-the-hostile-powers-left-part-detail.jpg"
"gustav-klimt_tragedy","Tragedy","Gustav Klimt","Art Nouveau Modern","data/archive/Art_Nouveau_Modern/gustav-klimt_tragedy.jpg"
"henri-de-toulouse-lautrec_at-the-moulin-rouge-la-goulue-with-her-sister-1892","At the moulin rouge la goulue with her sister 1892","Henri De Toulouse Lautrec","Art Nouveau Modern","data/archive/Art_Nouveau_Modern/henri-de-toulouse-lautrec_at-the-moulin-rouge-la-goulue-with-her-sister-1892.jpg"
"henri-de-toulouse-lautrec_coverage-of-the-original-print-1893","Coverage of the original print 1893","Henri De Toulouse Lautrec","Art Nouveau Modern","data/archive/Art_Nouveau_Modern/henri-de-toulouse-lautrec_coverage-of-the-original-print-1893.jpg"
"henri-de-toulouse-lautrec_horsemen-riding-in-the-bois-de-boulogne-1888","Horsemen riding in the bois de boulogne 1888","Henri De Toulouse Lautrec","Art Nouveau Modern","data/archive/Art_Nouveau_Modern/henri-de-toulouse-lautrec_horsemen-riding-in-the-bois-de-boulogne-1888.jpg"
"henri-de-toulouse-lautrec_la-goulue-and-paul-lescau-1894","La goulue and paul lescau 1894","Henri De Toulouse Lautrec","Art Nouveau Modern","data/archive/Art_Nouveau_Modern/henri-de-toulouse-lautrec_la-goulue-and-paul-lescau-1894.jpg"
"henri-de-toulouse-lautrec_miss-may-milton-from-le-rire","Miss may milton from le rire","Henri De Toulouse Lautrec","Art Nouveau Modern","data/archive/Art_Nouveau_Modern/henri-de-toulouse-lautrec_miss-may-milton-from-le-rire.jpg"
"henri-de-toulouse-lautrec_the-ballet-papa-chrysanth-me-1892","The ballet papa chrysanth me 1892","Henri De Toulouse Lautrec","Art Nouveau Modern","data/archive/Art_Nouveau_Modern/henri-de-toulouse-lautrec_the-ballet-papa-chrysanth-me-1892.jpg"
"henri-de-toulouse-lautrec_the-motograph-1898","The motograph 1898","Henri De Toulouse Lautrec","Art Nouveau Modern","data/archive/Art_Nouveau_Modern/henri-de-toulouse-lautrec_the-motograph-1898.jpg"
"henri-de-toulouse-lautrec_woman-lying-on-her-back-both-arms-raised-1895","Woman lying on her back both arms raised 1895","Henri De Toulouse Lautrec","Art Nouveau Modern","data/archive/Art_Nouveau_Modern/henri-de-toulouse-lautrec_woman-lying-on-her-back-both-arms-raised-1895.jpg"
"heorhiy-narbut_church-of-the-nativity-of-the-blessed-virgin-in-the-village-khokhlovka-chernigov-region-1912","Church of the nativity of the blessed virgin in the village khokhlovka chernigov region 1912","Heorhiy Narbut","Art Nouveau Modern","data/archive/Art_Nouveau_Modern/heorhiy-narbut_church-of-the-nativity-of-the-blessed-virgin-in-the-village-khokhlovka-chernigov-region-1912.jpg"
"heorhiy-narbut_design-of-hundred-hryvnias-bill-1918","Design of hundred hryvnias bill 1918","Heorhiy Narbut","Art Nouveau Modern","data/archive/Art_Nouveau_Modern/heorhiy-narbut_design-of-hundred-hryvnias-bill-1918.jpg"
"heorhiy-narbut_illustration-for-aeneid-by-i-kotlyarevsky-1919","Illustration for aeneid by i kotlyarevsky 1919","Heorhiy Narbut","Art Nouveau Modern","data/archive/Art_Nouveau_Modern/heorhiy-narbut_illustration-for-aeneid-by-i-kotlyarevsky-1919.jpg"
"heorhiy-narbut_illustration-to-the-crane-and-heron-bear-1906-1","Illustration to the crane and heron bear 1906 1","Heorhiy Narbut","Art Nouveau Modern","data/archive/Art_Nouveau_Modern/heorhiy-narbut_illustration-to-the-crane-and-heron-bear-1906-1.jpg"
"heorhiy-narbut_illustration-to-wooden-eagle-1909-1","Illustration to wooden eagle 1909 1","Heorhiy Narbut","Art Nouveau Modern","data/archive/Art_Nouveau_Modern/heorhiy-narbut_illustration-to-wooden-eagle-1909-1.jpg"
"heorhiy-narbut_portrait-of-b-khmelnitsky","Portrait of b khmelnitsky","Heorhiy Narbut","Art Nouveau Modern","data/archive/Art_Nouveau_Modern/heorhiy-narbut_portrait-of-b-khmelnitsky.jpg"
"heorhiy-narbut_sheet-s-from-the-album-ukrainian-alphabet-1917","Sheet s from the album ukrainian alphabet 1917","Heorhiy Narbut","Art Nouveau Modern","data/archive/Art_Nouveau_Modern/heorhiy-narbut_sheet-s-from-the-album-ukrainian-alphabet-1917.jpg"
"ivan-bilibin_big-pine-1929(1)","Big pine 1929(1)","Ivan Bilibin","Art Nouveau Modern","data/archive/Art_Nouveau_Modern/ivan-bilibin_big-pine-1929(1).jpg"
"ivan-bilibin_concert-poster(1)","Concert poster(1)","Ivan Bilibin","Art Nouveau Modern","data/archive/Art_Nouveau_Modern/ivan-bilibin_concert-poster(1).jpg"
"ivan-bilibin_cover-of-art-of-printing-1900(1)","Cover of art of printing 1900(1)","Ivan Bilibin","Art Nouveau Modern","data/archive/Art_Nouveau_Modern/ivan-bilibin_cover-of-art-of-printing-1900(1).jpg"
"ivan-bilibin_egypt-pyramids-1924(1)","Egypt pyramids 1924(1)","Ivan Bilibin","Art Nouveau Modern","data/archive/Art_Nouveau_Modern/ivan-bilibin_egypt-pyramids-1924(1).jpg"
"ivan-bilibin_illustration-for-alexander-pushkin-s-fairytale-of-the-tsar-saltan-1905-5(1)","Illustration for alexander pushkin s fairytale of the tsar saltan 1905 5(1)","Ivan Bilibin","Art Nouveau Modern","data/archive/Art_Nouveau_Modern/ivan-bilibin_illustration-for-alexander-pushkin-s-fairytale-of-the-tsar-saltan-1905-5(1).jpg"
"ivan-bilibin_illustration-for-the-epic-volga-and-mikula-1913(1)","Illustration for the epic volga and mikula 1913(1)","Ivan Bilibin","Art Nouveau Modern","data/archive/Art_Nouveau_Modern/ivan-bilibin_illustration-for-the-epic-volga-and-mikula-1913(1).jpg"
"ivan-bilibin_illustration-for-the-historical-revolutionary-almanac-of-publisher-rosehip-1906(1)","Illustration for the historical revolutionary almanac of publisher rosehip 1906(1)","Ivan Bilibin","Art Nouveau Modern","data/archive/Art_Nouveau_Modern/ivan-bilibin_illustration-for-the-historical-revolutionary-almanac-of-publisher-rosehip-1906(1).jpg"
"ivan-bilibin_illustration-for-the-poem-the-tale-of-the-golden-cockerel-by-alexander-pushkin-1906(1)","Illustration for the poem the tale of the golden cockerel by alexander pushkin 1906(1)","Ivan Bilibin","Art Nouveau Modern","data/archive/Art_Nouveau_Modern/ivan-bilibin_illustration-for-the-poem-the-tale-of-the-golden-cockerel-by-alexander-pushkin-1906(1).jpg"
"ivan-bilibin_illustration-for-the-russian-fairy-story-maria-morevna-1900-2(1)","Illustration for the russian fairy story maria morevna 1900 2(1)","Ivan Bilibin","Art Nouveau Modern","data/archive/Art_Nouveau_Modern/ivan-bilibin_illustration-for-the-russian-fairy-story-maria-morevna-1900-2(1).jpg"
"ivan-bilibin_illustration-for-the-russian-fairy-story-the-frog-princess-1899-2","Illustration for the russian fairy story the frog princess 1899 2","Ivan Bilibin","Art Nouveau Modern","data/archive/Art_Nouveau_Modern/ivan-bilibin_illustration-for-the-russian-fairy-story-the-frog-princess-1899-2.jpg"
"ivan-bilibin_illustration-for-the-tale-of-prince-ivan-the-firebird-and-the-grey-wolf-1899-7","Illustration for the tale of prince ivan the firebird and the grey wolf 1899 7","Ivan Bilibin","Art Nouveau Modern","data/archive/Art_Nouveau_Modern/ivan-bilibin_illustration-for-the-tale-of-prince-ivan-the-firebird-and-the-grey-wolf-1899-7.jpg"
"ivan-bilibin_mushroom-1900","Mushroom 1900","Ivan Bilibin","Art Nouveau Modern","data/archive/Art_Nouveau_Modern/ivan-bilibin_mushroom-1900.jpg"
"ivan-bilibin_program-of-the-russian-symphony-concerts-1905","Program of the russian symphony concerts 1905","Ivan Bilibin","Art Nouveau Modern","data/archive/Art_Nouveau_Modern/ivan-bilibin_program-of-the-russian-symphony-concerts-1905.jpg"
"ivan-bilibin_sketch-for-the-opera-the-golden-cockerel-by-nikolai-rimsky-korsakov-1909","Sketch for the opera the golden cockerel by nikolai rimsky korsakov 1909","Ivan Bilibin","Art Nouveau Modern","data/archive/Art_Nouveau_Modern/ivan-bilibin_sketch-for-the-opera-the-golden-cockerel-by-nikolai-rimsky-korsakov-1909.jpg"
"ivan-bilibin_the-death-of-ivan-the-terrible-1935","The death of ivan the terrible 1935","Ivan Bilibin","Art Nouveau Modern","data/archive/Art_Nouveau_Modern/ivan-bilibin_the-death-of-ivan-the-terrible-1935.jpg"
"ivan-milev_portrait-of-anna-kamenova-1924","Portrait of anna kamenova 1924","Ivan Milev","Art Nouveau Modern","data/archive/Art_Nouveau_Modern/ivan-milev_portrait-of-anna-kamenova-1924.jpg"
"j.-e.-h.-macdonald_mist-fantasy","Mist fantasy","J. E. H. Macdonald","Art Nouveau Modern","data/archive/Art_Nouveau_Modern/j.-e.-h.-macdonald_mist-fantasy.jpg"
"j.-e.-h.-macdonald_valley-and-stream-oesa-trail-lake-o-hara-1930","Valley and stream oesa trail lake o hara 1930","J. E. H. Macdonald","Art Nouveau Modern","data/archive/Art_Nouveau_Modern/j.-e.-h.-macdonald_valley-and-stream-oesa-trail-lake-o-hara-1930.jpg"
"jacek-malczewski_death-1902","Death 1902","Jacek Malczewski","Art Nouveau Modern","data/archive/Art_Nouveau_Modern/jacek-malczewski_death-1902.jpg"
"jacek-malczewski_my-models","My models","Jacek Malczewski","Art Nouveau Modern","data/archive/Art_Nouveau_Modern/jacek-malczewski_my-models.jpg"
"jacek-malczewski_portrait-of-feliks-jasienski","Portrait of feliks jasienski","Jacek Malczewski","Art Nouveau Modern","data/archive/Art_Nouveau_Modern/jacek-malczewski_portrait-of-feliks-jasienski.jpg"
"jacek-malczewski_self-portrait-vistula-river-behind","Self portrait vistula river behind","Jacek Malczewski","Art Nouveau Modern","data/archive/Art_Nouveau_Modern/jacek-malczewski_self-portrait-vistula-river-behind.jpg"
"jacek-malczewski_the-story-of-a-song-portrait-of-adam-asnyk-1899","The story of a song portrait of adam asnyk 1899","Jacek Malczewski","Art Nouveau Modern","data/archive/Art_Nouveau_Modern/jacek-malczewski_the-story-of-a-song-portrait-of-adam-asnyk-1899.jpg"
"jacques-villon_the-parisian-1902","The parisian 1902","Jacques Villon","Art Nouveau Modern","data/archive/Art_Nouveau_Modern/jacques-villon_the-parisian-1902.jpg"
"jose-de-almada-negreiros_capa-da-revista-contempor-nea-1915","Capa da revista contempor nea 1915","Jose De Almada Negreiros","Art Nouveau Modern","data/archive/Art_Nouveau_Modern/jose-de-almada-negreiros_capa-da-revista-contempor-nea-1915.jpg"
"jozsef-rippl-ronai_woman-with-a-chinese-cup-1920","Woman with a chinese cup 1920","Jozsef Rippl Ronai","Art Nouveau Modern","data/archive/Art_Nouveau_Modern/jozsef-rippl-ronai_woman-with-a-chinese-cup-1920.jpg"
"jules-cheret_jardin-de-paris-f-te-de-nuit-bal-1896","Jardin de paris f te de nuit bal 1896","Jules Cheret","Art Nouveau Modern","data/archive/Art_Nouveau_Modern/jules-cheret_jardin-de-paris-f-te-de-nuit-bal-1896.jpg"
"jules-cheret_yvette-guilbert-1891","Yvette guilbert 1891","Jules Cheret","Art Nouveau Modern","data/archive/Art_Nouveau_Modern/jules-cheret_yvette-guilbert-1891.jpg"
"kay-nielsen_in-powder-and-crinoline-1912-1","In powder and crinoline 1912 1","Kay Nielsen","Art Nouveau Modern","data/archive/Art_Nouveau_Modern/kay-nielsen_in-powder-and-crinoline-1912-1.jpg"
"kay-nielsen_the-flying-trunk","The flying trunk","Kay Nielsen","Art Nouveau Modern","data/archive/Art_Nouveau_Modern/kay-nielsen_the-flying-trunk.jpg"
"koloman-moser_allegory-of-ver-sacrum-sketch-of-illustration-to-ver-sacrum-101-1898-p-1-1897","Allegory of ver sacrum sketch of illustration to ver sacrum 101 1898 p 1 1897","Koloman Moser","Art Nouveau Modern","data/archive/Art_Nouveau_Modern/koloman-moser_allegory-of-ver-sacrum-sketch-of-illustration-to-ver-sacrum-101-1898-p-1-1897.jpg"
"koloman-moser_church-am-steinhof-drawing-of-the-angel-in-the-left-side-window-1905","Church am steinhof drawing of the angel in the left side window 1905","Koloman Moser","Art Nouveau Modern","data/archive/Art_Nouveau_Modern/koloman-moser_church-am-steinhof-drawing-of-the-angel-in-the-left-side-window-1905.jpg"
"koloman-moser_design-for-the-anniversary-stamp-with-austrian-emperor-francis-i-1908","Design for the anniversary stamp with austrian emperor francis i 1908","Koloman Moser","Art Nouveau Modern","data/archive/Art_Nouveau_Modern/koloman-moser_design-for-the-anniversary-stamp-with-austrian-emperor-francis-i-1908.jpg"
"koloman-moser_draft-for-the-space-of-the-austrian-state-printing-house-on-show-in-london-1906","Draft for the space of the austrian state printing house on show in london 1906","Koloman Moser","Art Nouveau Modern","data/archive/Art_Nouveau_Modern/koloman-moser_draft-for-the-space-of-the-austrian-state-printing-house-on-show-in-london-1906.jpg"
"koloman-moser_fabric-design-with-trout-dance-for-backhausen-1899","Fabric design with trout dance for backhausen 1899","Koloman Moser","Art Nouveau Modern","data/archive/Art_Nouveau_Modern/koloman-moser_fabric-design-with-trout-dance-for-backhausen-1899.jpg"
"koloman-moser_hut-in-leysin-1913","Hut in leysin 1913","Koloman Moser","Art Nouveau Modern","data/archive/Art_Nouveau_Modern/koloman-moser_hut-in-leysin-1913.jpg"
"koloman-moser_picture-book-for-the-niece-of-ditha-mautner-von-markhof-1904-10","Picture book for the niece of ditha mautner von markhof 1904 10","Koloman Moser","Art Nouveau Modern","data/archive/Art_Nouveau_Modern/koloman-moser_picture-book-for-the-niece-of-ditha-mautner-von-markhof-1904-10.jpg"
"koloman-moser_postcard-to-carl-moll-ver-sacrum-1897","Postcard to carl moll ver sacrum 1897","Koloman Moser","Art Nouveau Modern","data/archive/Art_Nouveau_Modern/koloman-moser_postcard-to-carl-moll-ver-sacrum-1897.jpg"
"koloman-moser_serpentine-dancer-poster-design-for-lois-fuller","Serpentine dancer poster design for lois fuller","Koloman Moser","Art Nouveau Modern","data/archive/Art_Nouveau_Modern/koloman-moser_serpentine-dancer-poster-design-for-lois-fuller.jpg"
"koloman-moser_standing-youth","Standing youth","Koloman Moser","Art Nouveau Modern","data/archive/Art_Nouveau_Modern/koloman-moser_standing-youth.jpg"
"koloman-moser_view-of-strains","View of strains","Koloman Moser","Art Nouveau Modern","data/archive/Art_Nouveau_Modern/koloman-moser_view-of-strains.jpg"
"konstantin-korovin_konchakovna","Konchakovna","Konstantin Korovin","Art Nouveau Modern","data/archive/Art_Nouveau_Modern/konstantin-korovin_konchakovna.jpg"
"konstantin-korovin_sketch-for-the-opera-the-tale-of-tsar-saltan-by-nikolai-rimsky-korsakov-1913","Sketch for the opera the tale of tsar saltan by nikolai rimsky korsakov 1913","Konstantin Korovin","Art Nouveau Modern","data/archive/Art_Nouveau_Modern/konstantin-korovin_sketch-for-the-opera-the-tale-of-tsar-saltan-by-nikolai-rimsky-korsakov-1913.jpg"
"konstantin-korovin_we-ship-encampments-1900","We ship encampments 1900","Konstantin Korovin","Art Nouveau Modern","data/archive/Art_Nouveau_Modern/konstantin-korovin_we-ship-encampments-1900.jpg"
"konstantin-somov_open-door-on-a-garden","Open door on a garden","Konstantin Somov","Art Nouveau Modern","data/archive/Art_Nouveau_Modern/konstantin-somov_open-door-on-a-garden.jpg"
"konstantin-somov_versailles-park-in-autumn","Versailles park in autumn","Konstantin Somov","Art Nouveau Modern","data/archive/Art_Nouveau_Modern/konstantin-somov_versailles-park-in-autumn.jpg"
"lawren-harris_pic-island-lake-superior-1924","Pic island lake superior 1924","Lawren Harris","Art Nouveau Modern","data/archive/Art_Nouveau_Modern/lawren-harris_pic-island-lake-superior-1924.jpg"
"leon-bakst_costume-design-for-a-bacchante-in-narcisse-by-tcherepnin-1911","Costume design for a bacchante in narcisse by tcherepnin 1911","Leon Bakst","Art Nouveau Modern","data/archive/Art_Nouveau_Modern/leon-bakst_costume-design-for-a-bacchante-in-narcisse-by-tcherepnin-1911.jpg"
"leon-bakst_fantasy-on-modern-costume-1910","Fantasy on modern costume 1910","Leon Bakst","Art Nouveau Modern","data/archive/Art_Nouveau_Modern/leon-bakst_fantasy-on-modern-costume-1910.jpg"
"leon-bakst_le-dieu-bleu-a-pilgrim-1912","Le dieu bleu a pilgrim 1912","Leon Bakst","Art Nouveau Modern","data/archive/Art_Nouveau_Modern/leon-bakst_le-dieu-bleu-a-pilgrim-1912.jpg"
"leon-bakst_narcisse-the-nymph-echo-1911","Narcisse the nymph echo 1911","Leon Bakst","Art Nouveau Modern","data/archive/Art_Nouveau_Modern/leon-bakst_narcisse-the-nymph-echo-1911.jpg"
"leon-bakst_sadko-one-of-the-chorus-1917","Sadko one of the chorus 1917","Leon Bakst","Art Nouveau Modern","data/archive/Art_Nouveau_Modern/leon-bakst_sadko-one-of-the-chorus-1917.jpg"
"leon-bakst_the-firebird-1910","The firebird 1910","Leon Bakst","Art Nouveau Modern","data/archive/Art_Nouveau_Modern/leon-bakst_the-firebird-1910.jpg"
"max-kurzweil_lady-in-yellow-1899","Lady in yellow 1899","Max Kurzweil","Art Nouveau Modern","data/archive/Art_Nouveau_Modern/max-kurzweil_lady-in-yellow-1899.jpg"
"michel-simonidy_forest-edge-in-france","Forest edge in france","Michel Simonidy","Art Nouveau Modern","data/archive/Art_Nouveau_Modern/michel-simonidy_forest-edge-in-france.jpg"
"michel-simonidy_winter-perfume-1902","Winter perfume 1902","Michel Simonidy","Art Nouveau Modern","data/archive/Art_Nouveau_Modern/michel-simonidy_winter-perfume-1902.jpg"
"mikhail-vrubel_archangel-gabriel-1885","Archangel gabriel 1885","Mikhail Vrubel","Art Nouveau Modern","data/archive/Art_Nouveau_Modern/mikhail-vrubel_archangel-gabriel-1885.jpg"
"mikhail-vrubel_mikula-selianinovich","Mikula selianinovich","Mikhail Vrubel","Art Nouveau Modern","data/archive/Art_Nouveau_Modern/mikhail-vrubel_mikula-selianinovich.jpg"
"mikhail-vrubel_prince-yuri-costume-design-for-the-opera-the-enchantress-1900","Prince yuri costume design for the opera the enchantress 1900","Mikhail Vrubel","Art Nouveau Modern","data/archive/Art_Nouveau_Modern/mikhail-vrubel_prince-yuri-costume-design-for-the-opera-the-enchantress-1900.jpg"
"mstislav-dobuzhinsky_novgorod-yaroslav-s-court","Novgorod yaroslav s court","Mstislav Dobuzhinsky","Art Nouveau Modern","data/archive/Art_Nouveau_Modern/mstislav-dobuzhinsky_novgorod-yaroslav-s-court.jpg"
"mstislav-dobuzhinsky_vitebsk-1919","Vitebsk 1919","Mstislav Dobuzhinsky","Art Nouveau Modern","data/archive/Art_Nouveau_Modern/mstislav-dobuzhinsky_vitebsk-1919.jpg"
"nicholas-roerich_ancient-life-1904","Ancient life 1904","Nicholas Roerich","Art Nouveau Modern","data/archive/Art_Nouveau_Modern/nicholas-roerich_ancient-life-1904.jpg"
"nicholas-roerich_babariha","Babariha","Nicholas Roerich","Art Nouveau Modern","data/archive/Art_Nouveau_Modern/nicholas-roerich_babariha.jpg"
"nicholas-roerich_boyarin-1921","Boyarin 1921","Nicholas Roerich","Art Nouveau Modern","data/archive/Art_Nouveau_Modern/nicholas-roerich_boyarin-1921.jpg"
"nicholas-roerich_castle-of-king-mark-1912-1","Castle of king mark 1912 1","Nicholas Roerich","Art Nouveau Modern","data/archive/Art_Nouveau_Modern/nicholas-roerich_castle-of-king-mark-1912-1.jpg"
"nicholas-roerich_costume-design-of-a-shipbuilder-for-peer-gynt-1912","Costume design of a shipbuilder for peer gynt 1912","Nicholas Roerich","Art Nouveau Modern","data/archive/Art_Nouveau_Modern/nicholas-roerich_costume-design-of-a-shipbuilder-for-peer-gynt-1912.jpg"
"nicholas-roerich_dragging-portage-1915","Dragging portage 1915","Nicholas Roerich","Art Nouveau Modern","data/archive/Art_Nouveau_Modern/nicholas-roerich_dragging-portage-1915.jpg"
"nicholas-roerich_forest-1912-1","Forest 1912 1","Nicholas Roerich","Art Nouveau Modern","data/archive/Art_Nouveau_Modern/nicholas-roerich_forest-1912-1.jpg"
"nicholas-roerich_girls","Girls","Nicholas Roerich","Art Nouveau Modern","data/archive/Art_Nouveau_Modern/nicholas-roerich_girls.jpg"
"nicholas-roerich_householder-1914","Householder 1914","Nicholas Roerich","Art Nouveau Modern","data/archive/Art_Nouveau_Modern/nicholas-roerich_householder-1914.jpg"
"nicholas-roerich_in-the-nunnery-1914","In the nunnery 1914","Nicholas Roerich","Art Nouveau Modern","data/archive/Art_Nouveau_Modern/nicholas-roerich_in-the-nunnery-1914.jpg"
"nicholas-roerich_kiss-the-earth-1912-3","Kiss the earth 1912 3","Nicholas Roerich","Art Nouveau Modern","data/archive/Art_Nouveau_Modern/nicholas-roerich_kiss-the-earth-1912-3.jpg"
"nicholas-roerich_kurvenal-1912-1","Kurvenal 1912 1","Nicholas Roerich","Art Nouveau Modern","data/archive/Art_Nouveau_Modern/nicholas-roerich_kurvenal-1912-1.jpg"
"nicholas-roerich_man-with-a-horn-1900","Man with a horn 1900","Nicholas Roerich","Art Nouveau Modern","data/archive/Art_Nouveau_Modern/nicholas-roerich_man-with-a-horn-1900.jpg"
"nicholas-roerich_old-arabian-1912","Old arabian 1912","Nicholas Roerich","Art Nouveau Modern","data/archive/Art_Nouveau_Modern/nicholas-roerich_old-arabian-1912.jpg"
"nicholas-roerich_oze-1914","Oze 1914","Nicholas Roerich","Art Nouveau Modern","data/archive/Art_Nouveau_Modern/nicholas-roerich_oze-1914.jpg"
"nicholas-roerich_people-old-man-1913","People old man 1913","Nicholas Roerich","Art Nouveau Modern","data/archive/Art_Nouveau_Modern/nicholas-roerich_people-old-man-1913.jpg"
"nicholas-roerich_prince-igor-1914","Prince igor 1914","Nicholas Roerich","Art Nouveau Modern","data/archive/Art_Nouveau_Modern/nicholas-roerich_prince-igor-1914.jpg"
"nicholas-roerich_putivl-1920","Putivl 1920","Nicholas Roerich","Art Nouveau Modern","data/archive/Art_Nouveau_Modern/nicholas-roerich_putivl-1920.jpg"
"nicholas-roerich_rostov-veliky-hierarch-s-towers-1903","Rostov veliky hierarch s towers 1903","Nicholas Roerich","Art Nouveau Modern","data/archive/Art_Nouveau_Modern/nicholas-roerich_rostov-veliky-hierarch-s-towers-1903.jpg"
"nicholas-roerich_san-gimignano-1906","San gimignano 1906","Nicholas Roerich","Art Nouveau Modern","data/archive/Art_Nouveau_Modern/nicholas-roerich_san-gimignano-1906.jpg"
"nicholas-roerich_shepherd-1912","Shepherd 1912","Nicholas Roerich","Art Nouveau Modern","data/archive/Art_Nouveau_Modern/nicholas-roerich_shepherd-1912.jpg"
"nicholas-roerich_sketch-of-costumes-for-tale-of-tsar-saltan-1919-4","Sketch of costumes for tale of tsar saltan 1919 4","Nicholas Roerich","Art Nouveau Modern","data/archive/Art_Nouveau_Modern/nicholas-roerich_sketch-of-costumes-for-tale-of-tsar-saltan-1919-4.jpg"
"nicholas-roerich_sketches-of-costumes-for-tale-of-tsar-saltan-1919","Sketches of costumes for tale of tsar saltan 1919","Nicholas Roerich","Art Nouveau Modern","data/archive/Art_Nouveau_Modern/nicholas-roerich_sketches-of-costumes-for-tale-of-tsar-saltan-1919.jpg"
"nicholas-roerich_solveig-s-song-hut-in-the-forest-1912","Solveig s song hut in the forest 1912","Nicholas Roerich","Art Nouveau Modern","data/archive/Art_Nouveau_Modern/nicholas-roerich_solveig-s-song-hut-in-the-forest-1912.jpg"
"nicholas-roerich_stone-age-1910","Stone age 1910","Nicholas Roerich","Art Nouveau Modern","data/archive/Art_Nouveau_Modern/nicholas-roerich_stone-age-1910.jpg"
"nicholas-roerich_study-to-sister-beatrice","Study to sister beatrice","Nicholas Roerich","Art Nouveau Modern","data/archive/Art_Nouveau_Modern/nicholas-roerich_study-to-sister-beatrice.jpg"
"nicholas-roerich_the-court-of-prince-vladimir-galitsky-study-of-scene-design-for-prince-igor-1914-3","The court of prince vladimir galitsky study of scene design for prince igor 1914 3","Nicholas Roerich","Art Nouveau Modern","data/archive/Art_Nouveau_Modern/nicholas-roerich_the-court-of-prince-vladimir-galitsky-study-of-scene-design-for-prince-igor-1914-3.jpg"
"nicholas-roerich_the-saints-have-gone-leave-gleb-as-keeper-1920","The saints have gone leave gleb as keeper 1920","Nicholas Roerich","Art Nouveau Modern","data/archive/Art_Nouveau_Modern/nicholas-roerich_the-saints-have-gone-leave-gleb-as-keeper-1920.jpg"
"nicholas-roerich_tmutarakan-1919-1","Tmutarakan 1919 1","Nicholas Roerich","Art Nouveau Modern","data/archive/Art_Nouveau_Modern/nicholas-roerich_tmutarakan-1919-1.jpg"
"nicholas-roerich_uglich-porch-1904","Uglich porch 1904","Nicholas Roerich","Art Nouveau Modern","data/archive/Art_Nouveau_Modern/nicholas-roerich_uglich-porch-1904.jpg"
"nicholas-roerich_vignette-for-book-n-k-roerich-1918-12","Vignette for book n k roerich 1918 12","Nicholas Roerich","Art Nouveau Modern","data/archive/Art_Nouveau_Modern/nicholas-roerich_vignette-for-book-n-k-roerich-1918-12.jpg"
"nicholas-roerich_vignette-for-book-n-k-roerich-1918-4","Vignette for book n k roerich 1918 4","Nicholas Roerich","Art Nouveau Modern","data/archive/Art_Nouveau_Modern/nicholas-roerich_vignette-for-book-n-k-roerich-1918-4.jpg"
"nicholas-roerich_walls-of-kremlin-in-novgorod-1903","Walls of kremlin in novgorod 1903","Nicholas Roerich","Art Nouveau Modern","data/archive/Art_Nouveau_Modern/nicholas-roerich_walls-of-kremlin-in-novgorod-1903.jpg"
"nicholas-roerich_yaroslavna-s-lament-1914","Yaroslavna s lament 1914","Nicholas Roerich","Art Nouveau Modern","data/archive/Art_Nouveau_Modern/nicholas-roerich_yaroslavna-s-lament-1914.jpg"
"otto-eckmann_carpet-design-1898","Carpet design 1898","Otto Eckmann","Art Nouveau Modern","data/archive/Art_Nouveau_Modern/otto-eckmann_carpet-design-1898.jpg"
"otto-eckmann_wallpaper-design-1899","Wallpaper design 1899","Otto Eckmann","Art Nouveau Modern","data/archive/Art_Nouveau_Modern/otto-eckmann_wallpaper-design-1899.jpg"
"pablo-picasso_woman-on-the-street-1901","Woman on the street 1901","Pablo Picasso","Art Nouveau Modern","data/archive/Art_Nouveau_Modern/pablo-picasso_woman-on-the-street-1901.jpg"
"paul-mathiopoulos_portrait-of-sotiris-papastratos","Portrait of sotiris papastratos","Paul Mathiopoulos","Art Nouveau Modern","data/archive/Art_Nouveau_Modern/paul-mathiopoulos_portrait-of-sotiris-papastratos.jpg"
"raphael-kirchner_a-half-of-a-virgin-1901-3","A half of a virgin 1901 3","Raphael Kirchner","Art Nouveau Modern","data/archive/Art_Nouveau_Modern/raphael-kirchner_a-half-of-a-virgin-1901-3.jpg"
"raphael-kirchner_all-healing-6","All healing 6","Raphael Kirchner","Art Nouveau Modern","data/archive/Art_Nouveau_Modern/raphael-kirchner_all-healing-6.jpg"
"raphael-kirchner_bellage-of-sect-1905","Bellage of sect 1905","Raphael Kirchner","Art Nouveau Modern","data/archive/Art_Nouveau_Modern/raphael-kirchner_bellage-of-sect-1905.jpg"
"raphael-kirchner_christmas-pictures-2","Christmas pictures 2","Raphael Kirchner","Art Nouveau Modern","data/archive/Art_Nouveau_Modern/raphael-kirchner_christmas-pictures-2.jpg"
"raphael-kirchner_contemplation","Contemplation","Raphael Kirchner","Art Nouveau Modern","data/archive/Art_Nouveau_Modern/raphael-kirchner_contemplation.jpg"
"raphael-kirchner_erika-1","Erika 1","Raphael Kirchner","Art Nouveau Modern","data/archive/Art_Nouveau_Modern/raphael-kirchner_erika-1.jpg"
"raphael-kirchner_fantasy-1914-1","Fantasy 1914 1","Raphael Kirchner","Art Nouveau Modern","data/archive/Art_Nouveau_Modern/raphael-kirchner_fantasy-1914-1.jpg"
"raphael-kirchner_from-arcadia-2","From arcadia 2","Raphael Kirchner","Art Nouveau Modern","data/archive/Art_Nouveau_Modern/raphael-kirchner_from-arcadia-2.jpg"
"raphael-kirchner_geisha-9","Geisha 9","Raphael Kirchner","Art Nouveau Modern","data/archive/Art_Nouveau_Modern/raphael-kirchner_geisha-9.jpg"
"raphael-kirchner_girls-between-brown-green-borders-1901-7","Girls between brown green borders 1901 7","Raphael Kirchner","Art Nouveau Modern","data/archive/Art_Nouveau_Modern/raphael-kirchner_girls-between-brown-green-borders-1901-7.jpg"
"raphael-kirchner_girls-heads-in-a-circle-1901-4","Girls heads in a circle 1901 4","Raphael Kirchner","Art Nouveau Modern","data/archive/Art_Nouveau_Modern/raphael-kirchner_girls-heads-in-a-circle-1901-4.jpg"
"raphael-kirchner_girls-with-good-luck-charms-2","Girls with good luck charms 2","Raphael Kirchner","Art Nouveau Modern","data/archive/Art_Nouveau_Modern/raphael-kirchner_girls-with-good-luck-charms-2.jpg"
"raphael-kirchner_girls-with-olive-green-surrounds-1901-7","Girls with olive green surrounds 1901 7","Raphael Kirchner","Art Nouveau Modern","data/archive/Art_Nouveau_Modern/raphael-kirchner_girls-with-olive-green-surrounds-1901-7.jpg"
"raphael-kirchner_gluttony","Gluttony","Raphael Kirchner","Art Nouveau Modern","data/archive/Art_Nouveau_Modern/raphael-kirchner_gluttony.jpg"
"raphael-kirchner_greek-virgins-1900-5","Greek virgins 1900 5","Raphael Kirchner","Art Nouveau Modern","data/archive/Art_Nouveau_Modern/raphael-kirchner_greek-virgins-1900-5.jpg"
"raphael-kirchner_hearst-s-sunday-american-1917","Hearst s sunday american 1917","Raphael Kirchner","Art Nouveau Modern","data/archive/Art_Nouveau_Modern/raphael-kirchner_hearst-s-sunday-american-1917.jpg"
"raphael-kirchner_jewellery-1903","Jewellery 1903","Raphael Kirchner","Art Nouveau Modern","data/archive/Art_Nouveau_Modern/raphael-kirchner_jewellery-1903.jpg"
"raphael-kirchner_legendes-1903-1","Legendes 1903 1","Raphael Kirchner","Art Nouveau Modern","data/archive/Art_Nouveau_Modern/raphael-kirchner_legendes-1903-1.jpg"
"raphael-kirchner_love-flowers-1903-5","Love flowers 1903 5","Raphael Kirchner","Art Nouveau Modern","data/archive/Art_Nouveau_Modern/raphael-kirchner_love-flowers-1903-5.jpg"
"raphael-kirchner_maid-of-athens-1900","Maid of athens 1900","Raphael Kirchner","Art Nouveau Modern","data/archive/Art_Nouveau_Modern/raphael-kirchner_maid-of-athens-1900.jpg"
"raphael-kirchner_mayflyes-1904-3","Mayflyes 1904 3","Raphael Kirchner","Art Nouveau Modern","data/archive/Art_Nouveau_Modern/raphael-kirchner_mayflyes-1904-3.jpg"
"raphael-kirchner_new-york-tribune-1916-4","New york tribune 1916 4","Raphael Kirchner","Art Nouveau Modern","data/archive/Art_Nouveau_Modern/raphael-kirchner_new-york-tribune-1916-4.jpg"
"raphael-kirchner_nude-drawings-5","Nude drawings 5","Raphael Kirchner","Art Nouveau Modern","data/archive/Art_Nouveau_Modern/raphael-kirchner_nude-drawings-5.jpg"
"raphael-kirchner_on-holiday","On holiday","Raphael Kirchner","Art Nouveau Modern","data/archive/Art_Nouveau_Modern/raphael-kirchner_on-holiday.jpg"
"raphael-kirchner_portrait-of-girls-with-grey-border-1902","Portrait of girls with grey border 1902","Raphael Kirchner","Art Nouveau Modern","data/archive/Art_Nouveau_Modern/raphael-kirchner_portrait-of-girls-with-grey-border-1902.jpg"
"raphael-kirchner_roma-5","Roma 5","Raphael Kirchner","Art Nouveau Modern","data/archive/Art_Nouveau_Modern/raphael-kirchner_roma-5.jpg"
"raphael-kirchner_scenes-of-ancient-greece-1903-2","Scenes of ancient greece 1903 2","Raphael Kirchner","Art Nouveau Modern","data/archive/Art_Nouveau_Modern/raphael-kirchner_scenes-of-ancient-greece-1903-2.jpg"
"raphael-kirchner_sketch-for-single-items","Sketch for single items","Raphael Kirchner","Art Nouveau Modern","data/archive/Art_Nouveau_Modern/raphael-kirchner_sketch-for-single-items.jpg"
"raphael-kirchner_street-flowers-1899-1","Street flowers 1899 1","Raphael Kirchner","Art Nouveau Modern","data/archive/Art_Nouveau_Modern/raphael-kirchner_street-flowers-1899-1.jpg"
"raphael-kirchner_the-embrace","The embrace","Raphael Kirchner","Art Nouveau Modern","data/archive/Art_Nouveau_Modern/raphael-kirchner_the-embrace.jpg"
"raphael-kirchner_unknown-1906","Unknown 1906","Raphael Kirchner","Art Nouveau Modern","data/archive/Art_Nouveau_Modern/raphael-kirchner_unknown-1906.jpg"
"raphael-kirchner_unknown","Unknown","Raphael Kirchner","Art Nouveau Modern","data/archive/Art_Nouveau_Modern/raphael-kirchner_unknown.jpg"
"raphael-kirchner_ziegfeld-beauty","Ziegfeld beauty","Raphael Kirchner","Art Nouveau Modern","data/archive/Art_Nouveau_Modern/raphael-kirchner_ziegfeld-beauty.jpg"
"serge-sudeikin_christmas-eve","Christmas eve","Serge Sudeikin","Art Nouveau Modern","data/archive/Art_Nouveau_Modern/serge-sudeikin_christmas-eve.jpg"
"serge-sudeikin_draft-for-a-book-cover-nikolai-evreinov-pro-scena-suo-1915","Draft for a book cover nikolai evreinov pro scena suo 1915","Serge Sudeikin","Art Nouveau Modern","data/archive/Art_Nouveau_Modern/serge-sudeikin_draft-for-a-book-cover-nikolai-evreinov-pro-scena-suo-1915.jpg"
"sergey-solomko_age-of-the-great-peter","Age of the great peter","Sergey Solomko","Art Nouveau Modern","data/archive/Art_Nouveau_Modern/sergey-solomko_age-of-the-great-peter.jpg"
"sergey-solomko_caught","Caught","Sergey Solomko","Art Nouveau Modern","data/archive/Art_Nouveau_Modern/sergey-solomko_caught.jpg"
"sergey-solomko_escape","Escape","Sergey Solomko","Art Nouveau Modern","data/archive/Art_Nouveau_Modern/sergey-solomko_escape.jpg"
"sergey-solomko_idyll","Idyll","Sergey Solomko","Art Nouveau Modern","data/archive/Art_Nouveau_Modern/sergey-solomko_idyll.jpg"
"sergey-solomko_nastassja-korolevichna","Nastassja korolevichna","Sergey Solomko","Art Nouveau Modern","data/archive/Art_Nouveau_Modern/sergey-solomko_nastassja-korolevichna.jpg"
"sergey-solomko_proud","Proud","Sergey Solomko","Art Nouveau Modern","data/archive/Art_Nouveau_Modern/sergey-solomko_proud.jpg"
"sergey-solomko_small-chicken-become-great-cocks","Small chicken become great cocks","Sergey Solomko","Art Nouveau Modern","data/archive/Art_Nouveau_Modern/sergey-solomko_small-chicken-become-great-cocks.jpg"
"sergey-solomko_to-the-light-of-science","To the light of science","Sergey Solomko","Art Nouveau Modern","data/archive/Art_Nouveau_Modern/sergey-solomko_to-the-light-of-science.jpg"
"sergey-solomko_young-woman-in-hat","Young woman in hat","Sergey Solomko","Art Nouveau Modern","data/archive/Art_Nouveau_Modern/sergey-solomko_young-woman-in-hat.jpg"
"theodor-severin-kittelsen_first-page-1890","First page 1890","Theodor Severin Kittelsen","Art Nouveau Modern","data/archive/Art_Nouveau_Modern/theodor-severin-kittelsen_first-page-1890.jpg"
"thomas-theodor-heine_cover-illustration-for-the-magazine-simplicissimus-1910","Cover illustration for the magazine simplicissimus 1910","Thomas Theodor Heine","Art Nouveau Modern","data/archive/Art_Nouveau_Modern/thomas-theodor-heine_cover-illustration-for-the-magazine-simplicissimus-1910.jpg"
"thomas-theodor-heine_the-eleven-executioners","The eleven executioners","Thomas Theodor Heine","Art Nouveau Modern","data/archive/Art_Nouveau_Modern/thomas-theodor-heine_the-eleven-executioners.jpg"
"valentin-serov_portrait-of-henrietta-girshman-1906","Portrait of henrietta girshman 1906","Valentin Serov","Art Nouveau Modern","data/archive/Art_Nouveau_Modern/valentin-serov_portrait-of-henrietta-girshman-1906.jpg"
"wilhelm-kotarbinski_a-lady-on-a-marble-bench-in-ancient-rome","A lady on a marble bench in ancient rome","Wilhelm Kotarbinski","Art Nouveau Modern","data/archive/Art_Nouveau_Modern/wilhelm-kotarbinski_a-lady-on-a-marble-bench-in-ancient-rome.jpg"
"wilhelm-kotarbinski_by-the-pond","By the pond","Wilhelm Kotarbinski","Art Nouveau Modern","data/archive/Art_Nouveau_Modern/wilhelm-kotarbinski_by-the-pond.jpg"
"wilhelm-kotarbinski_dream","Dream","Wilhelm Kotarbinski","Art Nouveau Modern","data/archive/Art_Nouveau_Modern/wilhelm-kotarbinski_dream.jpg"
"wilhelm-kotarbinski_good","Good","Wilhelm Kotarbinski","Art Nouveau Modern","data/archive/Art_Nouveau_Modern/wilhelm-kotarbinski_good.jpg"
"wilhelm-kotarbinski_music","Music","Wilhelm Kotarbinski","Art Nouveau Modern","data/archive/Art_Nouveau_Modern/wilhelm-kotarbinski_music.jpg"
"wilhelm-kotarbinski_shooting-star","Shooting star","Wilhelm Kotarbinski","Art Nouveau Modern","data/archive/Art_Nouveau_Modern/wilhelm-kotarbinski_shooting-star.jpg"
"wilhelm-kotarbinski_the-setting-sun","The setting sun","Wilhelm Kotarbinski","Art Nouveau Modern","data/archive/Art_Nouveau_Modern/wilhelm-kotarbinski_the-setting-sun.jpg"
"zinaida-serebriakova_at-breakfast-1914","At breakfast 1914","Zinaida Serebriakova","Art Nouveau Modern","data/archive/Art_Nouveau_Modern/zinaida-serebriakova_at-breakfast-1914.jpg"
"zinaida-serebriakova_girls-neskuchnoye-1913","Girls neskuchnoye 1913","Zinaida Serebriakova","Art Nouveau Modern","data/archive/Art_Nouveau_Modern/zinaida-serebriakova_girls-neskuchnoye-1913.jpg"
"zinaida-serebriakova_katyusha","Katyusha","Zinaida Serebriakova","Art Nouveau Modern","data/archive/Art_Nouveau_Modern/zinaida-serebriakova_katyusha.jpg"
"zinaida-serebriakova_portrait-of-a-ballerina-l-a-ivanova-1921","Portrait of a ballerina l a ivanova 1921","Zinaida Serebriakova","Art Nouveau Modern","data/archive/Art_Nouveau_Modern/zinaida-serebriakova_portrait-of-a-ballerina-l-a-ivanova-1921.jpg"
"zinaida-serebriakova_portrait-of-e-k-lancere-1911","Portrait of e k lancere 1911","Zinaida Serebriakova","Art Nouveau Modern","data/archive/Art_Nouveau_Modern/zinaida-serebriakova_portrait-of-e-k-lancere-1911.jpg"
"zinaida-serebriakova_portrait-of-yekaterina-heidenreich-in-red-1923","Portrait of yekaterina heidenreich in red 1923","Zinaida Serebriakova","Art Nouveau Modern","data/archive/Art_Nouveau_Modern/zinaida-serebriakova_portrait-of-yekaterina-heidenreich-in-red-1923.jpg"
"adriaen-brouwer_father-s-of-unpleasant-duties-1631","Father s of unpleasant duties 1631","Adriaen Brouwer","Baroque","data/archive/Baroque/adriaen-brouwer_father-s-of-unpleasant-duties-1631.jpg"
"adriaen-brouwer_peasants-smoking-and-drinking","Peasants smoking and drinking","Adriaen Brouwer","Baroque","data/archive/Baroque/adriaen-brouwer_peasants-smoking-and-drinking.jpg"
"adriaen-brouwer_the-smokers-1","The smokers 1","Adriaen Brouwer","Baroque","data/archive/Baroque/adriaen-brouwer_the-smokers-1.jpg"
"adriaen-van-de-velde_cattle-and-goats-in-a-meadow-1658","Cattle and goats in a meadow 1658","Adriaen Van De Velde","Baroque","data/archive/Baroque/adriaen-van-de-velde_cattle-and-goats-in-a-meadow-1658.jpg"
"adriaen-van-de-velde_the-beach-at-scheveningen-1658","The beach at scheveningen 1658","Adriaen Van De Velde","Baroque","data/archive/Baroque/adriaen-van-de-velde_the-beach-at-scheveningen-1658.jpg"
"adriaen-van-de-venne_allegory-depicting-the-pacification-of-ghent","Allegory depicting the pacification of ghent","Adriaen Van De Venne","Baroque","data/archive/Baroque/adriaen-van-de-venne_allegory-depicting-the-pacification-of-ghent.jpg"
"adriaen-van-de-venne_maurice-1567-1625-prince-of-orange-lying-in-state","Maurice 1567 1625 prince of orange lying in state","Adriaen Van De Venne","Baroque","data/archive/Baroque/adriaen-van-de-venne_maurice-1567-1625-prince-of-orange-lying-in-state.jpg"
"adriaen-van-ostade_a-peasant-in-a-red-beret-smoking-a-pipe","A peasant in a red beret smoking a pipe","Adriaen Van Ostade","Baroque","data/archive/Baroque/adriaen-van-ostade_a-peasant-in-a-red-beret-smoking-a-pipe.jpg"
"adriaen-van-ostade_feasting-peasants-in-a-tavern","Feasting peasants in a tavern","Adriaen Van Ostade","Baroque","data/archive/Baroque/adriaen-van-ostade_feasting-peasants-in-a-tavern.jpg"
"adriaen-van-ostade_peasant-at-a-window-1662","Peasant at a window 1662","Adriaen Van Ostade","Baroque","data/archive/Baroque/adriaen-van-ostade_peasant-at-a-window-1662.jpg"
"adriaen-van-ostade_resting-travellers","Resting travellers","Adriaen Van Ostade","Baroque","data/archive/Baroque/adriaen-van-ostade_resting-travellers.jpg"
"adriaen-van-ostade_the-fishmarket","The fishmarket","Adriaen Van Ostade","Baroque","data/archive/Baroque/adriaen-van-ostade_the-fishmarket.jpg"
"adriaen-van-ostade_village-feast","Village feast","Adriaen Van Ostade","Baroque","data/archive/Baroque/adriaen-van-ostade_village-feast.jpg"
"aelbert-cuyp_the-maas-at-dordrecht-in-a-storm-1650","The maas at dordrecht in a storm 1650","Aelbert Cuyp","Baroque","data/archive/Baroque/aelbert-cuyp_the-maas-at-dordrecht-in-a-storm-1650.jpg"
"agostino-carracci_giovanni-gabrielli-il-sivello","Giovanni gabrielli il sivello","Agostino Carracci","Baroque","data/archive/Baroque/agostino-carracci_giovanni-gabrielli-il-sivello.jpg"
"agostino-carracci_polyenos-and-chrisis","Polyenos and chrisis","Agostino Carracci","Baroque","data/archive/Baroque/agostino-carracci_polyenos-and-chrisis.jpg"
"agostino-carracci_the-last-communion-of-st-jerome-1592","The last communion of st jerome 1592","Agostino Carracci","Baroque","data/archive/Baroque/agostino-carracci_the-last-communion-of-st-jerome-1592.jpg"
"aleksey-antropov_portrait-of-anna-vasiliyevna-buturlina","Portrait of anna vasiliyevna buturlina","Aleksey Antropov","Baroque","data/archive/Baroque/aleksey-antropov_portrait-of-anna-vasiliyevna-buturlina.jpg"
"aleksey-antropov_portrait-of-the-lady-in-waiting-a-m-izmaylova","Portrait of the lady in waiting a m izmaylova","Aleksey Antropov","Baroque","data/archive/Baroque/aleksey-antropov_portrait-of-the-lady-in-waiting-a-m-izmaylova.jpg"
"alexey-zubov_the-ceremonial-entry-of-the-russian-troops-to-moscow-on-december-21-1709-after-their-victory-in-1711","The ceremonial entry of the russian troops to moscow on december 21 1709 after their victory in 1711","Alexey Zubov","Baroque","data/archive/Baroque/alexey-zubov_the-ceremonial-entry-of-the-russian-troops-to-moscow-on-december-21-1709-after-their-victory-in-1711.jpg"
"alonzo-cano_maria","Maria","Alonzo Cano","Baroque","data/archive/Baroque/alonzo-cano_maria.jpg"
"annibale-carracci_an-allegory-of-truth-and-time-1585","An allegory of truth and time 1585","Annibale Carracci","Baroque","data/archive/Baroque/annibale-carracci_an-allegory-of-truth-and-time-1585.jpg"
"annibale-carracci_hunting-1588","Hunting 1588","Annibale Carracci","Baroque","data/archive/Baroque/annibale-carracci_hunting-1588.jpg"
"annibale-carracci_portrait-of-giovanni-gabrieli-with-the-lute","Portrait of giovanni gabrieli with the lute","Annibale Carracci","Baroque","data/archive/Baroque/annibale-carracci_portrait-of-giovanni-gabrieli-with-the-lute.jpg"
"annibale-carracci_the-choice-of-heracles","The choice of heracles","Annibale Carracci","Baroque","data/archive/Baroque/annibale-carracci_the-choice-of-heracles.jpg"
"annibale-carracci_translation-of-the-holy-house","Translation of the holy house","Annibale Carracci","Baroque","data/archive/Baroque/annibale-carracci_translation-of-the-holy-house.jpg"
"anthony-van-dyck_an-apostle","An apostle","Anthony Van Dyck","Baroque","data/archive/Baroque/anthony-van-dyck_an-apostle.jpg"
"anthony-van-dyck_crowning-with-thorns-1620","Crowning with thorns 1620","Anthony Van Dyck","Baroque","data/archive/Baroque/anthony-van-dyck_crowning-with-thorns-1620.jpg"
"anthony-van-dyck_golgotha-1630","Golgotha 1630","Anthony Van Dyck","Baroque","data/archive/Baroque/anthony-van-dyck_golgotha-1630.jpg"
"anthony-van-dyck_maria-bosschaerts-wife-of-adriaen-stevens","Maria bosschaerts wife of adriaen stevens","Anthony Van Dyck","Baroque","data/archive/Baroque/anthony-van-dyck_maria-bosschaerts-wife-of-adriaen-stevens.jpg"
"anthony-van-dyck_portrait-of-a-gentleman-putting-on-his-gloves","Portrait of a gentleman putting on his gloves","Anthony Van Dyck","Baroque","data/archive/Baroque/anthony-van-dyck_portrait-of-a-gentleman-putting-on-his-gloves.jpg"
"anthony-van-dyck_portrait-of-an-unknown-woman","Portrait of an unknown woman","Anthony Van Dyck","Baroque","data/archive/Baroque/anthony-van-dyck_portrait-of-an-unknown-woman.jpg"
"anthony-van-dyck_portrait-of-henry-danvers-earl-of-danby-as-a-knight-of-the-order-of-the-garter","Portrait of henry danvers earl of danby as a knight of the order of the garter","Anthony Van Dyck","Baroque","data/archive/Baroque/anthony-van-dyck_portrait-of-henry-danvers-earl-of-danby-as-a-knight-of-the-order-of-the-garter.jpg"
"anthony-van-dyck_portrait-of-porzia-imperiale-and-her-daughter-1628","Portrait of porzia imperiale and her daughter 1628","Anthony Van Dyck","Baroque","data/archive/Baroque/anthony-van-dyck_portrait-of-porzia-imperiale-and-her-daughter-1628.jpg"
"anthony-van-dyck_rinaldo-and-armida-1629","Rinaldo and armida 1629","Anthony Van Dyck","Baroque","data/archive/Baroque/anthony-van-dyck_rinaldo-and-armida-1629.jpg"
"anthony-van-dyck_st-martin-dividing-his-cloak","St martin dividing his cloak","Anthony Van Dyck","Baroque","data/archive/Baroque/anthony-van-dyck_st-martin-dividing-his-cloak.jpg"
"anthony-van-dyck_thomas-killigrew-and-william-lord-crofts-1638","Thomas killigrew and william lord crofts 1638","Anthony Van Dyck","Baroque","data/archive/Baroque/anthony-van-dyck_thomas-killigrew-and-william-lord-crofts-1638.jpg"
"antoine-pesne_portrait-of-a-man","Portrait of a man","Antoine Pesne","Baroque","data/archive/Baroque/antoine-pesne_portrait-of-a-man.jpg"
"artemisia-gentileschi_lucretia-1620","Lucretia 1620","Artemisia Gentileschi","Baroque","data/archive/Baroque/artemisia-gentileschi_lucretia-1620.jpg"
"bartolome-esteban-murillo_adoration-of-the-shepherds-1650","Adoration of the shepherds 1650","Bartolome Esteban Murillo","Baroque","data/archive/Baroque/bartolome-esteban-murillo_adoration-of-the-shepherds-1650.jpg"
"bartolome-esteban-murillo_birth-of-the-virgin-1660","Birth of the virgin 1660","Bartolome Esteban Murillo","Baroque","data/archive/Baroque/bartolome-esteban-murillo_birth-of-the-virgin-1660.jpg"
"bartolome-esteban-murillo_christ-the-good-shepherd","Christ the good shepherd","Bartolome Esteban Murillo","Baroque","data/archive/Baroque/bartolome-esteban-murillo_christ-the-good-shepherd.jpg"
"bartolome-esteban-murillo_jacob-s-dream-1665","Jacob s dream 1665","Bartolome Esteban Murillo","Baroque","data/archive/Baroque/bartolome-esteban-murillo_jacob-s-dream-1665.jpg"
"bartolome-esteban-murillo_old-woman-with-a-hen","Old woman with a hen","Bartolome Esteban Murillo","Baroque","data/archive/Baroque/bartolome-esteban-murillo_old-woman-with-a-hen.jpg"
"bartolome-esteban-murillo_saint-anthony-of-padua-and-the-infant-jesus","Saint anthony of padua and the infant jesus","Bartolome Esteban Murillo","Baroque","data/archive/Baroque/bartolome-esteban-murillo_saint-anthony-of-padua-and-the-infant-jesus.jpg"
"bartolome-esteban-murillo_st-diego-giving-alms-1646","St diego giving alms 1646","Bartolome Esteban Murillo","Baroque","data/archive/Baroque/bartolome-esteban-murillo_st-diego-giving-alms-1646.jpg"
"bartolome-esteban-murillo_the-annunciation","The annunciation","Bartolome Esteban Murillo","Baroque","data/archive/Baroque/bartolome-esteban-murillo_the-annunciation.jpg"
"bartolome-esteban-murillo_the-immaculate-conception-1665","The immaculate conception 1665","Bartolome Esteban Murillo","Baroque","data/archive/Baroque/bartolome-esteban-murillo_the-immaculate-conception-1665.jpg"
"bartolome-esteban-murillo_the-prodigal-son-receives-his-rightful-inheritance","The prodigal son receives his rightful inheritance","Bartolome Esteban Murillo","Baroque","data/archive/Baroque/bartolome-esteban-murillo_the-prodigal-son-receives-his-rightful-inheritance.jpg"
"bartolome-esteban-murillo_two-peasant-boys-and-a-negro-boy-1660","Two peasant boys and a negro boy 1660","Bartolome Esteban Murillo","Baroque","data/archive/Baroque/bartolome-esteban-murillo_two-peasant-boys-and-a-negro-boy-1660.jpg"
"bernardo-strozzi_doge-francesco-erizzo","Doge francesco erizzo","Bernardo Strozzi","Baroque","data/archive/Baroque/bernardo-strozzi_doge-francesco-erizzo.jpg"
"bernardo-strozzi_st-cecilia-1625","St cecilia 1625","Bernardo Strozzi","Baroque","data/archive/Baroque/bernardo-strozzi_st-cecilia-1625.jpg"
"bernardo-strozzi_the-piper","The piper","Bernardo Strozzi","Baroque","data/archive/Baroque/bernardo-strozzi_the-piper.jpg"
"canaletto_dolo-on-the-brenta","Dolo on the brenta","Canaletto","Baroque","data/archive/Baroque/canaletto_dolo-on-the-brenta.jpg"
"canaletto_grand-canal-looking-northeast-from-near-the-palazzo-corner-spinelli-to-the-rialto-bridge","Grand canal looking northeast from near the palazzo corner spinelli to the rialto bridge","Canaletto","Baroque","data/archive/Baroque/canaletto_grand-canal-looking-northeast-from-near-the-palazzo-corner-spinelli-to-the-rialto-bridge.jpg"
"canaletto_piazza-san-marco-looking-towards-san-geminiano","Piazza san marco looking towards san geminiano","Canaletto","Baroque","data/archive/Baroque/canaletto_piazza-san-marco-looking-towards-san-geminiano.jpg"
"canaletto_san-giacomo-de-rialto","San giacomo de rialto","Canaletto","Baroque","data/archive/Baroque/canaletto_san-giacomo-de-rialto.jpg"
"canaletto_the-molo-and-the-piazzetta-san-marco-venice","The molo and the piazzetta san marco venice","Canaletto","Baroque","data/archive/Baroque/canaletto_the-molo-and-the-piazzetta-san-marco-venice.jpg"
"canaletto_venice-the-piazzetta-looking-south-west-towards-santa-maria-della-salute","Venice the piazzetta looking south west towards santa maria della salute","Canaletto","Baroque","data/archive/Baroque/canaletto_venice-the-piazzetta-looking-south-west-towards-santa-maria-della-salute.jpg"
"caravaggio_boy-bitten-by-a-lizard(1)","Boy bitten by a lizard(1)","Caravaggio","Baroque","data/archive/Baroque/caravaggio_boy-bitten-by-a-lizard(1).jpg"
"caravaggio_flagellation-of-christ(1)","Flagellation of christ(1)","Caravaggio","Baroque","data/archive/Baroque/caravaggio_flagellation-of-christ(1).jpg"
"caravaggio_martyrdom-of-saint-matthew-1600(1)","Martyrdom of saint matthew 1600(1)","Caravaggio","Baroque","data/archive/Baroque/caravaggio_martyrdom-of-saint-matthew-1600(1).jpg"
"caravaggio_sacrifice-of-isaac(1)","Sacrifice of isaac(1)","Caravaggio","Baroque","data/archive/Baroque/caravaggio_sacrifice-of-isaac(1).jpg"
"caravaggio_taking-of-christ-1602","Taking of christ 1602","Caravaggio","Baroque","data/archive/Baroque/caravaggio_taking-of-christ-1602.jpg"
"claude-lorrain_view-of-the-campagna","View of the campagna","Claude Lorrain","Baroque","data/archive/Baroque/claude-lorrain_view-of-the-campagna.jpg"
"cornelis-de-vos_portrait-of-the-artist-s-daughter","Portrait of the artist s daughter","Cornelis De Vos","Baroque","data/archive/Baroque/cornelis-de-vos_portrait-of-the-artist-s-daughter.jpg"
"cornelis-norbertus-gysbrechts_trompe-l-oeil","Trompe l oeil","Cornelis Norbertus Gysbrechts","Baroque","data/archive/Baroque/cornelis-norbertus-gysbrechts_trompe-l-oeil.jpg"
"david-teniers-the-younger_country-celebration","Country celebration","David Teniers The Younger","Baroque","data/archive/Baroque/david-teniers-the-younger_country-celebration.jpg"
"david-teniers-the-younger_landscape-with-a-family","Landscape with a family","David Teniers The Younger","Baroque","data/archive/Baroque/david-teniers-the-younger_landscape-with-a-family.jpg"
"david-teniers-the-younger_tavern-scene-1640","Tavern scene 1640","David Teniers The Younger","Baroque","data/archive/Baroque/david-teniers-the-younger_tavern-scene-1640.jpg"
"david-teniers-the-younger_the-temptation-of-st-anthony-1640","The temptation of st anthony 1640","David Teniers The Younger","Baroque","data/archive/Baroque/david-teniers-the-younger_the-temptation-of-st-anthony-1640.jpg"
"diego-velazquez_a-white-horse","A white horse","Diego Velazquez","Baroque","data/archive/Baroque/diego-velazquez_a-white-horse.jpg"
"diego-velazquez_don-baltasar-carlos-with-a-dwarf-1632","Don baltasar carlos with a dwarf 1632","Diego Velazquez","Baroque","data/archive/Baroque/diego-velazquez_don-baltasar-carlos-with-a-dwarf-1632.jpg"
"diego-velazquez_juan-de-pareja-1650","Juan de pareja 1650","Diego Velazquez","Baroque","data/archive/Baroque/diego-velazquez_juan-de-pareja-1650.jpg"
"diego-velazquez_philip-iv-of-spain-in-brown-and-silver-1632","Philip iv of spain in brown and silver 1632","Diego Velazquez","Baroque","data/archive/Baroque/diego-velazquez_philip-iv-of-spain-in-brown-and-silver-1632.jpg"
"diego-velazquez_portrait-of-mariana-of-austria-queen-of-spain-1657","Portrait of mariana of austria queen of spain 1657","Diego Velazquez","Baroque","data/archive/Baroque/diego-velazquez_portrait-of-mariana-of-austria-queen-of-spain-1657.jpg"
"diego-velazquez_prince-balthasar-carlos-dressed-as-a-hunter-1636","Prince balthasar carlos dressed as a hunter 1636","Diego Velazquez","Baroque","data/archive/Baroque/diego-velazquez_prince-balthasar-carlos-dressed-as-a-hunter-1636.jpg"
"diego-velazquez_self-portrait-2","Self portrait 2","Diego Velazquez","Baroque","data/archive/Baroque/diego-velazquez_self-portrait-2.jpg"
"diego-velazquez_the-infanta-maria-marguerita-in-pink-1659","The infanta maria marguerita in pink 1659","Diego Velazquez","Baroque","data/archive/Baroque/diego-velazquez_the-infanta-maria-marguerita-in-pink-1659.jpg"
"diego-velazquez_young-peasant-girl-1650","Young peasant girl 1650","Diego Velazquez","Baroque","data/archive/Baroque/diego-velazquez_young-peasant-girl-1650.jpg"
"esaias-van-de-velde_ferry-boat-1622","Ferry boat 1622","Esaias Van De Velde","Baroque","data/archive/Baroque/esaias-van-de-velde_ferry-boat-1622.jpg"
"esaias-van-de-velde_merry-company-in-the-park-1614","Merry company in the park 1614","Esaias Van De Velde","Baroque","data/archive/Baroque/esaias-van-de-velde_merry-company-in-the-park-1614.jpg"
"esaias-van-de-velde_the-robbery-1616","The robbery 1616","Esaias Van De Velde","Baroque","data/archive/Baroque/esaias-van-de-velde_the-robbery-1616.jpg"
"eustache-le-sueur_deposition-from-the-cross","Deposition from the cross","Eustache Le Sueur","Baroque","data/archive/Baroque/eustache-le-sueur_deposition-from-the-cross.jpg"
"francesco-guardi_carnival-thursday-on-the-piazzetta-1770","Carnival thursday on the piazzetta 1770","Francesco Guardi","Baroque","data/archive/Baroque/francesco-guardi_carnival-thursday-on-the-piazzetta-1770.jpg"
"francesco-guardi_piazza-san-marco","Piazza san marco","Francesco Guardi","Baroque","data/archive/Baroque/francesco-guardi_piazza-san-marco.jpg"
"francesco-guardi_the-grand-canal-with-san-simeone-piccolo-and-santa-lucia","The grand canal with san simeone piccolo and santa lucia","Francesco Guardi","Baroque","data/archive/Baroque/francesco-guardi_the-grand-canal-with-san-simeone-piccolo-and-santa-lucia.jpg"
"francesco-guardi_town-with-a-bridge","Town with a bridge","Francesco Guardi","Baroque","data/archive/Baroque/francesco-guardi_town-with-a-bridge.jpg"
"francesco-solimena_aurora-roman-goddess-of-the-dawn-bids-goodbye-to-her-lover-tithonus-aurora-is-about-to","Aurora roman goddess of the dawn bids goodbye to her lover tithonus aurora is about to","Francesco Solimena","Baroque","data/archive/Baroque/francesco-solimena_aurora-roman-goddess-of-the-dawn-bids-goodbye-to-her-lover-tithonus-aurora-is-about-to.jpg"
"francesco-solimena_rebecca-leaving-her-father-s-house","Rebecca leaving her father s house","Francesco Solimena","Baroque","data/archive/Baroque/francesco-solimena_rebecca-leaving-her-father-s-house.jpg"
"francisco-de-zurbaran_agnus-dei-1640","Agnus dei 1640","Francisco De Zurbaran","Baroque","data/archive/Baroque/francisco-de-zurbaran_agnus-dei-1640.jpg"
"francisco-de-zurbaran_hercules-fighting-with-the-nemean-lion-1634","Hercules fighting with the nemean lion 1634","Francisco De Zurbaran","Baroque","data/archive/Baroque/francisco-de-zurbaran_hercules-fighting-with-the-nemean-lion-1634.jpg"
"francisco-de-zurbaran_st-agatha-1633","St agatha 1633","Francisco De Zurbaran","Baroque","data/archive/Baroque/francisco-de-zurbaran_st-agatha-1633.jpg"
"francisco-de-zurbaran_st-francis-contemplating-a-skull","St francis contemplating a skull","Francisco De Zurbaran","Baroque","data/archive/Baroque/francisco-de-zurbaran_st-francis-contemplating-a-skull.jpg"
"francisco-de-zurbaran_still-life","Still life","Francisco De Zurbaran","Baroque","data/archive/Baroque/francisco-de-zurbaran_still-life.jpg"
"francisco-de-zurbaran_the-mercy-of-fra-martin-de-vizcaya-1639","The mercy of fra martin de vizcaya 1639","Francisco De Zurbaran","Baroque","data/archive/Baroque/francisco-de-zurbaran_the-mercy-of-fra-martin-de-vizcaya-1639.jpg"
"frans-hals_banquet-of-the-officers-of-the-st-george-civic-guard-company-detail-1","Banquet of the officers of the st george civic guard company detail 1","Frans Hals","Baroque","data/archive/Baroque/frans-hals_banquet-of-the-officers-of-the-st-george-civic-guard-company-detail-1.jpg"
"frans-hals_family-portrait","Family portrait","Frans Hals","Baroque","data/archive/Baroque/frans-hals_family-portrait.jpg"
"frans-hals_malle-babbe-1635","Malle babbe 1635","Frans Hals","Baroque","data/archive/Baroque/frans-hals_malle-babbe-1635.jpg"
"frans-hals_petrus-scriverius-1626","Petrus scriverius 1626","Frans Hals","Baroque","data/archive/Baroque/frans-hals_petrus-scriverius-1626.jpg"
"frans-hals_portrait-of-a-man-1643","Portrait of a man 1643","Frans Hals","Baroque","data/archive/Baroque/frans-hals_portrait-of-a-man-1643.jpg"
"frans-hals_portrait-of-a-man-possibly-a-minister","Portrait of a man possibly a minister","Frans Hals","Baroque","data/archive/Baroque/frans-hals_portrait-of-a-man-possibly-a-minister.jpg"
"frans-hals_portrait-of-a-woman-1638","Portrait of a woman 1638","Frans Hals","Baroque","data/archive/Baroque/frans-hals_portrait-of-a-woman-1638.jpg"
"frans-hals_portrait-of-a-young-woman","Portrait of a young woman","Frans Hals","Baroque","data/archive/Baroque/frans-hals_portrait-of-a-young-woman.jpg"
"frans-hals_portrait-of-samuel-ampzing","Portrait of samuel ampzing","Frans Hals","Baroque","data/archive/Baroque/frans-hals_portrait-of-samuel-ampzing.jpg"
"frans-hals_the-company-of-captain-reinier-reael-and-lieutenant-cornelis-michielsz-blaeuw-known-as-the-1637-1","The company of captain reinier reael and lieutenant cornelis michielsz blaeuw known as the 1637 1","Frans Hals","Baroque","data/archive/Baroque/frans-hals_the-company-of-captain-reinier-reael-and-lieutenant-cornelis-michielsz-blaeuw-known-as-the-1637-1.jpg"
"frans-hals_two-boys-singing-detail","Two boys singing detail","Frans Hals","Baroque","data/archive/Baroque/frans-hals_two-boys-singing-detail.jpg"
"frans-snyders_concert-of-birds-2","Concert of birds 2","Frans Snyders","Baroque","data/archive/Baroque/frans-snyders_concert-of-birds-2.jpg"
"frans-snyders_greyhound-catching-a-young-wild-boar","Greyhound catching a young wild boar","Frans Snyders","Baroque","data/archive/Baroque/frans-snyders_greyhound-catching-a-young-wild-boar.jpg"
"frans-snyders_still-life-with-a-basket-of-fruit","Still life with a basket of fruit","Frans Snyders","Baroque","data/archive/Baroque/frans-snyders_still-life-with-a-basket-of-fruit.jpg"
"frans-snyders_wild-boar-hunt","Wild boar hunt","Frans Snyders","Baroque","data/archive/Baroque/frans-snyders_wild-boar-hunt.jpg"
"gabriel-metsu_portrait-of-the-artist-with-his-wife-isabella-de-wolff-in-a-tavern-1661","Portrait of the artist with his wife isabella de wolff in a tavern 1661","Gabriel Metsu","Baroque","data/archive/Baroque/gabriel-metsu_portrait-of-the-artist-with-his-wife-isabella-de-wolff-in-a-tavern-1661.jpg"
"gabriel-metsu_the-poultry-woman","The poultry woman","Gabriel Metsu","Baroque","data/archive/Baroque/gabriel-metsu_the-poultry-woman.jpg"
"gabriel-metsu_woman-taken-in-adultery","Woman taken in adultery","Gabriel Metsu","Baroque","data/archive/Baroque/gabriel-metsu_woman-taken-in-adultery.jpg"
"gerard-terborch_mother-combing-the-hair-of-her-child","Mother combing the hair of her child","Gerard Terborch","Baroque","data/archive/Baroque/gerard-terborch_mother-combing-the-hair-of-her-child.jpg"
"gerard-terborch_the-lute-player-1668","The lute player 1668","Gerard Terborch","Baroque","data/archive/Baroque/gerard-terborch_the-lute-player-1668.jpg"
"gerrit-dou_a-cat-at-the-window-of-a-painters-studios-1657","A cat at the window of a painters studios 1657","Gerrit Dou","Baroque","data/archive/Baroque/gerrit-dou_a-cat-at-the-window-of-a-painters-studios-1657.jpg"
"gerrit-dou_heraklith-1632","Heraklith 1632","Gerrit Dou","Baroque","data/archive/Baroque/gerrit-dou_heraklith-1632.jpg"
"gerrit-dou_portrait-of-a-woman","Portrait of a woman","Gerrit Dou","Baroque","data/archive/Baroque/gerrit-dou_portrait-of-a-woman.jpg"
"gerrit-dou_still-life-with-globe-lute-and-books","Still life with globe lute and books","Gerrit Dou","Baroque","data/archive/Baroque/gerrit-dou_still-life-with-globe-lute-and-books.jpg"
"gerrit-dou_the-prayer-of-the-spinner","The prayer of the spinner","Gerrit Dou","Baroque","data/archive/Baroque/gerrit-dou_the-prayer-of-the-spinner.jpg"
"gian-lorenzo-bernini_altar-cross-1661(1)","Altar cross 1661(1)","Gian Lorenzo Bernini","Baroque","data/archive/Baroque/gian-lorenzo-bernini_altar-cross-1661(1).jpg"
"gian-lorenzo-bernini_david-with-the-head-of-goliath(1)","David with the head of goliath(1)","Gian Lorenzo Bernini","Baroque","data/archive/Baroque/gian-lorenzo-bernini_david-with-the-head-of-goliath(1).jpg"
"gian-lorenzo-bernini_self-portrait(1)","Self portrait(1)","Gian Lorenzo Bernini","Baroque","data/archive/Baroque/gian-lorenzo-bernini_self-portrait(1).jpg"
"gian-lorenzo-bernini_the-throne-of-saint-peter-1666(1)","The throne of saint peter 1666(1)","Gian Lorenzo Bernini","Baroque","data/archive/Baroque/gian-lorenzo-bernini_the-throne-of-saint-peter-1666(1).jpg"
"giovanni-paolo-panini_musical-f-te-1747","Musical f te 1747","Giovanni Paolo Panini","Baroque","data/archive/Baroque/giovanni-paolo-panini_musical-f-te-1747.jpg"
"guido-reni_annunciation-1621","Annunciation 1621","Guido Reni","Baroque","data/archive/Baroque/guido-reni_annunciation-1621.jpg"
"guido-reni_coronation-of-the-virgin-with-st-catherine-of-alexandria-st-john-the-evangelist-st-john-the-1596","Coronation of the virgin with st catherine of alexandria st john the evangelist st john the 1596","Guido Reni","Baroque","data/archive/Baroque/guido-reni_coronation-of-the-virgin-with-st-catherine-of-alexandria-st-john-the-evangelist-st-john-the-1596.jpg"
"guido-reni_head-of-christ-crowned-with-thorns-1620","Head of christ crowned with thorns 1620","Guido Reni","Baroque","data/archive/Baroque/guido-reni_head-of-christ-crowned-with-thorns-1620.jpg"
"guido-reni_magdalene-with-the-jar-of-ointment","Magdalene with the jar of ointment","Guido Reni","Baroque","data/archive/Baroque/guido-reni_magdalene-with-the-jar-of-ointment.jpg"
"guido-reni_portrait-of-a-girl-with-crown-1642","Portrait of a girl with crown 1642","Guido Reni","Baroque","data/archive/Baroque/guido-reni_portrait-of-a-girl-with-crown-1642.jpg"
"guido-reni_saint-matthew-1621","Saint matthew 1621","Guido Reni","Baroque","data/archive/Baroque/guido-reni_saint-matthew-1621.jpg"
"guido-reni_st-francis-in-prayer-with-two-angels-1631","St francis in prayer with two angels 1631","Guido Reni","Baroque","data/archive/Baroque/guido-reni_st-francis-in-prayer-with-two-angels-1631.jpg"
"guido-reni_the-archangel-michael-defeating-satan-1635","The archangel michael defeating satan 1635","Guido Reni","Baroque","data/archive/Baroque/guido-reni_the-archangel-michael-defeating-satan-1635.jpg"
"guido-reni_the-toilet-of-venus-1623","The toilet of venus 1623","Guido Reni","Baroque","data/archive/Baroque/guido-reni_the-toilet-of-venus-1623.jpg"
"hendrick-cornelisz-vroom_the-return-of-prince-charles-from-spain-5-october-1623-1624","The return of prince charles from spain 5 october 1623 1624","Hendrick Cornelisz Vroom","Baroque","data/archive/Baroque/hendrick-cornelisz-vroom_the-return-of-prince-charles-from-spain-5-october-1623-1624.jpg"
"hendrick-terbrugghen_the-calling-of-st-matthew-1","The calling of st matthew 1","Hendrick Terbrugghen","Baroque","data/archive/Baroque/hendrick-terbrugghen_the-calling-of-st-matthew-1.jpg"
"hercules-seghers_rocky-landscape","Rocky landscape","Hercules Seghers","Baroque","data/archive/Baroque/hercules-seghers_rocky-landscape.jpg"
"isaac-van-ostade_interior-of-a-peasant-house","Interior of a peasant house","Isaac Van Ostade","Baroque","data/archive/Baroque/isaac-van-ostade_interior-of-a-peasant-house.jpg"
"ivan-nikitin_crown-princess-elizabeth-the-future-empress-1741","Crown princess elizabeth the future empress 1741","Ivan Nikitin","Baroque","data/archive/Baroque/ivan-nikitin_crown-princess-elizabeth-the-future-empress-1741.jpg"
"ivan-rutkovych_icon-christ-in-the-house-of-matha-and-mary-1699","Icon christ in the house of matha and mary 1699","Ivan Rutkovych","Baroque","data/archive/Baroque/ivan-rutkovych_icon-christ-in-the-house-of-matha-and-mary-1699.jpg"
"jacob-isaakszoon-van-ruisdael_landscape-with-a-church-by-a-torrent-1670","Landscape with a church by a torrent 1670","Jacob Isaakszoon Van Ruisdael","Baroque","data/archive/Baroque/jacob-isaakszoon-van-ruisdael_landscape-with-a-church-by-a-torrent-1670.jpg"
"jacob-isaakszoon-van-ruisdael_view-of-naarden-1647","View of naarden 1647","Jacob Isaakszoon Van Ruisdael","Baroque","data/archive/Baroque/jacob-isaakszoon-van-ruisdael_view-of-naarden-1647.jpg"
"jacob-jordaens_as-the-old-sang-so-the-young-pipe-1640","As the old sang so the young pipe 1640","Jacob Jordaens","Baroque","data/archive/Baroque/jacob-jordaens_as-the-old-sang-so-the-young-pipe-1640.jpg"
"jacob-jordaens_eating-man","Eating man","Jacob Jordaens","Baroque","data/archive/Baroque/jacob-jordaens_eating-man.jpg"
"jacob-jordaens_levade-performed-under-the-auspices-of-mars-and-in-the-presence-of-mercury-venus-and-a-squire-1645","Levade performed under the auspices of mars and in the presence of mercury venus and a squire 1645","Jacob Jordaens","Baroque","data/archive/Baroque/jacob-jordaens_levade-performed-under-the-auspices-of-mars-and-in-the-presence-of-mercury-venus-and-a-squire-1645.jpg"
"jacob-jordaens_pieta","Pieta","Jacob Jordaens","Baroque","data/archive/Baroque/jacob-jordaens_pieta.jpg"
"jacob-jordaens_prometheus-bound","Prometheus bound","Jacob Jordaens","Baroque","data/archive/Baroque/jacob-jordaens_prometheus-bound.jpg"
"jacob-jordaens_sleep-of-antiope","Sleep of antiope","Jacob Jordaens","Baroque","data/archive/Baroque/jacob-jordaens_sleep-of-antiope.jpg"
"jacob-jordaens_the-artist-s-family","The artist s family","Jacob Jordaens","Baroque","data/archive/Baroque/jacob-jordaens_the-artist-s-family.jpg"
"jacob-jordaens_the-holy-family-and-child-st-john-the-baptist","The holy family and child st john the baptist","Jacob Jordaens","Baroque","data/archive/Baroque/jacob-jordaens_the-holy-family-and-child-st-john-the-baptist.jpg"
"jacob-jordaens_the-sacrifice-of-isaac-1630","The sacrifice of isaac 1630","Jacob Jordaens","Baroque","data/archive/Baroque/jacob-jordaens_the-sacrifice-of-isaac-1630.jpg"
"jacques-stella_sainte-cecile-playing-the-organ","Sainte cecile playing the organ","Jacques Stella","Baroque","data/archive/Baroque/jacques-stella_sainte-cecile-playing-the-organ.jpg"
"jan-siberechts_pastoral-scene","Pastoral scene","Jan Siberechts","Baroque","data/archive/Baroque/jan-siberechts_pastoral-scene.jpg"
"jan-steen_argument-over-a-card-game","Argument over a card game","Jan Steen","Baroque","data/archive/Baroque/jan-steen_argument-over-a-card-game.jpg"
"jan-steen_dancing-couple-detail-1663-10","Dancing couple detail 1663 10","Jan Steen","Baroque","data/archive/Baroque/jan-steen_dancing-couple-detail-1663-10.jpg"
"jan-steen_doctor-s-visit-1662","Doctor s visit 1662","Jan Steen","Baroque","data/archive/Baroque/jan-steen_doctor-s-visit-1662.jpg"
"jan-steen_girl-eating-oysters-1660","Girl eating oysters 1660","Jan Steen","Baroque","data/archive/Baroque/jan-steen_girl-eating-oysters-1660.jpg"
"jan-steen_merry-threesom-1672","Merry threesom 1672","Jan Steen","Baroque","data/archive/Baroque/jan-steen_merry-threesom-1672.jpg"
"jan-steen_revelry-at-an-inn-1674","Revelry at an inn 1674","Jan Steen","Baroque","data/archive/Baroque/jan-steen_revelry-at-an-inn-1674.jpg"
"jan-steen_supper-at-emmaus-1668","Supper at emmaus 1668","Jan Steen","Baroque","data/archive/Baroque/jan-steen_supper-at-emmaus-1668.jpg"
"jan-steen_wine-is-a-mocker-1670","Wine is a mocker 1670","Jan Steen","Baroque","data/archive/Baroque/jan-steen_wine-is-a-mocker-1670.jpg"
"jean-baptiste-simeon-chardin_the-butler-s-table-1756","The butler s table 1756","Jean Baptiste Simeon Chardin","Baroque","data/archive/Baroque/jean-baptiste-simeon-chardin_the-butler-s-table-1756.jpg"
"johannes-vermeer_diana-and-her-companions","Diana and her companions","Johannes Vermeer","Baroque","data/archive/Baroque/johannes-vermeer_diana-and-her-companions.jpg"
"johannes-vermeer_the-milkmaid","The milkmaid","Johannes Vermeer","Baroque","data/archive/Baroque/johannes-vermeer_the-milkmaid.jpg"
"josefa-de-obidos_natureza-morta-1660","Natureza morta 1660","Josefa De Obidos","Baroque","data/archive/Baroque/josefa-de-obidos_natureza-morta-1660.jpg"
"joseph-wright_a-philosopher-by-lamp-light-1769","A philosopher by lamp light 1769","Joseph Wright","Baroque","data/archive/Baroque/joseph-wright_a-philosopher-by-lamp-light-1769.jpg"
"joseph-wright_old-john-head-waiter-at-the-king-s-head-in-derby","Old john head waiter at the king s head in derby","Joseph Wright","Baroque","data/archive/Baroque/joseph-wright_old-john-head-waiter-at-the-king-s-head-in-derby.jpg"
"joseph-wright_self-portrait","Self portrait","Joseph Wright","Baroque","data/archive/Baroque/joseph-wright_self-portrait.jpg"
"joshua-reynolds_little-rogue-robinetta","Little rogue robinetta","Joshua Reynolds","Baroque","data/archive/Baroque/joshua-reynolds_little-rogue-robinetta.jpg"
"juan-de-valdes-leal_ascension-of-elijah-1658","Ascension of elijah 1658","Juan De Valdes Leal","Baroque","data/archive/Baroque/juan-de-valdes-leal_ascension-of-elijah-1658.jpg"
"judith-leyster_a-game-of-cards","A game of cards","Judith Leyster","Baroque","data/archive/Baroque/judith-leyster_a-game-of-cards.jpg"
"judith-leyster_the-serenade-1629","The serenade 1629","Judith Leyster","Baroque","data/archive/Baroque/judith-leyster_the-serenade-1629.jpg"
"jusepe-de-ribera_the-assumption-of-mary-magdalene-1636","The assumption of mary magdalene 1636","Jusepe De Ribera","Baroque","data/archive/Baroque/jusepe-de-ribera_the-assumption-of-mary-magdalene-1636.jpg"
"le-nain-brothers_four-figures-at-table","Four figures at table","Le Nain Brothers","Baroque","data/archive/Baroque/le-nain-brothers_four-figures-at-table.jpg"
"le-nain-brothers_the-cart-1641","The cart 1641","Le Nain Brothers","Baroque","data/archive/Baroque/le-nain-brothers_the-cart-1641.jpg"
"le-nain-brothers_venus-in-vulcan-s-forge-1641","Venus in vulcan s forge 1641","Le Nain Brothers","Baroque","data/archive/Baroque/le-nain-brothers_venus-in-vulcan-s-forge-1641.jpg"
"matthias-stom_healing-of-tobit(1)","Healing of tobit(1)","Matthias Stom","Baroque","data/archive/Baroque/matthias-stom_healing-of-tobit(1).jpg"
"mestre-ata├г┬нde_baptism-of-christ","Baptism of christ","Mestre Ata├г┬нde","Baroque","data/archive/Baroque/mestre-ata├г┬нde_baptism-of-christ.jpg"
"osias-beert_still-life-of-fruit-and-a-plate-of-oysters","Still life of fruit and a plate of oysters","Osias Beert","Baroque","data/archive/Baroque/osias-beert_still-life-of-fruit-and-a-plate-of-oysters.jpg"
"paul-bril_landscape-with-a-marsh-1595","Landscape with a marsh 1595","Paul Bril","Baroque","data/archive/Baroque/paul-bril_landscape-with-a-marsh-1595.jpg"
"paul-bril_view-of-a-port-1607","View of a port 1607","Paul Bril","Baroque","data/archive/Baroque/paul-bril_view-of-a-port-1607.jpg"
"peter-paul-rubens_albert-rubens","Albert rubens","Peter Paul Rubens","Baroque","data/archive/Baroque/peter-paul-rubens_albert-rubens.jpg"
"peter-paul-rubens_autumn-landscape-with-a-view-of-het-steen","Autumn landscape with a view of het steen","Peter Paul Rubens","Baroque","data/archive/Baroque/peter-paul-rubens_autumn-landscape-with-a-view-of-het-steen.jpg"
"peter-paul-rubens_christ-at-simon-the-pharisee-1620","Christ at simon the pharisee 1620","Peter Paul Rubens","Baroque","data/archive/Baroque/peter-paul-rubens_christ-at-simon-the-pharisee-1620.jpg"
"peter-paul-rubens_descent-from-the-cross-1614","Descent from the cross 1614","Peter Paul Rubens","Baroque","data/archive/Baroque/peter-paul-rubens_descent-from-the-cross-1614.jpg"
"peter-paul-rubens_equestrian-portrait-of-giancarlo-doria","Equestrian portrait of giancarlo doria","Peter Paul Rubens","Baroque","data/archive/Baroque/peter-paul-rubens_equestrian-portrait-of-giancarlo-doria.jpg"
"peter-paul-rubens_head-of-medusa","Head of medusa","Peter Paul Rubens","Baroque","data/archive/Baroque/peter-paul-rubens_head-of-medusa.jpg"
"peter-paul-rubens_infanta-isabella-the-ruler-of-the-netherlands","Infanta isabella the ruler of the netherlands","Peter Paul Rubens","Baroque","data/archive/Baroque/peter-paul-rubens_infanta-isabella-the-ruler-of-the-netherlands.jpg"
"peter-paul-rubens_landscape-with-an-avenue-of-trees","Landscape with an avenue of trees","Peter Paul Rubens","Baroque","data/archive/Baroque/peter-paul-rubens_landscape-with-an-avenue-of-trees.jpg"
"peter-paul-rubens_marie-de-medicis-as-bellona-1625","Marie de medicis as bellona 1625","Peter Paul Rubens","Baroque","data/archive/Baroque/peter-paul-rubens_marie-de-medicis-as-bellona-1625.jpg"
"peter-paul-rubens_naked-young-man","Naked young man","Peter Paul Rubens","Baroque","data/archive/Baroque/peter-paul-rubens_naked-young-man.jpg"
"peter-paul-rubens_perseus-and-andromeda","Perseus and andromeda","Peter Paul Rubens","Baroque","data/archive/Baroque/peter-paul-rubens_perseus-and-andromeda.jpg"
"peter-paul-rubens_portrait-of-gaspard-schoppins","Portrait of gaspard schoppins","Peter Paul Rubens","Baroque","data/archive/Baroque/peter-paul-rubens_portrait-of-gaspard-schoppins.jpg"
"peter-paul-rubens_portrait-of-marchesa-brigida-spinola-doria","Portrait of marchesa brigida spinola doria","Peter Paul Rubens","Baroque","data/archive/Baroque/peter-paul-rubens_portrait-of-marchesa-brigida-spinola-doria.jpg"
"peter-paul-rubens_sacrifice-of-abraham","Sacrifice of abraham","Peter Paul Rubens","Baroque","data/archive/Baroque/peter-paul-rubens_sacrifice-of-abraham.jpg"
"peter-paul-rubens_sine-cerere-et-baccho-friget-venus","Sine cerere et baccho friget venus","Peter Paul Rubens","Baroque","data/archive/Baroque/peter-paul-rubens_sine-cerere-et-baccho-friget-venus.jpg"
"peter-paul-rubens_st-onufrij-instruct-monk","St onufrij instruct monk","Peter Paul Rubens","Baroque","data/archive/Baroque/peter-paul-rubens_st-onufrij-instruct-monk.jpg"
"peter-paul-rubens_the-assumption-of-mary-1622","The assumption of mary 1622","Peter Paul Rubens","Baroque","data/archive/Baroque/peter-paul-rubens_the-assumption-of-mary-1622.jpg"
"peter-paul-rubens_the-duke-of-buckingham","The duke of buckingham","Peter Paul Rubens","Baroque","data/archive/Baroque/peter-paul-rubens_the-duke-of-buckingham.jpg"
"peter-paul-rubens_the-holy-family-with-st-elizabeth-and-the-infant-st-john-the-baptist","The holy family with st elizabeth and the infant st john the baptist","Peter Paul Rubens","Baroque","data/archive/Baroque/peter-paul-rubens_the-holy-family-with-st-elizabeth-and-the-infant-st-john-the-baptist.jpg"
"peter-paul-rubens_the-meeting-of-abraham-and-melchisedek-1621","The meeting of abraham and melchisedek 1621","Peter Paul Rubens","Baroque","data/archive/Baroque/peter-paul-rubens_the-meeting-of-abraham-and-melchisedek-1621.jpg"
"peter-paul-rubens_the-return-of-the-farm-workers-from-the-fields","The return of the farm workers from the fields","Peter Paul Rubens","Baroque","data/archive/Baroque/peter-paul-rubens_the-return-of-the-farm-workers-from-the-fields.jpg"
"peter-paul-rubens_the-triumph-of-truth-1625","The triumph of truth 1625","Peter Paul Rubens","Baroque","data/archive/Baroque/peter-paul-rubens_the-triumph-of-truth-1625.jpg"
"peter-paul-rubens_venus-frigida","Venus frigida","Peter Paul Rubens","Baroque","data/archive/Baroque/peter-paul-rubens_venus-frigida.jpg"
"pieter-de-hooch_a-sick-child","A sick child","Pieter De Hooch","Baroque","data/archive/Baroque/pieter-de-hooch_a-sick-child.jpg"
"pieter-de-hooch_happy-drinker","Happy drinker","Pieter De Hooch","Baroque","data/archive/Baroque/pieter-de-hooch_happy-drinker.jpg"
"pieter-de-hooch_the-council-chamber-of-the-burgermasters","The council chamber of the burgermasters","Pieter De Hooch","Baroque","data/archive/Baroque/pieter-de-hooch_the-council-chamber-of-the-burgermasters.jpg"
"pietro-da-cortona_allegory-of-divine-providence-and-barberini-power-1639","Allegory of divine providence and barberini power 1639","Pietro Da Cortona","Baroque","data/archive/Baroque/pietro-da-cortona_allegory-of-divine-providence-and-barberini-power-1639.jpg"
"pietro-da-cortona_the-age-of-gold","The age of gold","Pietro Da Cortona","Baroque","data/archive/Baroque/pietro-da-cortona_the-age-of-gold.jpg"
"rembrandt_a-beggar-standing-and-leaning-on-a-stick-1632","A beggar standing and leaning on a stick 1632","Rembrandt","Baroque","data/archive/Baroque/rembrandt_a-beggar-standing-and-leaning-on-a-stick-1632.jpg"
"rembrandt_a-man-seated-at-a-table-covered-with-books-1636","A man seated at a table covered with books 1636","Rembrandt","Baroque","data/archive/Baroque/rembrandt_a-man-seated-at-a-table-covered-with-books-1636.jpg"
"rembrandt_a-seated-female-nude","A seated female nude","Rembrandt","Baroque","data/archive/Baroque/rembrandt_a-seated-female-nude.jpg"
"rembrandt_a-woman-seated-before-a-dutch-stove-1658","A woman seated before a dutch stove 1658","Rembrandt","Baroque","data/archive/Baroque/rembrandt_a-woman-seated-before-a-dutch-stove-1658.jpg"
"rembrandt_abraham-caressing-isaac-1636","Abraham caressing isaac 1636","Rembrandt","Baroque","data/archive/Baroque/rembrandt_abraham-caressing-isaac-1636.jpg"
"rembrandt_an-artist-drawing-from-the-model-1648","An artist drawing from the model 1648","Rembrandt","Baroque","data/archive/Baroque/rembrandt_an-artist-drawing-from-the-model-1648.jpg"
"rembrandt_apostle-paul-1635","Apostle paul 1635","Rembrandt","Baroque","data/archive/Baroque/rembrandt_apostle-paul-1635.jpg"
"rembrandt_beggar-man-and-woman-1631","Beggar man and woman 1631","Rembrandt","Baroque","data/archive/Baroque/rembrandt_beggar-man-and-woman-1631.jpg"
"rembrandt_bust-of-a-young-woman-1632","Bust of a young woman 1632","Rembrandt","Baroque","data/archive/Baroque/rembrandt_bust-of-a-young-woman-1632.jpg"
"rembrandt_christ-appearing-to-the-apostles-1656","Christ appearing to the apostles 1656","Rembrandt","Baroque","data/archive/Baroque/rembrandt_christ-appearing-to-the-apostles-1656.jpg"
"rembrandt_christ-resurected-1634","Christ resurected 1634","Rembrandt","Baroque","data/archive/Baroque/rembrandt_christ-resurected-1634.jpg"
"rembrandt_death-of-the-virgin","Death of the virgin","Rembrandt","Baroque","data/archive/Baroque/rembrandt_death-of-the-virgin.jpg"
"rembrandt_family-group-1668","Family group 1668","Rembrandt","Baroque","data/archive/Baroque/rembrandt_family-group-1668.jpg"
"rembrandt_head-of-an-old-man","Head of an old man","Rembrandt","Baroque","data/archive/Baroque/rembrandt_head-of-an-old-man.jpg"
"rembrandt_jacob-s-dream","Jacob s dream","Rembrandt","Baroque","data/archive/Baroque/rembrandt_jacob-s-dream.jpg"
"rembrandt_jesus-christ-s-body-carried-to-the-tomb-1645","Jesus christ s body carried to the tomb 1645","Rembrandt","Baroque","data/archive/Baroque/rembrandt_jesus-christ-s-body-carried-to-the-tomb-1645.jpg"
"rembrandt_knee-length-figure-of-a-man-in-an-oriental-dress-1632","Knee length figure of a man in an oriental dress 1632","Rembrandt","Baroque","data/archive/Baroque/rembrandt_knee-length-figure-of-a-man-in-an-oriental-dress-1632.jpg"
"rembrandt_large-self-portrait-1652","Large self portrait 1652","Rembrandt","Baroque","data/archive/Baroque/rembrandt_large-self-portrait-1652.jpg"
"rembrandt_man-standing-up-1632","Man standing up 1632","Rembrandt","Baroque","data/archive/Baroque/rembrandt_man-standing-up-1632.jpg"
"rembrandt_nativity-1654","Nativity 1654","Rembrandt","Baroque","data/archive/Baroque/rembrandt_nativity-1654.jpg"
"rembrandt_old-man-with-turban","Old man with turban","Rembrandt","Baroque","data/archive/Baroque/rembrandt_old-man-with-turban.jpg"
"rembrandt_philosopher-in-meditation-1632","Philosopher in meditation 1632","Rembrandt","Baroque","data/archive/Baroque/rembrandt_philosopher-in-meditation-1632.jpg"
"rembrandt_portrait-of-a-man-in-a-tall-hat-1662","Portrait of a man in a tall hat 1662","Rembrandt","Baroque","data/archive/Baroque/rembrandt_portrait-of-a-man-in-a-tall-hat-1662.jpg"
"rembrandt_portrait-of-a-young-girl","Portrait of a young girl","Rembrandt","Baroque","data/archive/Baroque/rembrandt_portrait-of-a-young-girl.jpg"
"rembrandt_portrait-of-an-old-woman","Portrait of an old woman","Rembrandt","Baroque","data/archive/Baroque/rembrandt_portrait-of-an-old-woman.jpg"
"rembrandt_portrait-of-jacob-trip-1661","Portrait of jacob trip 1661","Rembrandt","Baroque","data/archive/Baroque/rembrandt_portrait-of-jacob-trip-1661.jpg"
"rembrandt_portrait-of-princess-amalia-van-solms-1632","Portrait of princess amalia van solms 1632","Rembrandt","Baroque","data/archive/Baroque/rembrandt_portrait-of-princess-amalia-van-solms-1632.jpg"
"rembrandt_ragged-peasant-with-his-hands-behind-him-holding-a-stick-1630","Ragged peasant with his hands behind him holding a stick 1630","Rembrandt","Baroque","data/archive/Baroque/rembrandt_ragged-peasant-with-his-hands-behind-him-holding-a-stick-1630.jpg"
"rembrandt_samson-and-delilah-1628","Samson and delilah 1628","Rembrandt","Baroque","data/archive/Baroque/rembrandt_samson-and-delilah-1628.jpg"
"rembrandt_schellingwou-seen-from-the-diemerdijk","Schellingwou seen from the diemerdijk","Rembrandt","Baroque","data/archive/Baroque/rembrandt_schellingwou-seen-from-the-diemerdijk.jpg"
"rembrandt_self-portrait-1642","Self portrait 1642","Rembrandt","Baroque","data/archive/Baroque/rembrandt_self-portrait-1642.jpg"
"rembrandt_self-portrait-7","Self portrait 7","Rembrandt","Baroque","data/archive/Baroque/rembrandt_self-portrait-7.jpg"
"rembrandt_self-portrait-in-a-gorget","Self portrait in a gorget","Rembrandt","Baroque","data/archive/Baroque/rembrandt_self-portrait-in-a-gorget.jpg"
"rembrandt_self-portrait-with-beret-1634","Self portrait with beret 1634","Rembrandt","Baroque","data/archive/Baroque/rembrandt_self-portrait-with-beret-1634.jpg"
"rembrandt_shah-jahan-and-dara-shikoh","Shah jahan and dara shikoh","Rembrandt","Baroque","data/archive/Baroque/rembrandt_shah-jahan-and-dara-shikoh.jpg"
"rembrandt_st-jerome-in-an-italian-landscape-1653","St jerome in an italian landscape 1653","Rembrandt","Baroque","data/archive/Baroque/rembrandt_st-jerome-in-an-italian-landscape-1653.jpg"
"rembrandt_study-of-jewish-bride","Study of jewish bride","Rembrandt","Baroque","data/archive/Baroque/rembrandt_study-of-jewish-bride.jpg"
"rembrandt_the-angel-departing-from-the-family-of-tobias-1641","The angel departing from the family of tobias 1641","Rembrandt","Baroque","data/archive/Baroque/rembrandt_the-angel-departing-from-the-family-of-tobias-1641.jpg"
"rembrandt_the-bathers-1651","The bathers 1651","Rembrandt","Baroque","data/archive/Baroque/rembrandt_the-bathers-1651.jpg"
"rembrandt_the-crucifixion-a-square-small-plate-1634","The crucifixion a square small plate 1634","Rembrandt","Baroque","data/archive/Baroque/rembrandt_the-crucifixion-a-square-small-plate-1634.jpg"
"rembrandt_the-flight-into-egypt-crossing-a-brook-1654","The flight into egypt crossing a brook 1654","Rembrandt","Baroque","data/archive/Baroque/rembrandt_the-flight-into-egypt-crossing-a-brook-1654.jpg"
"rembrandt_the-large-lion-hunt-1641","The large lion hunt 1641","Rembrandt","Baroque","data/archive/Baroque/rembrandt_the-large-lion-hunt-1641.jpg"
"rembrandt_the-phoenix-or-the-statue-overthrown-1658","The phoenix or the statue overthrown 1658","Rembrandt","Baroque","data/archive/Baroque/rembrandt_the-phoenix-or-the-statue-overthrown-1658.jpg"
"rembrandt_the-return-of-the-prodigal-son-1669","The return of the prodigal son 1669","Rembrandt","Baroque","data/archive/Baroque/rembrandt_the-return-of-the-prodigal-son-1669.jpg"
"rembrandt_the-standard-bearer-1636","The standard bearer 1636","Rembrandt","Baroque","data/archive/Baroque/rembrandt_the-standard-bearer-1636.jpg"
"rembrandt_the-tribute-money-1635","The tribute money 1635","Rembrandt","Baroque","data/archive/Baroque/rembrandt_the-tribute-money-1635.jpg"
"rembrandt_titus-reading-1657","Titus reading 1657","Rembrandt","Baroque","data/archive/Baroque/rembrandt_titus-reading-1657.jpg"
"rembrandt_view-of-amstel-river-in-amsterdam-1641","View of amstel river in amsterdam 1641","Rembrandt","Baroque","data/archive/Baroque/rembrandt_view-of-amstel-river-in-amsterdam-1641.jpg"
"rembrandt_woman-with-a-pink-1630","Woman with a pink 1630","Rembrandt","Baroque","data/archive/Baroque/rembrandt_woman-with-a-pink-1630.jpg"
"sebastien-bourdon_portrait-of-a-man","Portrait of a man","Sebastien Bourdon","Baroque","data/archive/Baroque/sebastien-bourdon_portrait-of-a-man.jpg"
"theodoor-van-thulden_francoise-van-bever","Francoise van bever","Theodoor Van Thulden","Baroque","data/archive/Baroque/theodoor-van-thulden_francoise-van-bever.jpg"
"theodoor-van-thulden_the-justice-of-the-high-court","The justice of the high court","Theodoor Van Thulden","Baroque","data/archive/Baroque/theodoor-van-thulden_the-justice-of-the-high-court.jpg"
"willem-kalf_still-life-with-an-aquamanile-fruit-and-a-nautilus-cup-1660","Still life with an aquamanile fruit and a nautilus cup 1660","Willem Kalf","Baroque","data/archive/Baroque/willem-kalf_still-life-with-an-aquamanile-fruit-and-a-nautilus-cup-1660.jpg"
"william-hogarth_portrait-of-sarah-macholm-in-prison-1733","Portrait of sarah macholm in prison 1733","William Hogarth","Baroque","data/archive/Baroque/william-hogarth_portrait-of-sarah-macholm-in-prison-1733.jpg"
"yov-kondzelevych_icon-of-apostles-andrew-and-mark-from-the-village-of-voshatyn-in-volhynia(2)","Icon of apostles andrew and mark from the village of voshatyn in volhynia(2)","Yov Kondzelevych","Baroque","data/archive/Baroque/yov-kondzelevych_icon-of-apostles-andrew-and-mark-from-the-village-of-voshatyn-in-volhynia(2).jpg"
"ad-reinhardt_abstract-painting-1966","Abstract painting 1966","Ad Reinhardt","Color Field Painting","data/archive/Color_Field_Painting/ad-reinhardt_abstract-painting-1966.jpg"
"agnes-martin_rain-study-1960","Rain study 1960","Agnes Martin","Color Field Painting","data/archive/Color_Field_Painting/agnes-martin_rain-study-1960.jpg"
"alma-woodsey-thomas_elysian-fields-1973","Elysian fields 1973","Alma Woodsey Thomas","Color Field Painting","data/archive/Color_Field_Painting/alma-woodsey-thomas_elysian-fields-1973.jpg"
"alma-woodsey-thomas_white-daisies-rhapsody-1973","White daisies rhapsody 1973","Alma Woodsey Thomas","Color Field Painting","data/archive/Color_Field_Painting/alma-woodsey-thomas_white-daisies-rhapsody-1973.jpg"
"andre-pierre-arnal_pochoir-3","Pochoir 3","Andre Pierre Arnal","Color Field Painting","data/archive/Color_Field_Painting/andre-pierre-arnal_pochoir-3.jpg"
"anne-appleby_maple-grove-2008","Maple grove 2008","Anne Appleby","Color Field Painting","data/archive/Color_Field_Painting/anne-appleby_maple-grove-2008.jpg"
"anne-appleby_verona-variation-10-2003","Verona variation 10 2003","Anne Appleby","Color Field Painting","data/archive/Color_Field_Painting/anne-appleby_verona-variation-10-2003.jpg"
"anne-truitt_remember-no-6-1999","Remember no 6 1999","Anne Truitt","Color Field Painting","data/archive/Color_Field_Painting/anne-truitt_remember-no-6-1999.jpg"
"antonio-palolo_lisbon-1973","Lisbon 1973","Antonio Palolo","Color Field Painting","data/archive/Color_Field_Painting/antonio-palolo_lisbon-1973.jpg"
"barnett-newman_canto-v-1963","Canto v 1963","Barnett Newman","Color Field Painting","data/archive/Color_Field_Painting/barnett-newman_canto-v-1963.jpg"
"barnett-newman_dionysius-1949","Dionysius 1949","Barnett Newman","Color Field Painting","data/archive/Color_Field_Painting/barnett-newman_dionysius-1949.jpg"
"barnett-newman_onement-v-1952","Onement v 1952","Barnett Newman","Color Field Painting","data/archive/Color_Field_Painting/barnett-newman_onement-v-1952.jpg"
"barnett-newman_treble-1960","Treble 1960","Barnett Newman","Color Field Painting","data/archive/Color_Field_Painting/barnett-newman_treble-1960.jpg"
"basil-beattie_orange-no-1-1969","Orange no 1 1969","Basil Beattie","Color Field Painting","data/archive/Color_Field_Painting/basil-beattie_orange-no-1-1969.jpg"
"brice-marden_rodeo-1971","Rodeo 1971","Brice Marden","Color Field Painting","data/archive/Color_Field_Painting/brice-marden_rodeo-1971.jpg"
"charles-hinman_castor-and-pollux-1968","Castor and pollux 1968","Charles Hinman","Color Field Painting","data/archive/Color_Field_Painting/charles-hinman_castor-and-pollux-1968.jpg"
"claude-tousignant_verticales-1971","Verticales 1971","Claude Tousignant","Color Field Painting","data/archive/Color_Field_Painting/claude-tousignant_verticales-1971.jpg"
"claude-viallat_untitled-no-34-1999","Untitled no 34 1999","Claude Viallat","Color Field Painting","data/archive/Color_Field_Painting/claude-viallat_untitled-no-34-1999.jpg"
"clyfford-still_untitled-1952","Untitled 1952","Clyfford Still","Color Field Painting","data/archive/Color_Field_Painting/clyfford-still_untitled-1952.jpg"
"dan-christensen_amino-royale-2006","Amino royale 2006","Dan Christensen","Color Field Painting","data/archive/Color_Field_Painting/dan-christensen_amino-royale-2006.jpg"
"doug-ohlson_capriglia-2005","Capriglia 2005","Doug Ohlson","Color Field Painting","data/archive/Color_Field_Painting/doug-ohlson_capriglia-2005.jpg"
"edward-avedisian_untitled-1969-1","Untitled 1969 1","Edward Avedisian","Color Field Painting","data/archive/Color_Field_Painting/edward-avedisian_untitled-1969-1.jpg"
"ellsworth-kelly_blue-green-black-red-1971","Blue green black red 1971","Ellsworth Kelly","Color Field Painting","data/archive/Color_Field_Painting/ellsworth-kelly_blue-green-black-red-1971.jpg"
"ellsworth-kelly_red-yellow-blue-1951","Red yellow blue 1951","Ellsworth Kelly","Color Field Painting","data/archive/Color_Field_Painting/ellsworth-kelly_red-yellow-blue-1951.jpg"
"esteban-vicente_untitled-1967","Untitled 1967","Esteban Vicente","Color Field Painting","data/archive/Color_Field_Painting/esteban-vicente_untitled-1967.jpg"
"frank-stella_harran-ii-1967","Harran ii 1967","Frank Stella","Color Field Painting","data/archive/Color_Field_Painting/frank-stella_harran-ii-1967.jpg"
"frank-stella_referendum-70-1970","Referendum 70 1970","Frank Stella","Color Field Painting","data/archive/Color_Field_Painting/frank-stella_referendum-70-1970.jpg"
"frank-stella_untitled-1967","Untitled 1967","Frank Stella","Color Field Painting","data/archive/Color_Field_Painting/frank-stella_untitled-1967.jpg"
"friedel-dzubas_lotus-1962","Lotus 1962","Friedel Dzubas","Color Field Painting","data/archive/Color_Field_Painting/friedel-dzubas_lotus-1962.jpg"
"gene-davis_apricot-ripple-1968","Apricot ripple 1968","Gene Davis","Color Field Painting","data/archive/Color_Field_Painting/gene-davis_apricot-ripple-1968.jpg"
"gene-davis_celtic-dawn-1960","Celtic dawn 1960","Gene Davis","Color Field Painting","data/archive/Color_Field_Painting/gene-davis_celtic-dawn-1960.jpg"
"gene-davis_firecracker-1968","Firecracker 1968","Gene Davis","Color Field Painting","data/archive/Color_Field_Painting/gene-davis_firecracker-1968.jpg"
"gene-davis_hot-susan-1965","Hot susan 1965","Gene Davis","Color Field Painting","data/archive/Color_Field_Painting/gene-davis_hot-susan-1965.jpg"
"gene-davis_mohawk-1970","Mohawk 1970","Gene Davis","Color Field Painting","data/archive/Color_Field_Painting/gene-davis_mohawk-1970.jpg"
"gene-davis_prince-albert-1978","Prince albert 1978","Gene Davis","Color Field Painting","data/archive/Color_Field_Painting/gene-davis_prince-albert-1978.jpg"
"gene-davis_smithsonian-resident-associate-program-tenth-anniversary-poster-1975(1)","Smithsonian resident associate program tenth anniversary poster 1975(1)","Gene Davis","Color Field Painting","data/archive/Color_Field_Painting/gene-davis_smithsonian-resident-associate-program-tenth-anniversary-poster-1975(1).jpg"
"gene-davis_two-part-blue-1964","Two part blue 1964","Gene Davis","Color Field Painting","data/archive/Color_Field_Painting/gene-davis_two-part-blue-1964.jpg"
"gene-davis_untitled-p280-1967","Untitled p280 1967","Gene Davis","Color Field Painting","data/archive/Color_Field_Painting/gene-davis_untitled-p280-1967.jpg"
"gotthard-graubner_farbwanne-1984","Farbwanne 1984","Gotthard Graubner","Color Field Painting","data/archive/Color_Field_Painting/gotthard-graubner_farbwanne-1984.jpg"
"guido-molinari_untitled-1966","Untitled 1966","Guido Molinari","Color Field Painting","data/archive/Color_Field_Painting/guido-molinari_untitled-1966.jpg"
"helen-frankenthaler_east-and-beyond-1973","East and beyond 1973","Helen Frankenthaler","Color Field Painting","data/archive/Color_Field_Painting/helen-frankenthaler_east-and-beyond-1973.jpg"
"helen-frankenthaler_persian-garden-1966","Persian garden 1966","Helen Frankenthaler","Color Field Painting","data/archive/Color_Field_Painting/helen-frankenthaler_persian-garden-1966.jpg"
"helen-frankenthaler_tahiti-1989","Tahiti 1989","Helen Frankenthaler","Color Field Painting","data/archive/Color_Field_Painting/helen-frankenthaler_tahiti-1989.jpg"
"helen-frankenthaler_wind-directions-1970","Wind directions 1970","Helen Frankenthaler","Color Field Painting","data/archive/Color_Field_Painting/helen-frankenthaler_wind-directions-1970.jpg"
"ian-davenport_puddle-painting-magenta-2008","Puddle painting magenta 2008","Ian Davenport","Color Field Painting","data/archive/Color_Field_Painting/ian-davenport_puddle-painting-magenta-2008.jpg"
"jack-bush_blue-bar-1970","Blue bar 1970","Jack Bush","Color Field Painting","data/archive/Color_Field_Painting/jack-bush_blue-bar-1970.jpg"
"jack-bush_narrow-image-1963","Narrow image 1963","Jack Bush","Color Field Painting","data/archive/Color_Field_Painting/jack-bush_narrow-image-1963.jpg"
"jack-youngerman_black-red-1962","Black red 1962","Jack Youngerman","Color Field Painting","data/archive/Color_Field_Painting/jack-youngerman_black-red-1962.jpg"
"john-ferren_ski-1952","Ski 1952","John Ferren","Color Field Painting","data/archive/Color_Field_Painting/john-ferren_ski-1952.jpg"
"john-hoyland_6-3-66-1966","6 3 66 1966","John Hoyland","Color Field Painting","data/archive/Color_Field_Painting/john-hoyland_6-3-66-1966.jpg"
"john-hoyland_untitled","Untitled","John Hoyland","Color Field Painting","data/archive/Color_Field_Painting/john-hoyland_untitled.jpg"
"jose-guerrero_esquinas-1973","Esquinas 1973","Jose Guerrero","Color Field Painting","data/archive/Color_Field_Painting/jose-guerrero_esquinas-1973.jpg"
"jose-guerrero_untitled","Untitled","Jose Guerrero","Color Field Painting","data/archive/Color_Field_Painting/jose-guerrero_untitled.jpg"
"larry-zox_fowey-light-1974","Fowey light 1974","Larry Zox","Color Field Painting","data/archive/Color_Field_Painting/larry-zox_fowey-light-1974.jpg"
"leon-berkowitz_chanakuh-3-1978","Chanakuh 3 1978","Leon Berkowitz","Color Field Painting","data/archive/Color_Field_Painting/leon-berkowitz_chanakuh-3-1978.jpg"
"leon-berkowitz_untitled-1977","Untitled 1977","Leon Berkowitz","Color Field Painting","data/archive/Color_Field_Painting/leon-berkowitz_untitled-1977.jpg"
"louis-cane_toile-d-coup-e-1991-1","Toile d coup e 1991 1","Louis Cane","Color Field Painting","data/archive/Color_Field_Painting/louis-cane_toile-d-coup-e-1991-1.jpg"
"mario-cesariny_heliogabalo","Heliogabalo","Mario Cesariny","Color Field Painting","data/archive/Color_Field_Painting/mario-cesariny_heliogabalo.jpg"
"mark-rothko_black-on-maroon-2","Black on maroon 2","Mark Rothko","Color Field Painting","data/archive/Color_Field_Painting/mark-rothko_black-on-maroon-2.jpg"
"mark-rothko_no-10","No 10","Mark Rothko","Color Field Painting","data/archive/Color_Field_Painting/mark-rothko_no-10.jpg"
"mark-rothko_no-5-no-22","No 5 no 22","Mark Rothko","Color Field Painting","data/archive/Color_Field_Painting/mark-rothko_no-5-no-22.jpg"
"mark-rothko_ochre-and-red-on-red-1","Ochre and red on red 1","Mark Rothko","Color Field Painting","data/archive/Color_Field_Painting/mark-rothko_ochre-and-red-on-red-1.jpg"
"mark-rothko_untitled-1949-1","Untitled 1949 1","Mark Rothko","Color Field Painting","data/archive/Color_Field_Painting/mark-rothko_untitled-1949-1.jpg"
"mark-rothko_untitled-brown-and-gray","Untitled brown and gray","Mark Rothko","Color Field Painting","data/archive/Color_Field_Painting/mark-rothko_untitled-brown-and-gray.jpg"
"maurice-esteve_corne-a-licou-1965-1","Corne a licou 1965 1","Maurice Esteve","Color Field Painting","data/archive/Color_Field_Painting/maurice-esteve_corne-a-licou-1965-1.jpg"
"michel-carrade_unknown-title-2","Unknown title 2","Michel Carrade","Color Field Painting","data/archive/Color_Field_Painting/michel-carrade_unknown-title-2.jpg"
"morris-louis_alpha-pi-1960","Alpha pi 1960","Morris Louis","Color Field Painting","data/archive/Color_Field_Painting/morris-louis_alpha-pi-1960.jpg"
"morris-louis_blue-column-1960","Blue column 1960","Morris Louis","Color Field Painting","data/archive/Color_Field_Painting/morris-louis_blue-column-1960.jpg"
"morris-louis_gamma-1960","Gamma 1960","Morris Louis","Color Field Painting","data/archive/Color_Field_Painting/morris-louis_gamma-1960.jpg"
"morris-louis_number-1-68-1962","Number 1 68 1962","Morris Louis","Color Field Painting","data/archive/Color_Field_Painting/morris-louis_number-1-68-1962.jpg"
"morris-louis_pillar-of-hope-1961","Pillar of hope 1961","Morris Louis","Color Field Painting","data/archive/Color_Field_Painting/morris-louis_pillar-of-hope-1961.jpg"
"morris-louis_untitled-1954","Untitled 1954","Morris Louis","Color Field Painting","data/archive/Color_Field_Painting/morris-louis_untitled-1954.jpg"
"olivier-debre_composition-bleue-taches-rouge-et-jaune","Composition bleue taches rouge et jaune","Olivier Debre","Color Field Painting","data/archive/Color_Field_Painting/olivier-debre_composition-bleue-taches-rouge-et-jaune.jpg"
"olivier-debre_rouge-coule-de-touraine-1990","Rouge coule de touraine 1990","Olivier Debre","Color Field Painting","data/archive/Color_Field_Painting/olivier-debre_rouge-coule-de-touraine-1990.jpg"
"paul-feeley_apyu-1963","Apyu 1963","Paul Feeley","Color Field Painting","data/archive/Color_Field_Painting/paul-feeley_apyu-1963.jpg"
"paul-feeley_remus-1960","Remus 1960","Paul Feeley","Color Field Painting","data/archive/Color_Field_Painting/paul-feeley_remus-1960.jpg"
"paul-feeley_untitled-april-15-1964","Untitled april 15 1964","Paul Feeley","Color Field Painting","data/archive/Color_Field_Painting/paul-feeley_untitled-april-15-1964.jpg"
"paul-jenkins_phenomena-wind-arch","Phenomena wind arch","Paul Jenkins","Color Field Painting","data/archive/Color_Field_Painting/paul-jenkins_phenomena-wind-arch.jpg"
"pedro-calapez_campo-de-sombras-muro-02-1996","Campo de sombras muro 02 1996","Pedro Calapez","Color Field Painting","data/archive/Color_Field_Painting/pedro-calapez_campo-de-sombras-muro-02-1996.jpg"
"perle-fine_cool-series-black-over-green-1963","Cool series black over green 1963","Perle Fine","Color Field Painting","data/archive/Color_Field_Painting/perle-fine_cool-series-black-over-green-1963.jpg"
"peter-blake_the-fine-art-bit-1959","The fine art bit 1959","Peter Blake","Color Field Painting","data/archive/Color_Field_Painting/peter-blake_the-fine-art-bit-1959.jpg"
"piero-dorazio_untitled-v-1967","Untitled v 1967","Piero Dorazio","Color Field Painting","data/archive/Color_Field_Painting/piero-dorazio_untitled-v-1967.jpg"
"ray-parker_untitled-1961","Untitled 1961","Ray Parker","Color Field Painting","data/archive/Color_Field_Painting/ray-parker_untitled-1961.jpg"
"ray-parker_untitled-1982","Untitled 1982","Ray Parker","Color Field Painting","data/archive/Color_Field_Painting/ray-parker_untitled-1982.jpg"
"richard-diebenkorn_ocean-park-no-54","Ocean park no 54","Richard Diebenkorn","Color Field Painting","data/archive/Color_Field_Painting/richard-diebenkorn_ocean-park-no-54.jpg"
"ron-gorchov_thersites-chastened-2012","Thersites chastened 2012","Ron Gorchov","Color Field Painting","data/archive/Color_Field_Painting/ron-gorchov_thersites-chastened-2012.jpg"
"ronnie-landfield_edge-of-autumn-1989","Edge of autumn 1989","Ronnie Landfield","Color Field Painting","data/archive/Color_Field_Painting/ronnie-landfield_edge-of-autumn-1989.jpg"
"ronnie-landfield_series-painting-5-1966","Series painting 5 1966","Ronnie Landfield","Color Field Painting","data/archive/Color_Field_Painting/ronnie-landfield_series-painting-5-1966.jpg"
"sam-francis_acrylic-on-canvas","Acrylic on canvas","Sam Francis","Color Field Painting","data/archive/Color_Field_Painting/sam-francis_acrylic-on-canvas.jpg"
"sam-francis_sfp83-52-1983","Sfp83 52 1983","Sam Francis","Color Field Painting","data/archive/Color_Field_Painting/sam-francis_sfp83-52-1983.jpg"
"sam-francis_untitled-1966(1)","Untitled 1966(1)","Sam Francis","Color Field Painting","data/archive/Color_Field_Painting/sam-francis_untitled-1966(1).jpg"
"sam-francis_untitled-bright-ring-1-sfp68-55-1968","Untitled bright ring 1 sfp68 55 1968","Sam Francis","Color Field Painting","data/archive/Color_Field_Painting/sam-francis_untitled-bright-ring-1-sfp68-55-1968.jpg"
"sam-francis_untitled-sfe-020-lembark-i53-1984","Untitled sfe 020 lembark i53 1984","Sam Francis","Color Field Painting","data/archive/Color_Field_Painting/sam-francis_untitled-sfe-020-lembark-i53-1984.jpg"
"sean-scully_backs-fronts-windows-1993","Backs fronts windows 1993","Sean Scully","Color Field Painting","data/archive/Color_Field_Painting/sean-scully_backs-fronts-windows-1993.jpg"
"sven-lukin_diamond-head-1964","Diamond head 1964","Sven Lukin","Color Field Painting","data/archive/Color_Field_Painting/sven-lukin_diamond-head-1964.jpg"
"terry-frost_colour-on-the-side-1969","Colour on the side 1969","Terry Frost","Color Field Painting","data/archive/Color_Field_Painting/terry-frost_colour-on-the-side-1969.jpg"
"theodoros-stamos_homage-to-milton-avery-sun-box-iii-1969","Homage to milton avery sun box iii 1969","Theodoros Stamos","Color Field Painting","data/archive/Color_Field_Painting/theodoros-stamos_homage-to-milton-avery-sun-box-iii-1969.jpg"
"theodoros-stamos_infinity-field-lefkada-series-1981(2)","Infinity field lefkada series 1981(2)","Theodoros Stamos","Color Field Painting","data/archive/Color_Field_Painting/theodoros-stamos_infinity-field-lefkada-series-1981(2).jpg"
"theodoros-stamos_infinity-field-t-series-34-1990","Infinity field t series 34 1990","Theodoros Stamos","Color Field Painting","data/archive/Color_Field_Painting/theodoros-stamos_infinity-field-t-series-34-1990.jpg"
"theodoros-stamos_white-sun-box-1966","White sun box 1966","Theodoros Stamos","Color Field Painting","data/archive/Color_Field_Painting/theodoros-stamos_white-sun-box-1966.jpg"
"walter-darby-bannard_yellow-rose-1-1963","Yellow rose 1 1963","Walter Darby Bannard","Color Field Painting","data/archive/Color_Field_Painting/walter-darby-bannard_yellow-rose-1-1963.jpg"
"chuck-close_phil-1976","Phil 1976","Chuck Close","Contemporary Realism","data/archive/Contemporary_Realism/chuck-close_phil-1976.jpg"
"eric-fischl_best-western-study","Best western study","Eric Fischl","Contemporary Realism","data/archive/Contemporary_Realism/eric-fischl_best-western-study.jpg"
"eric-fischl_holy-man","Holy man","Eric Fischl","Contemporary Realism","data/archive/Contemporary_Realism/eric-fischl_holy-man.jpg"
"eric-fischl_scenes-from-late-paradise-the-parade","Scenes from late paradise the parade","Eric Fischl","Contemporary Realism","data/archive/Contemporary_Realism/eric-fischl_scenes-from-late-paradise-the-parade.jpg"
"eric-fischl_the-offspring-of-a-murderous-love","The offspring of a murderous love","Eric Fischl","Contemporary Realism","data/archive/Contemporary_Realism/eric-fischl_the-offspring-of-a-murderous-love.jpg"
"eric-fischl_what-s-between-you-and-me","What s between you and me","Eric Fischl","Contemporary Realism","data/archive/Contemporary_Realism/eric-fischl_what-s-between-you-and-me.jpg"
"fairfield-porter_penobscot-bay-with-yellow-field-1968","Penobscot bay with yellow field 1968","Fairfield Porter","Contemporary Realism","data/archive/Contemporary_Realism/fairfield-porter_penobscot-bay-with-yellow-field-1968.jpg"
"gilles-aillaud_la-bataille-du-riz-1968","La bataille du riz 1968","Gilles Aillaud","Contemporary Realism","data/archive/Contemporary_Realism/gilles-aillaud_la-bataille-du-riz-1968.jpg"
"jamie-wyeth_automaton-1979","Automaton 1979","Jamie Wyeth","Contemporary Realism","data/archive/Contemporary_Realism/jamie-wyeth_automaton-1979.jpg"
"jamie-wyeth_giuliana-and-the-sunflowers-1987","Giuliana and the sunflowers 1987","Jamie Wyeth","Contemporary Realism","data/archive/Contemporary_Realism/jamie-wyeth_giuliana-and-the-sunflowers-1987.jpg"
"jamie-wyeth_landmark-1971","Landmark 1971","Jamie Wyeth","Contemporary Realism","data/archive/Contemporary_Realism/jamie-wyeth_landmark-1971.jpg"
"jamie-wyeth_new-growth-1971","New growth 1971","Jamie Wyeth","Contemporary Realism","data/archive/Contemporary_Realism/jamie-wyeth_new-growth-1971.jpg"
"jamie-wyeth_portrait-of-jean-kennedy-smith-1972","Portrait of jean kennedy smith 1972","Jamie Wyeth","Contemporary Realism","data/archive/Contemporary_Realism/jamie-wyeth_portrait-of-jean-kennedy-smith-1972.jpg"
"jamie-wyeth_spring-plowing-1969","Spring plowing 1969","Jamie Wyeth","Contemporary Realism","data/archive/Contemporary_Realism/jamie-wyeth_spring-plowing-1969.jpg"
"jamie-wyeth_warm-halloween-1989(1)","Warm halloween 1989(1)","Jamie Wyeth","Contemporary Realism","data/archive/Contemporary_Realism/jamie-wyeth_warm-halloween-1989(1).jpg"
"janet-fish_monkey-business-2005","Monkey business 2005","Janet Fish","Contemporary Realism","data/archive/Contemporary_Realism/janet-fish_monkey-business-2005.jpg"
"john-miller_autumn-sunrise","Autumn sunrise","John Miller","Contemporary Realism","data/archive/Contemporary_Realism/john-miller_autumn-sunrise.jpg"
"john-miller_coco-beach-goa","Coco beach goa","John Miller","Contemporary Realism","data/archive/Contemporary_Realism/john-miller_coco-beach-goa.jpg"
"john-miller_interior-landscape-mauve","Interior landscape mauve","John Miller","Contemporary Realism","data/archive/Contemporary_Realism/john-miller_interior-landscape-mauve.jpg"
"john-miller_porthkidney-beach","Porthkidney beach","John Miller","Contemporary Realism","data/archive/Contemporary_Realism/john-miller_porthkidney-beach.jpg"
"john-miller_trevorrian-sancreed-farm","Trevorrian sancreed farm","John Miller","Contemporary Realism","data/archive/Contemporary_Realism/john-miller_trevorrian-sancreed-farm.jpg"
"lucian-freud_buttercups-1968","Buttercups 1968","Lucian Freud","Contemporary Realism","data/archive/Contemporary_Realism/lucian-freud_buttercups-1968.jpg"
"mostafa-dashti_untitled-1989(4)","Untitled 1989(4)","Mostafa Dashti","Contemporary Realism","data/archive/Contemporary_Realism/mostafa-dashti_untitled-1989(4).jpg"
"neil-welliver_cold-claudia-1969","Cold claudia 1969","Neil Welliver","Contemporary Realism","data/archive/Contemporary_Realism/neil-welliver_cold-claudia-1969.jpg"
"neil-welliver_midday-barren","Midday barren","Neil Welliver","Contemporary Realism","data/archive/Contemporary_Realism/neil-welliver_midday-barren.jpg"
"neil-welliver_shadow","Shadow","Neil Welliver","Contemporary Realism","data/archive/Contemporary_Realism/neil-welliver_shadow.jpg"
"neil-welliver_the-blue-pool","The blue pool","Neil Welliver","Contemporary Realism","data/archive/Contemporary_Realism/neil-welliver_the-blue-pool.jpg"
"philip-pearlstein_nude-and-african-drum-2006","Nude and african drum 2006","Philip Pearlstein","Contemporary Realism","data/archive/Contemporary_Realism/philip-pearlstein_nude-and-african-drum-2006.jpg"
"richard-whitney_dean-and-roberta-smith","Dean and roberta smith","Richard Whitney","Contemporary Realism","data/archive/Contemporary_Realism/richard-whitney_dean-and-roberta-smith.jpg"
"richard-whitney_matinee","Matinee","Richard Whitney","Contemporary Realism","data/archive/Contemporary_Realism/richard-whitney_matinee.jpg"
"albert-gleizes_composition-au-diapason","Composition au diapason","Albert Gleizes","Cubism","data/archive/Cubism/albert-gleizes_composition-au-diapason.jpg"
"albert-gleizes_paysage-1914","Paysage 1914","Albert Gleizes","Cubism","data/archive/Cubism/albert-gleizes_paysage-1914.jpg"
"alberto-magnelli_femme-la-blouse-jaune-1916","Femme la blouse jaune 1916","Alberto Magnelli","Cubism","data/archive/Cubism/alberto-magnelli_femme-la-blouse-jaune-1916.jpg"
"amadeo-de-souza-cardoso_basque-landscape-1914","Basque landscape 1914","Amadeo De Souza Cardoso","Cubism","data/archive/Cubism/amadeo-de-souza-cardoso_basque-landscape-1914.jpg"
"amadeo-de-souza-cardoso_head-1915","Head 1915","Amadeo De Souza Cardoso","Cubism","data/archive/Cubism/amadeo-de-souza-cardoso_head-1915.jpg"
"amadeo-de-souza-cardoso_ukulele-1915","Ukulele 1915","Amadeo De Souza Cardoso","Cubism","data/archive/Cubism/amadeo-de-souza-cardoso_ukulele-1915.jpg"
"amedee-ozenfant_still-life-1921","Still life 1921","Amedee Ozenfant","Cubism","data/archive/Cubism/amedee-ozenfant_still-life-1921.jpg"
"andre-derain_still-life-1914","Still life 1914","Andre Derain","Cubism","data/archive/Cubism/andre-derain_still-life-1914.jpg"
"andre-masson_prison-gray","Prison gray","Andre Masson","Cubism","data/archive/Cubism/andre-masson_prison-gray.jpg"
"andr├г┬й-lhote_l-escale-1913","L escale 1913","Andr├г┬й Lhote","Cubism","data/archive/Cubism/andr├г┬й-lhote_l-escale-1913.jpg"
"andr├г┬й-lhote_sur-la-terrasse-1945","Sur la terrasse 1945","Andr├г┬й Lhote","Cubism","data/archive/Cubism/andr├г┬й-lhote_sur-la-terrasse-1945.jpg"
"arshile-gorky_mechanics-of-flying","Mechanics of flying","Arshile Gorky","Cubism","data/archive/Cubism/arshile-gorky_mechanics-of-flying.jpg"
"arthur-segal_die-melkerin","Die melkerin","Arthur Segal","Cubism","data/archive/Cubism/arthur-segal_die-melkerin.jpg"
"auguste-herbin_landscape-in-ceret-1913","Landscape in ceret 1913","Auguste Herbin","Cubism","data/archive/Cubism/auguste-herbin_landscape-in-ceret-1913.jpg"
"bela-kadar_music","Music","Bela Kadar","Cubism","data/archive/Cubism/bela-kadar_music.jpg"
"ben-nicholson_pisa-as-intended-1967","Pisa as intended 1967","Ben Nicholson","Cubism","data/archive/Cubism/ben-nicholson_pisa-as-intended-1967.jpg"
"carlos-merida_el-abuelo-ixmucan-1966","El abuelo ixmucan 1966","Carlos Merida","Cubism","data/archive/Cubism/carlos-merida_el-abuelo-ixmucan-1966.jpg"
"carlos-merida_native-couple-1939","Native couple 1939","Carlos Merida","Cubism","data/archive/Cubism/carlos-merida_native-couple-1939.jpg"
"corneliu-michailescu_deer-hunter","Deer hunter","Corneliu Michailescu","Cubism","data/archive/Cubism/corneliu-michailescu_deer-hunter.jpg"
"diego-rivera_landscape-at-toledo-1913","Landscape at toledo 1913","Diego Rivera","Cubism","data/archive/Cubism/diego-rivera_landscape-at-toledo-1913.jpg"
"eduardo-viana_k4-quadrado-azul-1916","K4 quadrado azul 1916","Eduardo Viana","Cubism","data/archive/Cubism/eduardo-viana_k4-quadrado-azul-1916.jpg"
"ernst-ludwig-kirchner_reclining-female-nude","Reclining female nude","Ernst Ludwig Kirchner","Cubism","data/archive/Cubism/ernst-ludwig-kirchner_reclining-female-nude.jpg"
"fernand-leger_acrobats-in-the-circus-1918","Acrobats in the circus 1918","Fernand Leger","Cubism","data/archive/Cubism/fernand-leger_acrobats-in-the-circus-1918.jpg"
"fernand-leger_diver-on-a-yellow-background","Diver on a yellow background","Fernand Leger","Cubism","data/archive/Cubism/fernand-leger_diver-on-a-yellow-background.jpg"
"fernand-leger_machine-elements-1920","Machine elements 1920","Fernand Leger","Cubism","data/archive/Cubism/fernand-leger_machine-elements-1920.jpg"
"fernand-leger_propellers-2nd-state-1918","Propellers 2nd state 1918","Fernand Leger","Cubism","data/archive/Cubism/fernand-leger_propellers-2nd-state-1918.jpg"
"fernand-leger_study-for-builders-of-feet-1950","Study for builders of feet 1950","Fernand Leger","Cubism","data/archive/Cubism/fernand-leger_study-for-builders-of-feet-1950.jpg"
"fernand-leger_the-creation-of-the-world-costume-of-woman-1923","The creation of the world costume of woman 1923","Fernand Leger","Cubism","data/archive/Cubism/fernand-leger_the-creation-of-the-world-costume-of-woman-1923.jpg"
"fernand-leger_the-man-with-the-pipe-1918","The man with the pipe 1918","Fernand Leger","Cubism","data/archive/Cubism/fernand-leger_the-man-with-the-pipe-1918.jpg"
"fernand-leger_the-woman-and-the-child-1922","The woman and the child 1922","Fernand Leger","Cubism","data/archive/Cubism/fernand-leger_the-woman-and-the-child-1922.jpg"
"fernand-leger_two-discs-in-the-city-1918","Two discs in the city 1918","Fernand Leger","Cubism","data/archive/Cubism/fernand-leger_two-discs-in-the-city-1918.jpg"
"franz-marc_animal-destinies-the-trees-show-their-rings-the-animals-their-veins","Animal destinies the trees show their rings the animals their veins","Franz Marc","Cubism","data/archive/Cubism/franz-marc_animal-destinies-the-trees-show-their-rings-the-animals-their-veins.jpg"
"franz-marc_mountain-goats-1914","Mountain goats 1914","Franz Marc","Cubism","data/archive/Cubism/franz-marc_mountain-goats-1914.jpg"
"franz-marc_the-lamb-1914","The lamb 1914","Franz Marc","Cubism","data/archive/Cubism/franz-marc_the-lamb-1914.jpg"
"georges-braque_a-house-at-estaque-1908","A house at estaque 1908","Georges Braque","Cubism","data/archive/Cubism/georges-braque_a-house-at-estaque-1908.jpg"
"georges-braque_fruit-dish","Fruit dish","Georges Braque","Cubism","data/archive/Cubism/georges-braque_fruit-dish.jpg"
"georges-braque_still-life-bach-1912","Still life bach 1912","Georges Braque","Cubism","data/archive/Cubism/georges-braque_still-life-bach-1912.jpg"
"georges-braque_the-fruitdish-1912","The fruitdish 1912","Georges Braque","Cubism","data/archive/Cubism/georges-braque_the-fruitdish-1912.jpg"
"georges-braque_the-studio-v-1949","The studio v 1949","Georges Braque","Cubism","data/archive/Cubism/georges-braque_the-studio-v-1949.jpg"
"gino-severini_a-dancer-1","A dancer 1","Gino Severini","Cubism","data/archive/Cubism/gino-severini_a-dancer-1.jpg"
"gino-severini_woman-with-green-plant-1917","Woman with green plant 1917","Gino Severini","Cubism","data/archive/Cubism/gino-severini_woman-with-green-plant-1917.jpg"
"gosta-adrian-nilsson_hockey-player","Hockey player","Gosta Adrian Nilsson","Cubism","data/archive/Cubism/gosta-adrian-nilsson_hockey-player.jpg"
"gosta-adrian-nilsson_sj-man","Sj man","Gosta Adrian Nilsson","Cubism","data/archive/Cubism/gosta-adrian-nilsson_sj-man.jpg"
"henri-laurens_bather-fragment-1931","Bather fragment 1931","Henri Laurens","Cubism","data/archive/Cubism/henri-laurens_bather-fragment-1931.jpg"
"henri-laurens_la-bouteille-1916","La bouteille 1916","Henri Laurens","Cubism","data/archive/Cubism/henri-laurens_la-bouteille-1916.jpg"
"henri-le-fauconnier_a-still-life-with-a-carafe-and-glasses-1913","A still life with a carafe and glasses 1913","Henri Le Fauconnier","Cubism","data/archive/Cubism/henri-le-fauconnier_a-still-life-with-a-carafe-and-glasses-1913.jpg"
"henri-matisse_the-moraccans-1916","The moraccans 1916","Henri Matisse","Cubism","data/archive/Cubism/henri-matisse_the-moraccans-1916.jpg"
"jacques-villon_abstract-figure-in-a-landscape","Abstract figure in a landscape","Jacques Villon","Cubism","data/archive/Cubism/jacques-villon_abstract-figure-in-a-landscape.jpg"
"jacques-villon_ph-dre-et-hyppolite-1944","Ph dre et hyppolite 1944","Jacques Villon","Cubism","data/archive/Cubism/jacques-villon_ph-dre-et-hyppolite-1944.jpg"
"janos-mattis-teutsch_the-manual-workers-and-the-intellectuals-1927","The manual workers and the intellectuals 1927","Janos Mattis Teutsch","Cubism","data/archive/Cubism/janos-mattis-teutsch_the-manual-workers-and-the-intellectuals-1927.jpg"
"jean-david_king-david-israel-travel-poster-1956","King david israel travel poster 1956","Jean David","Cubism","data/archive/Cubism/jean-david_king-david-israel-travel-poster-1956.jpg"
"jean-hugo_l-homme-la-p-querette-1921","L homme la p querette 1921","Jean Hugo","Cubism","data/archive/Cubism/jean-hugo_l-homme-la-p-querette-1921.jpg"
"jean-metzinger_nu-couch-reclining-figure-1946","Nu couch reclining figure 1946","Jean Metzinger","Cubism","data/archive/Cubism/jean-metzinger_nu-couch-reclining-figure-1946.jpg"
"joan-miro_north-south","North south","Joan Miro","Cubism","data/archive/Cubism/joan-miro_north-south.jpg"
"joan-miro_the-farm-1922","The farm 1922","Joan Miro","Cubism","data/archive/Cubism/joan-miro_the-farm-1922.jpg"
"jose-de-almada-negreiros_tapestry","Tapestry","Jose De Almada Negreiros","Cubism","data/archive/Cubism/jose-de-almada-negreiros_tapestry.jpg"
"juan-gris_girl","Girl","Juan Gris","Cubism","data/archive/Cubism/juan-gris_girl.jpg"
"juan-gris_pierrot-1919","Pierrot 1919","Juan Gris","Cubism","data/archive/Cubism/juan-gris_pierrot-1919.jpg"
"juan-gris_still-life-with-lamp-1919","Still life with lamp 1919","Juan Gris","Cubism","data/archive/Cubism/juan-gris_still-life-with-lamp-1919.jpg"
"juan-gris_the-open-window-1921","The open window 1921","Juan Gris","Cubism","data/archive/Cubism/juan-gris_the-open-window-1921.jpg"
"julio-gonzalez_head-1935","Head 1935","Julio Gonzalez","Cubism","data/archive/Cubism/julio-gonzalez_head-1935.jpg"
"kazimir-malevich_arithmetics-1913","Arithmetics 1913","Kazimir Malevich","Cubism","data/archive/Cubism/kazimir-malevich_arithmetics-1913.jpg"
"kazimir-malevich_peasant-woman-with-buckets-and-a-child","Peasant woman with buckets and a child","Kazimir Malevich","Cubism","data/archive/Cubism/kazimir-malevich_peasant-woman-with-buckets-and-a-child.jpg"
"kazimir-malevich_vanity-box-1913","Vanity box 1913","Kazimir Malevich","Cubism","data/archive/Cubism/kazimir-malevich_vanity-box-1913.jpg"
"lajos-tihanyi_three-trees-1922","Three trees 1922","Lajos Tihanyi","Cubism","data/archive/Cubism/lajos-tihanyi_three-trees-1922.jpg"
"leopold-survage_31","31","Leopold Survage","Cubism","data/archive/Cubism/leopold-survage_31.jpg"
"leopold-survage_untitled-1953","Untitled 1953","Leopold Survage","Cubism","data/archive/Cubism/leopold-survage_untitled-1953.jpg"
"louis-marcoussis_hy-res-i-1928","Hy res i 1928","Louis Marcoussis","Cubism","data/archive/Cubism/louis-marcoussis_hy-res-i-1928.jpg"
"louis-marcoussis_rain-1929","Rain 1929","Louis Marcoussis","Cubism","data/archive/Cubism/louis-marcoussis_rain-1929.jpg"
"louis-marcoussis_the-red-fish-1921","The red fish 1921","Louis Marcoussis","Cubism","data/archive/Cubism/louis-marcoussis_the-red-fish-1921.jpg"
"louis-schanker_polo-1937","Polo 1937","Louis Schanker","Cubism","data/archive/Cubism/louis-schanker_polo-1937.jpg"
"lyonel-feininger_hopfgarten-1920","Hopfgarten 1920","Lyonel Feininger","Cubism","data/archive/Cubism/lyonel-feininger_hopfgarten-1920.jpg"
"lyonel-feininger_the-green-bridge-ii-1916","The green bridge ii 1916","Lyonel Feininger","Cubism","data/archive/Cubism/lyonel-feininger_the-green-bridge-ii-1916.jpg"
"lyubov-popova_the-pianist","The pianist","Lyubov Popova","Cubism","data/archive/Cubism/lyubov-popova_the-pianist.jpg"
"m.-h.-maxy_nude-with-idol-1924","Nude with idol 1924","M. H. Maxy","Cubism","data/archive/Cubism/m.-h.-maxy_nude-with-idol-1924.jpg"
"m.c.-escher_portrait-of-a-bearded-man","Portrait of a bearded man","M.c. Escher","Cubism","data/archive/Cubism/m.c.-escher_portrait-of-a-bearded-man.jpg"
"man-ray_untitled","Untitled","Man Ray","Cubism","data/archive/Cubism/man-ray_untitled.jpg"
"marc-chagall_homage-to-gogol-design-for-curtain-for-gogol-festival-1917","Homage to gogol design for curtain for gogol festival 1917","Marc Chagall","Cubism","data/archive/Cubism/marc-chagall_homage-to-gogol-design-for-curtain-for-gogol-festival-1917.jpg"
"marc-chagall_portrait-of-sister-maryasinka-1914","Portrait of sister maryasinka 1914","Marc Chagall","Cubism","data/archive/Cubism/marc-chagall_portrait-of-sister-maryasinka-1914.jpg"
"marc-chagall_the-drunkard-1912","The drunkard 1912","Marc Chagall","Cubism","data/archive/Cubism/marc-chagall_the-drunkard-1912.jpg"
"marc-chagall_to-russia-with-asses-and-others","To russia with asses and others","Marc Chagall","Cubism","data/archive/Cubism/marc-chagall_to-russia-with-asses-and-others.jpg"
"marcel-janco_abstract-construction","Abstract construction","Marcel Janco","Cubism","data/archive/Cubism/marcel-janco_abstract-construction.jpg"
"marevna-(marie-vorobieff)_lady-and-the-animals-1966","Lady and the animals 1966","Marevna (marie Vorobieff)","Cubism","data/archive/Cubism/marevna-(marie-vorobieff)_lady-and-the-animals-1966.jpg"
"marevna-(marie-vorobieff)_portrait-of-ilya-ehrenburg-1956","Portrait of ilya ehrenburg 1956","Marevna (marie Vorobieff)","Cubism","data/archive/Cubism/marevna-(marie-vorobieff)_portrait-of-ilya-ehrenburg-1956.jpg"
"mario-sironi_saddled-horse","Saddled horse","Mario Sironi","Cubism","data/archive/Cubism/mario-sironi_saddled-horse.jpg"
"maurice-de-vlaminck_still-life-with-pears","Still life with pears","Maurice De Vlaminck","Cubism","data/archive/Cubism/maurice-de-vlaminck_still-life-with-pears.jpg"
"max-weber_figures-in-a-landscape","Figures in a landscape","Max Weber","Cubism","data/archive/Cubism/max-weber_figures-in-a-landscape.jpg"
"miriam-schapiro_i-m-dancin-as-fast-as-i-can-1984","I m dancin as fast as i can 1984","Miriam Schapiro","Cubism","data/archive/Cubism/miriam-schapiro_i-m-dancin-as-fast-as-i-can-1984.jpg"
"natalia-goncharova_liturgy-st-andrew","Liturgy st andrew","Natalia Goncharova","Cubism","data/archive/Cubism/natalia-goncharova_liturgy-st-andrew.jpg"
"nikos-hadjikyriakos-ghikas_stage-design-for-don-juan-by-andr-obey-1939","Stage design for don juan by andr obey 1939","Nikos Hadjikyriakos Ghikas","Cubism","data/archive/Cubism/nikos-hadjikyriakos-ghikas_stage-design-for-don-juan-by-andr-obey-1939.jpg"
"nzante-spee_music-trio-band-1995","Music trio band 1995","Nzante Spee","Cubism","data/archive/Cubism/nzante-spee_music-trio-band-1995.jpg"
"olexandr-archipenko_coquette-1950","Coquette 1950","Olexandr Archipenko","Cubism","data/archive/Cubism/olexandr-archipenko_coquette-1950.jpg"
"olexandr-archipenko_seated-female-nude-with-left-leg-bent","Seated female nude with left leg bent","Olexandr Archipenko","Cubism","data/archive/Cubism/olexandr-archipenko_seated-female-nude-with-left-leg-bent.jpg"
"olexandr-archipenko_vase-figure","Vase figure","Olexandr Archipenko","Cubism","data/archive/Cubism/olexandr-archipenko_vase-figure.jpg"
"olga-rozanova_room","Room","Olga Rozanova","Cubism","data/archive/Cubism/olga-rozanova_room.jpg"
"oscar-dominguez_femme-sur-divan-1942","Femme sur divan 1942","Oscar Dominguez","Cubism","data/archive/Cubism/oscar-dominguez_femme-sur-divan-1942.jpg"
"ossip-zadkine_the-messengers-of-the-day","The messengers of the day","Ossip Zadkine","Cubism","data/archive/Cubism/ossip-zadkine_the-messengers-of-the-day.jpg"
"otto-gustav-carlsund_staden-p-berget-1947","Staden p berget 1947","Otto Gustav Carlsund","Cubism","data/archive/Cubism/otto-gustav-carlsund_staden-p-berget-1947.jpg"
"pablo-picasso_breakfast-1953","Breakfast 1953","Pablo Picasso","Cubism","data/archive/Cubism/pablo-picasso_breakfast-1953.jpg"
"pablo-picasso_buste-of-young-woman-marie-therese-walter-1926","Buste of young woman marie therese walter 1926","Pablo Picasso","Cubism","data/archive/Cubism/pablo-picasso_buste-of-young-woman-marie-therese-walter-1926.jpg"
"pablo-picasso_farmer-s-wife-on-a-stepladder-1933","Farmer s wife on a stepladder 1933","Pablo Picasso","Cubism","data/archive/Cubism/pablo-picasso_farmer-s-wife-on-a-stepladder-1933.jpg"
"pablo-picasso_glass-bottle-packet-of-tobacco-1922","Glass bottle packet of tobacco 1922","Pablo Picasso","Cubism","data/archive/Cubism/pablo-picasso_glass-bottle-packet-of-tobacco-1922.jpg"
"pablo-picasso_house-in-a-garden-1908","House in a garden 1908","Pablo Picasso","Cubism","data/archive/Cubism/pablo-picasso_house-in-a-garden-1908.jpg"
"pablo-picasso_man-with-mandolin-1920-1","Man with mandolin 1920 1","Pablo Picasso","Cubism","data/archive/Cubism/pablo-picasso_man-with-mandolin-1920-1.jpg"
"pablo-picasso_nude-with-towel-1907","Nude with towel 1907","Pablo Picasso","Cubism","data/archive/Cubism/pablo-picasso_nude-with-towel-1907.jpg"
"pablo-picasso_portrait-of-sylvette-david-1954","Portrait of sylvette david 1954","Pablo Picasso","Cubism","data/archive/Cubism/pablo-picasso_portrait-of-sylvette-david-1954.jpg"
"pablo-picasso_seated-woman-1953","Seated woman 1953","Pablo Picasso","Cubism","data/archive/Cubism/pablo-picasso_seated-woman-1953.jpg"
"pablo-picasso_still-life-with-bull-s-skull-1939","Still life with bull s skull 1939","Pablo Picasso","Cubism","data/archive/Cubism/pablo-picasso_still-life-with-bull-s-skull-1939.jpg"
"pablo-picasso_the-girls-of-avignon-study-1907","The girls of avignon study 1907","Pablo Picasso","Cubism","data/archive/Cubism/pablo-picasso_the-girls-of-avignon-study-1907.jpg"
"pablo-picasso_vase-with-flowers-1943","Vase with flowers 1943","Pablo Picasso","Cubism","data/archive/Cubism/pablo-picasso_vase-with-flowers-1943.jpg"
"patrick-caulfield_vessel-1987","Vessel 1987","Patrick Caulfield","Cubism","data/archive/Cubism/patrick-caulfield_vessel-1987.jpg"
"paul-cezanne_farm-at-montgeroult-1898","Farm at montgeroult 1898","Paul Cezanne","Cubism","data/archive/Cubism/paul-cezanne_farm-at-montgeroult-1898.jpg"
"paul-cezanne_mont-sainte-victoire-6","Mont sainte victoire 6","Paul Cezanne","Cubism","data/archive/Cubism/paul-cezanne_mont-sainte-victoire-6.jpg"
"paul-cezanne_study-of-bathers-1","Study of bathers 1","Paul Cezanne","Cubism","data/archive/Cubism/paul-cezanne_study-of-bathers-1.jpg"
"paul-klee_harbour-with-sailing-ships-1937(1)","Harbour with sailing ships 1937(1)","Paul Klee","Cubism","data/archive/Cubism/paul-klee_harbour-with-sailing-ships-1937(1).jpg"
"paul-klee_untitled-still-life-1940(1)","Untitled still life 1940(1)","Paul Klee","Cubism","data/archive/Cubism/paul-klee_untitled-still-life-1940(1).jpg"
"pyotr-konchalovsky_abramtsevo-the-bridge-drawing-for-the-painting-bridge-in-abramtsevo-1911","Abramtsevo the bridge drawing for the painting bridge in abramtsevo 1911","Pyotr Konchalovsky","Cubism","data/archive/Cubism/pyotr-konchalovsky_abramtsevo-the-bridge-drawing-for-the-painting-bridge-in-abramtsevo-1911.jpg"
"pyotr-konchalovsky_city-1912","City 1912","Pyotr Konchalovsky","Cubism","data/archive/Cubism/pyotr-konchalovsky_city-1912.jpg"
"pyotr-konchalovsky_portrait-of-a-violinist-grigory-fedorovich-romashkov-1918","Portrait of a violinist grigory fedorovich romashkov 1918","Pyotr Konchalovsky","Cubism","data/archive/Cubism/pyotr-konchalovsky_portrait-of-a-violinist-grigory-fedorovich-romashkov-1918.jpg"
"pyotr-konchalovsky_sketch-a-still-life-with-copper-jugs-1917","Sketch a still life with copper jugs 1917","Pyotr Konchalovsky","Cubism","data/archive/Cubism/pyotr-konchalovsky_sketch-a-still-life-with-copper-jugs-1917.jpg"
"pyotr-konchalovsky_still-life-the-guitar-1917","Still life the guitar 1917","Pyotr Konchalovsky","Cubism","data/archive/Cubism/pyotr-konchalovsky_still-life-the-guitar-1917.jpg"
"pyotr-konchalovsky_trees-1919","Trees 1919","Pyotr Konchalovsky","Cubism","data/archive/Cubism/pyotr-konchalovsky_trees-1919.jpg"
"raoul-dufy_arcades-at-l-estaque-1908","Arcades at l estaque 1908","Raoul Dufy","Cubism","data/archive/Cubism/raoul-dufy_arcades-at-l-estaque-1908.jpg"
"raoul-dufy_the-studio-on-seguier-street-1909","The studio on seguier street 1909","Raoul Dufy","Cubism","data/archive/Cubism/raoul-dufy_the-studio-on-seguier-street-1909.jpg"
"rene-magritte_youth-1924(1)","Youth 1924(1)","Rene Magritte","Cubism","data/archive/Cubism/rene-magritte_youth-1924(1).jpg"
"roger-de-la-fresnaye_smoking-in-the-shelter-1918","Smoking in the shelter 1918","Roger De La Fresnaye","Cubism","data/archive/Cubism/roger-de-la-fresnaye_smoking-in-the-shelter-1918.jpg"
"romare-bearden_morning","Morning","Romare Bearden","Cubism","data/archive/Cubism/romare-bearden_morning.jpg"
"sa-nogueira_jardim-suspenso-i-1961","Jardim suspenso i 1961","Sa Nogueira","Cubism","data/archive/Cubism/sa-nogueira_jardim-suspenso-i-1961.jpg"
"salvador-dali_late-night-dreams","Late night dreams","Salvador Dali","Cubism","data/archive/Cubism/salvador-dali_late-night-dreams.jpg"
"salvador-dali_still-life-watermelon","Still life watermelon","Salvador Dali","Cubism","data/archive/Cubism/salvador-dali_still-life-watermelon.jpg"
"serge-charchoune_red-still-life-n2-1926","Red still life n2 1926","Serge Charchoune","Cubism","data/archive/Cubism/serge-charchoune_red-still-life-n2-1926.jpg"
"stuart-davis_g-w-1944","G w 1944","Stuart Davis","Cubism","data/archive/Cubism/stuart-davis_g-w-1944.jpg"
"tarsila-do-amaral_a-gare","A gare","Tarsila Do Amaral","Cubism","data/archive/Cubism/tarsila-do-amaral_a-gare.jpg"
"theo-van-doesburg_composition-the-cow-7","Composition the cow 7","Theo Van Doesburg","Cubism","data/archive/Cubism/theo-van-doesburg_composition-the-cow-7.jpg"
"umberto-boccioni_study-for-sculpture-empty-and-full-abstracts-of-a-head-1912","Study for sculpture empty and full abstracts of a head 1912","Umberto Boccioni","Cubism","data/archive/Cubism/umberto-boccioni_study-for-sculpture-empty-and-full-abstracts-of-a-head-1912.jpg"
"vicente-manansala_community","Community","Vicente Manansala","Cubism","data/archive/Cubism/vicente-manansala_community.jpg"
"vicente-manansala_untitled-landscape-1966","Untitled landscape 1966","Vicente Manansala","Cubism","data/archive/Cubism/vicente-manansala_untitled-landscape-1966.jpg"
"wifredo-lam_madame-lumumba-1938","Madame lumumba 1938","Wifredo Lam","Cubism","data/archive/Cubism/wifredo-lam_madame-lumumba-1938.jpg"
"willi-baumeister_swimmers-on-the-ladder-1929","Swimmers on the ladder 1929","Willi Baumeister","Cubism","data/archive/Cubism/willi-baumeister_swimmers-on-the-ladder-1929.jpg"
"yiannis-moralis_woman","Woman","Yiannis Moralis","Cubism","data/archive/Cubism/yiannis-moralis_woman.jpg"
"andrea-del-castagno_farinata-degli-uberti","Farinata degli uberti","Andrea Del Castagno","Early Renaissance","data/archive/Early_Renaissance/andrea-del-castagno_farinata-degli-uberti.jpg"
"andrea-del-castagno_queen-tomyris","Queen tomyris","Andrea Del Castagno","Early Renaissance","data/archive/Early_Renaissance/andrea-del-castagno_queen-tomyris.jpg"
"andrea-del-verrocchio_equestrian-statue-of-the-condottiere-bartolomeo-colleoni-1488","Equestrian statue of the condottiere bartolomeo colleoni 1488","Andrea Del Verrocchio","Early Renaissance","data/archive/Early_Renaissance/andrea-del-verrocchio_equestrian-statue-of-the-condottiere-bartolomeo-colleoni-1488.jpg"
"andrea-mantegna_adoration-of-the-magi-1460","Adoration of the magi 1460","Andrea Mantegna","Early Renaissance","data/archive/Early_Renaissance/andrea-mantegna_adoration-of-the-magi-1460.jpg"
"andrea-mantegna_madonna-and-child-with-cherubs-1490","Madonna and child with cherubs 1490","Andrea Mantegna","Early Renaissance","data/archive/Early_Renaissance/andrea-mantegna_madonna-and-child-with-cherubs-1490.jpg"
"andrea-mantegna_scene-waitingservant-with-dogs-fragment-1474","Scene waitingservant with dogs fragment 1474","Andrea Mantegna","Early Renaissance","data/archive/Early_Renaissance/andrea-mantegna_scene-waitingservant-with-dogs-fragment-1474.jpg"
"andrea-mantegna_the-ascension-left-hand-panel-from-the-altarpiece","The ascension left hand panel from the altarpiece","Andrea Mantegna","Early Renaissance","data/archive/Early_Renaissance/andrea-mantegna_the-ascension-left-hand-panel-from-the-altarpiece.jpg"
"andrea-mantegna_the-nativity-1490","The nativity 1490","Andrea Mantegna","Early Renaissance","data/archive/Early_Renaissance/andrea-mantegna_the-nativity-1490.jpg"
"antonello-da-messina_christ","Christ","Antonello Da Messina","Early Renaissance","data/archive/Early_Renaissance/antonello-da-messina_christ.jpg"
"antonello-da-messina_portrait-of-a-man-1470","Portrait of a man 1470","Antonello Da Messina","Early Renaissance","data/archive/Early_Renaissance/antonello-da-messina_portrait-of-a-man-1470.jpg"
"antonello-da-messina_st-jerome-in-his-study","St jerome in his study","Antonello Da Messina","Early Renaissance","data/archive/Early_Renaissance/antonello-da-messina_st-jerome-in-his-study.jpg"
"bartolome-bermejo_saint-michael-triumphs-over-the-devil-1468","Saint michael triumphs over the devil 1468","Bartolome Bermejo","Early Renaissance","data/archive/Early_Renaissance/bartolome-bermejo_saint-michael-triumphs-over-the-devil-1468.jpg"
"benozzo-gozzoli_blessing-of-the-faithful-at-hippo-1465","Blessing of the faithful at hippo 1465","Benozzo Gozzoli","Early Renaissance","data/archive/Early_Renaissance/benozzo-gozzoli_blessing-of-the-faithful-at-hippo-1465.jpg"
"benozzo-gozzoli_madonna-and-child-giving-blessings","Madonna and child giving blessings","Benozzo Gozzoli","Early Renaissance","data/archive/Early_Renaissance/benozzo-gozzoli_madonna-and-child-giving-blessings.jpg"
"benozzo-gozzoli_procession-of-the-magus-balthazar-detail-1461-4","Procession of the magus balthazar detail 1461 4","Benozzo Gozzoli","Early Renaissance","data/archive/Early_Renaissance/benozzo-gozzoli_procession-of-the-magus-balthazar-detail-1461-4.jpg"
"benozzo-gozzoli_raphael-and-tobias-1465","Raphael and tobias 1465","Benozzo Gozzoli","Early Renaissance","data/archive/Early_Renaissance/benozzo-gozzoli_raphael-and-tobias-1465.jpg"
"benozzo-gozzoli_st-augustine-departing-for-milan-detail-1465-1","St augustine departing for milan detail 1465 1","Benozzo Gozzoli","Early Renaissance","data/archive/Early_Renaissance/benozzo-gozzoli_st-augustine-departing-for-milan-detail-1465-1.jpg"
"benozzo-gozzoli_st-gimignano-1465","St gimignano 1465","Benozzo Gozzoli","Early Renaissance","data/archive/Early_Renaissance/benozzo-gozzoli_st-gimignano-1465.jpg"
"benozzo-gozzoli_tabernacle-of-the-madonna-delle-tosse-maria-lactans-detail","Tabernacle of the madonna delle tosse maria lactans detail","Benozzo Gozzoli","Early Renaissance","data/archive/Early_Renaissance/benozzo-gozzoli_tabernacle-of-the-madonna-delle-tosse-maria-lactans-detail.jpg"
"benozzo-gozzoli_the-parable-of-the-holy-trinity-and-the-visit-to-the-monks-of-mount-pisano-1465","The parable of the holy trinity and the visit to the monks of mount pisano 1465","Benozzo Gozzoli","Early Renaissance","data/archive/Early_Renaissance/benozzo-gozzoli_the-parable-of-the-holy-trinity-and-the-visit-to-the-monks-of-mount-pisano-1465.jpg"
"benozzo-gozzoli_view-of-the-main-apsidal-chapel-1452","View of the main apsidal chapel 1452","Benozzo Gozzoli","Early Renaissance","data/archive/Early_Renaissance/benozzo-gozzoli_view-of-the-main-apsidal-chapel-1452.jpg"
"carlo-crivelli_crucifixion","Crucifixion","Carlo Crivelli","Early Renaissance","data/archive/Early_Renaissance/carlo-crivelli_crucifixion.jpg"
"carlo-crivelli_madonna-and-child-enthroned-with-donor","Madonna and child enthroned with donor","Carlo Crivelli","Early Renaissance","data/archive/Early_Renaissance/carlo-crivelli_madonna-and-child-enthroned-with-donor.jpg"
"carlo-crivelli_saint-catherine-of-alexandria-1473","Saint catherine of alexandria 1473","Carlo Crivelli","Early Renaissance","data/archive/Early_Renaissance/carlo-crivelli_saint-catherine-of-alexandria-1473.jpg"
"carlo-crivelli_saint-john-the-baptist-1468","Saint john the baptist 1468","Carlo Crivelli","Early Renaissance","data/archive/Early_Renaissance/carlo-crivelli_saint-john-the-baptist-1468.jpg"
"carlo-crivelli_saint-sebastian","Saint sebastian","Carlo Crivelli","Early Renaissance","data/archive/Early_Renaissance/carlo-crivelli_saint-sebastian.jpg"
"domenico-ghirlandaio_adoration-of-the-child","Adoration of the child","Domenico Ghirlandaio","Early Renaissance","data/archive/Early_Renaissance/domenico-ghirlandaio_adoration-of-the-child.jpg"
"domenico-ghirlandaio_coronation-of-the-virgin-1490","Coronation of the virgin 1490","Domenico Ghirlandaio","Early Renaissance","data/archive/Early_Renaissance/domenico-ghirlandaio_coronation-of-the-virgin-1490.jpg"
"domenico-ghirlandaio_ludovica-tornabuoni","Ludovica tornabuoni","Domenico Ghirlandaio","Early Renaissance","data/archive/Early_Renaissance/domenico-ghirlandaio_ludovica-tornabuoni.jpg"
"domenico-ghirlandaio_piero-eldest-son-of-lorenzo-the-magnificent-called-piero-the-unfortunate","Piero eldest son of lorenzo the magnificent called piero the unfortunate","Domenico Ghirlandaio","Early Renaissance","data/archive/Early_Renaissance/domenico-ghirlandaio_piero-eldest-son-of-lorenzo-the-magnificent-called-piero-the-unfortunate.jpg"
"domenico-ghirlandaio_st-antony","St antony","Domenico Ghirlandaio","Early Renaissance","data/archive/Early_Renaissance/domenico-ghirlandaio_st-antony.jpg"
"domenico-ghirlandaio_st-stephen","St stephen","Domenico Ghirlandaio","Early Renaissance","data/archive/Early_Renaissance/domenico-ghirlandaio_st-stephen.jpg"
"domenico-ghirlandaio_the-miracle-of-a-child-1486","The miracle of a child 1486","Domenico Ghirlandaio","Early Renaissance","data/archive/Early_Renaissance/domenico-ghirlandaio_the-miracle-of-a-child-1486.jpg"
"domenico-veneziano_matteo-olivieri-1450","Matteo olivieri 1450","Domenico Veneziano","Early Renaissance","data/archive/Early_Renaissance/domenico-veneziano_matteo-olivieri-1450.jpg"
"donatello_statue-of-st-george-in-orsanmichele-florence-1416","Statue of st george in orsanmichele florence 1416","Donatello","Early Renaissance","data/archive/Early_Renaissance/donatello_statue-of-st-george-in-orsanmichele-florence-1416.jpg"
"filippo-lippi_adoration-of-the-magi-detail-1","Adoration of the magi detail 1","Filippo Lippi","Early Renaissance","data/archive/Early_Renaissance/filippo-lippi_adoration-of-the-magi-detail-1.jpg"
"filippo-lippi_birth-and-naming-st-john-detail-1465","Birth and naming st john detail 1465","Filippo Lippi","Early Renaissance","data/archive/Early_Renaissance/filippo-lippi_birth-and-naming-st-john-detail-1465.jpg"
"filippo-lippi_figure-study-1465","Figure study 1465","Filippo Lippi","Early Renaissance","data/archive/Early_Renaissance/filippo-lippi_figure-study-1465.jpg"
"filippo-lippi_madonna-enthroned-with-saints","Madonna enthroned with saints","Filippo Lippi","Early Renaissance","data/archive/Early_Renaissance/filippo-lippi_madonna-enthroned-with-saints.jpg"
"filippo-lippi_st-jerome-in-the-desert-1456","St jerome in the desert 1456","Filippo Lippi","Early Renaissance","data/archive/Early_Renaissance/filippo-lippi_st-jerome-in-the-desert-1456.jpg"
"filippo-lippi_the-feast-of-herod-salome-s-dance-detail-1464-1","The feast of herod salome s dance detail 1464 1","Filippo Lippi","Early Renaissance","data/archive/Early_Renaissance/filippo-lippi_the-feast-of-herod-salome-s-dance-detail-1464-1.jpg"
"fra-angelico_adoration-and-annunciation","Adoration and annunciation","Fra Angelico","Early Renaissance","data/archive/Early_Renaissance/fra-angelico_adoration-and-annunciation.jpg"
"fra-angelico_archangel-gabriel-annunciate-1433","Archangel gabriel annunciate 1433","Fra Angelico","Early Renaissance","data/archive/Early_Renaissance/fra-angelico_archangel-gabriel-annunciate-1433.jpg"
"fra-angelico_coronation-of-the-virgin-detail-1435-3","Coronation of the virgin detail 1435 3","Fra Angelico","Early Renaissance","data/archive/Early_Renaissance/fra-angelico_coronation-of-the-virgin-detail-1435-3.jpg"
"fra-angelico_deposition-from-the-cross-1440","Deposition from the cross 1440","Fra Angelico","Early Renaissance","data/archive/Early_Renaissance/fra-angelico_deposition-from-the-cross-1440.jpg"
"fra-angelico_madonna-and-child-1","Madonna and child 1","Fra Angelico","Early Renaissance","data/archive/Early_Renaissance/fra-angelico_madonna-and-child-1.jpg"
"fra-angelico_nativity-1441","Nativity 1441","Fra Angelico","Early Renaissance","data/archive/Early_Renaissance/fra-angelico_nativity-1441.jpg"
"fra-angelico_resurrection-of-christ-and-women-at-the-tomb-1442","Resurrection of christ and women at the tomb 1442","Fra Angelico","Early Renaissance","data/archive/Early_Renaissance/fra-angelico_resurrection-of-christ-and-women-at-the-tomb-1442.jpg"
"fra-angelico_st-lawrence-giving-alms-1449","St lawrence giving alms 1449","Fra Angelico","Early Renaissance","data/archive/Early_Renaissance/fra-angelico_st-lawrence-giving-alms-1449.jpg"
"fra-angelico_st-thomas-aquinas-1440","St thomas aquinas 1440","Fra Angelico","Early Renaissance","data/archive/Early_Renaissance/fra-angelico_st-thomas-aquinas-1440.jpg"
"fra-angelico_the-story-of-st-nicholas-1448","The story of st nicholas 1448","Fra Angelico","Early Renaissance","data/archive/Early_Renaissance/fra-angelico_the-story-of-st-nicholas-1448.jpg"
"fra-angelico_virgin-and-child-enthroned-with-twelve-angels","Virgin and child enthroned with twelve angels","Fra Angelico","Early Renaissance","data/archive/Early_Renaissance/fra-angelico_virgin-and-child-enthroned-with-twelve-angels.jpg"
"giovanni-bellini_greek-madonna-1460","Greek madonna 1460","Giovanni Bellini","Early Renaissance","data/archive/Early_Renaissance/giovanni-bellini_greek-madonna-1460.jpg"
"giovanni-bellini_pesaro-altarpiece-predella-1474-1","Pesaro altarpiece predella 1474 1","Giovanni Bellini","Early Renaissance","data/archive/Early_Renaissance/giovanni-bellini_pesaro-altarpiece-predella-1474-1.jpg"
"giovanni-bellini_st-francis-in-ecstasy-1485","St francis in ecstasy 1485","Giovanni Bellini","Early Renaissance","data/archive/Early_Renaissance/giovanni-bellini_st-francis-in-ecstasy-1485.jpg"
"jacopo-bellini_christ-in-the-grave","Christ in the grave","Jacopo Bellini","Early Renaissance","data/archive/Early_Renaissance/jacopo-bellini_christ-in-the-grave.jpg"
"jacopo-bellini_saint-jerome-1430","Saint jerome 1430","Jacopo Bellini","Early Renaissance","data/archive/Early_Renaissance/jacopo-bellini_saint-jerome-1430.jpg"
"jacopo-bellini_unknown(3)","Unknown(3)","Jacopo Bellini","Early Renaissance","data/archive/Early_Renaissance/jacopo-bellini_unknown(3).jpg"
"leonardo-da-vinci_designs-for-a-boat","Designs for a boat","Leonardo Da Vinci","Early Renaissance","data/archive/Early_Renaissance/leonardo-da-vinci_designs-for-a-boat.jpg"
"leonardo-da-vinci_self-portrait-leonardo-discovered-a-2009-in-leonardo-s-codex-on-the-flight-of-birds","Self portrait leonardo discovered a 2009 in leonardo s codex on the flight of birds","Leonardo Da Vinci","Early Renaissance","data/archive/Early_Renaissance/leonardo-da-vinci_self-portrait-leonardo-discovered-a-2009-in-leonardo-s-codex-on-the-flight-of-birds.jpg"
"leonardo-da-vinci_study","Study","Leonardo Da Vinci","Early Renaissance","data/archive/Early_Renaissance/leonardo-da-vinci_study.jpg"
"luca-signorelli_madonna-and-child-with-saints-2","Madonna and child with saints 2","Luca Signorelli","Early Renaissance","data/archive/Early_Renaissance/luca-signorelli_madonna-and-child-with-saints-2.jpg"
"luca-signorelli_the-crucifixion-2","The crucifixion 2","Luca Signorelli","Early Renaissance","data/archive/Early_Renaissance/luca-signorelli_the-crucifixion-2.jpg"
"masaccio_martyrdom-of-san-giovanni-battista-1426","Martyrdom of san giovanni battista 1426","Masaccio","Early Renaissance","data/archive/Early_Renaissance/masaccio_martyrdom-of-san-giovanni-battista-1426.jpg"
"masaccio_the-tribute-money-1425","The tribute money 1425","Masaccio","Early Renaissance","data/archive/Early_Renaissance/masaccio_the-tribute-money-1425.jpg"
"paolo-uccello_head-of-prophet-1443-2","Head of prophet 1443 2","Paolo Uccello","Early Renaissance","data/archive/Early_Renaissance/paolo-uccello_head-of-prophet-1443-2.jpg"
"paolo-uccello_portrait-of-a-lady","Portrait of a lady","Paolo Uccello","Early Renaissance","data/archive/Early_Renaissance/paolo-uccello_portrait-of-a-lady.jpg"
"paolo-uccello_scenes-of-monastic-life-2","Scenes of monastic life 2","Paolo Uccello","Early Renaissance","data/archive/Early_Renaissance/paolo-uccello_scenes-of-monastic-life-2.jpg"
"paolo-uccello_the-battle-of-san-romano","The battle of san romano","Paolo Uccello","Early Renaissance","data/archive/Early_Renaissance/paolo-uccello_the-battle-of-san-romano.jpg"
"piero-della-francesca_battle-between-constantine-and-maxentius-1464(1)","Battle between constantine and maxentius 1464(1)","Piero Della Francesca","Early Renaissance","data/archive/Early_Renaissance/piero-della-francesca_battle-between-constantine-and-maxentius-1464(1).jpg"
"piero-della-francesca_finding-and-recognition-of-the-true-cross(1)","Finding and recognition of the true cross(1)","Piero Della Francesca","Early Renaissance","data/archive/Early_Renaissance/piero-della-francesca_finding-and-recognition-of-the-true-cross(1).jpg"
"piero-della-francesca_portrait-of-a-boy","Portrait of a boy","Piero Della Francesca","Early Renaissance","data/archive/Early_Renaissance/piero-della-francesca_portrait-of-a-boy.jpg"
"piero-della-francesca_st-andrew-and-st-bernardino","St andrew and st bernardino","Piero Della Francesca","Early Renaissance","data/archive/Early_Renaissance/piero-della-francesca_st-andrew-and-st-bernardino.jpg"
"piero-della-francesca_the-dream-of-constantine-1464(1)","The dream of constantine 1464(1)","Piero Della Francesca","Early Renaissance","data/archive/Early_Renaissance/piero-della-francesca_the-dream-of-constantine-1464(1).jpg"
"pietro-perugino_adoration-of-the-kings-epiphany","Adoration of the kings epiphany","Pietro Perugino","Early Renaissance","data/archive/Early_Renaissance/pietro-perugino_adoration-of-the-kings-epiphany.jpg"
"pietro-perugino_madonna-with-children-and-st-john-1485","Madonna with children and st john 1485","Pietro Perugino","Early Renaissance","data/archive/Early_Renaissance/pietro-perugino_madonna-with-children-and-st-john-1485.jpg"
"pietro-perugino_st-anthony-of-padua-and-st-sebastian-1478","St anthony of padua and st sebastian 1478","Pietro Perugino","Early Renaissance","data/archive/Early_Renaissance/pietro-perugino_st-anthony-of-padua-and-st-sebastian-1478.jpg"
"pietro-perugino_the-miracles-of-san-bernardino-the-healing-of-the-blind-and-deaf-riccardo-micuzio","The miracles of san bernardino the healing of the blind and deaf riccardo micuzio","Pietro Perugino","Early Renaissance","data/archive/Early_Renaissance/pietro-perugino_the-miracles-of-san-bernardino-the-healing-of-the-blind-and-deaf-riccardo-micuzio.jpg"
"pisanello_study-of-a-young-man-with-his-hands-tied-behind-his-back-1438","Study of a young man with his hands tied behind his back 1438","Pisanello","Early Renaissance","data/archive/Early_Renaissance/pisanello_study-of-a-young-man-with-his-hands-tied-behind-his-back-1438.jpg"
"sandro-botticelli_calumny-of-apelles(1)","Calumny of apelles(1)","Sandro Botticelli","Early Renaissance","data/archive/Early_Renaissance/sandro-botticelli_calumny-of-apelles(1).jpg"
"sandro-botticelli_madonna-and-child-1510(1)","Madonna and child 1510(1)","Sandro Botticelli","Early Renaissance","data/archive/Early_Renaissance/sandro-botticelli_madonna-and-child-1510(1).jpg"
"sandro-botticelli_pallas-and-centaur(1)","Pallas and centaur(1)","Sandro Botticelli","Early Renaissance","data/archive/Early_Renaissance/sandro-botticelli_pallas-and-centaur(1).jpg"
"sandro-botticelli_portrait-of-simonetta-vespucci(1)","Portrait of simonetta vespucci(1)","Sandro Botticelli","Early Renaissance","data/archive/Early_Renaissance/sandro-botticelli_portrait-of-simonetta-vespucci(1).jpg"
"sandro-botticelli_st-jerome-in-penitence-predella-panel-from-the-altarpiece-of-st-mark-1490(1)","St jerome in penitence predella panel from the altarpiece of st mark 1490(1)","Sandro Botticelli","Early Renaissance","data/archive/Early_Renaissance/sandro-botticelli_st-jerome-in-penitence-predella-panel-from-the-altarpiece-of-st-mark-1490(1).jpg"
"sandro-botticelli_the-miracle-of-st-eligius-predella-panel-from-the-altarpiece-of-st-mark-1492(1)","The miracle of st eligius predella panel from the altarpiece of st mark 1492(1)","Sandro Botticelli","Early Renaissance","data/archive/Early_Renaissance/sandro-botticelli_the-miracle-of-st-eligius-predella-panel-from-the-altarpiece-of-st-mark-1492(1).jpg"
"sandro-botticelli_the-virgin-adoring-the-child-1490(1)","The virgin adoring the child 1490(1)","Sandro Botticelli","Early Renaissance","data/archive/Early_Renaissance/sandro-botticelli_the-virgin-adoring-the-child-1490(1).jpg"
"sandro-botticelli_virgin-and-child-with-saints-from-the-altarpiece-of-san-barnabas-1488(1)","Virgin and child with saints from the altarpiece of san barnabas 1488(1)","Sandro Botticelli","Early Renaissance","data/archive/Early_Renaissance/sandro-botticelli_virgin-and-child-with-saints-from-the-altarpiece-of-san-barnabas-1488(1).jpg"
"abraham-manievich_unfinished-painting","Unfinished painting","Abraham Manievich","Expressionism","data/archive/Expressionism/abraham-manievich_unfinished-painting.jpg"
"adolf-fleischmann_sill-life-with-fruits-mussels-and-a-bottle","Sill life with fruits mussels and a bottle","Adolf Fleischmann","Expressionism","data/archive/Expressionism/adolf-fleischmann_sill-life-with-fruits-mussels-and-a-bottle.jpg"
"albert-bloch_conversation-1950","Conversation 1950","Albert Bloch","Expressionism","data/archive/Expressionism/albert-bloch_conversation-1950.jpg"
"albert-bloch_mountain","Mountain","Albert Bloch","Expressionism","data/archive/Expressionism/albert-bloch_mountain.jpg"
"albert-bloch_the-dancer-ragtime-1911","The dancer ragtime 1911","Albert Bloch","Expressionism","data/archive/Expressionism/albert-bloch_the-dancer-ragtime-1911.jpg"
"alekos-kontopoulos_companionship","Companionship","Alekos Kontopoulos","Expressionism","data/archive/Expressionism/alekos-kontopoulos_companionship.jpg"
"alexander-calder_four-fish-in-water","Four fish in water","Alexander Calder","Expressionism","data/archive/Expressionism/alexander-calder_four-fish-in-water.jpg"
"amadeo-de-souza-cardoso_caricature-of-the-artist-emmerico-nunes-1909","Caricature of the artist emmerico nunes 1909","Amadeo De Souza Cardoso","Expressionism","data/archive/Expressionism/amadeo-de-souza-cardoso_caricature-of-the-artist-emmerico-nunes-1909.jpg"
"amadeo-de-souza-cardoso_windmill-1910","Windmill 1910","Amadeo De Souza Cardoso","Expressionism","data/archive/Expressionism/amadeo-de-souza-cardoso_windmill-1910.jpg"
"amedeo-modigliani_andre-rouveyre-1915","Andre rouveyre 1915","Amedeo Modigliani","Expressionism","data/archive/Expressionism/amedeo-modigliani_andre-rouveyre-1915.jpg"
"amedeo-modigliani_boy-in-a-blue-shirt","Boy in a blue shirt","Amedeo Modigliani","Expressionism","data/archive/Expressionism/amedeo-modigliani_boy-in-a-blue-shirt.jpg"
"amedeo-modigliani_chaim-soutine","Chaim soutine","Amedeo Modigliani","Expressionism","data/archive/Expressionism/amedeo-modigliani_chaim-soutine.jpg"
"amedeo-modigliani_germaine-survage-with-earrings-1918","Germaine survage with earrings 1918","Amedeo Modigliani","Expressionism","data/archive/Expressionism/amedeo-modigliani_germaine-survage-with-earrings-1918.jpg"
"amedeo-modigliani_jacques-and-berthe-lipchitz-1917","Jacques and berthe lipchitz 1917","Amedeo Modigliani","Expressionism","data/archive/Expressionism/amedeo-modigliani_jacques-and-berthe-lipchitz-1917.jpg"
"amedeo-modigliani_large-seated-nude","Large seated nude","Amedeo Modigliani","Expressionism","data/archive/Expressionism/amedeo-modigliani_large-seated-nude.jpg"
"amedeo-modigliani_lunia-czechowska","Lunia czechowska","Amedeo Modigliani","Expressionism","data/archive/Expressionism/amedeo-modigliani_lunia-czechowska.jpg"
"amedeo-modigliani_max-jacob","Max jacob","Amedeo Modigliani","Expressionism","data/archive/Expressionism/amedeo-modigliani_max-jacob.jpg"
"amedeo-modigliani_paul-guillaume-1915","Paul guillaume 1915","Amedeo Modigliani","Expressionism","data/archive/Expressionism/amedeo-modigliani_paul-guillaume-1915.jpg"
"amedeo-modigliani_portrait-of-a-woman","Portrait of a woman","Amedeo Modigliani","Expressionism","data/archive/Expressionism/amedeo-modigliani_portrait-of-a-woman.jpg"
"amedeo-modigliani_portrait-of-chaim-soutine-1915","Portrait of chaim soutine 1915","Amedeo Modigliani","Expressionism","data/archive/Expressionism/amedeo-modigliani_portrait-of-chaim-soutine-1915.jpg"
"amedeo-modigliani_portrait-of-jeanne-hebuterne-1918-2","Portrait of jeanne hebuterne 1918 2","Amedeo Modigliani","Expressionism","data/archive/Expressionism/amedeo-modigliani_portrait-of-jeanne-hebuterne-1918-2.jpg"
"amedeo-modigliani_portrait-of-madame-kisling","Portrait of madame kisling","Amedeo Modigliani","Expressionism","data/archive/Expressionism/amedeo-modigliani_portrait-of-madame-kisling.jpg"
"amedeo-modigliani_portrait-of-paul-alexander-on-green-background-1909","Portrait of paul alexander on green background 1909","Amedeo Modigliani","Expressionism","data/archive/Expressionism/amedeo-modigliani_portrait-of-paul-alexander-on-green-background-1909.jpg"
"amedeo-modigliani_reclining-nude-from-the-back-1917","Reclining nude from the back 1917","Amedeo Modigliani","Expressionism","data/archive/Expressionism/amedeo-modigliani_reclining-nude-from-the-back-1917.jpg"
"amedeo-modigliani_rose-caryatid-audace-1914","Rose caryatid audace 1914","Amedeo Modigliani","Expressionism","data/archive/Expressionism/amedeo-modigliani_rose-caryatid-audace-1914.jpg"
"amedeo-modigliani_seated-young-woman-1918","Seated young woman 1918","Amedeo Modigliani","Expressionism","data/archive/Expressionism/amedeo-modigliani_seated-young-woman-1918.jpg"
"amedeo-modigliani_the-beautiful-confectioner-1916","The beautiful confectioner 1916","Amedeo Modigliani","Expressionism","data/archive/Expressionism/amedeo-modigliani_the-beautiful-confectioner-1916.jpg"
"amedeo-modigliani_the-servant-girl","The servant girl","Amedeo Modigliani","Expressionism","data/archive/Expressionism/amedeo-modigliani_the-servant-girl.jpg"
"amedeo-modigliani_woman-s-head-in-profile-1907","Woman s head in profile 1907","Amedeo Modigliani","Expressionism","data/archive/Expressionism/amedeo-modigliani_woman-s-head-in-profile-1907.jpg"
"amedeo-modigliani_young-girl-in-a-striped-shirt-1917","Young girl in a striped shirt 1917","Amedeo Modigliani","Expressionism","data/archive/Expressionism/amedeo-modigliani_young-girl-in-a-striped-shirt-1917.jpg"
"andre-derain_bathers-1907","Bathers 1907","Andre Derain","Expressionism","data/archive/Expressionism/andre-derain_bathers-1907.jpg"
"andre-derain_portrait-of-a-young-girl-in-black","Portrait of a young girl in black","Andre Derain","Expressionism","data/archive/Expressionism/andre-derain_portrait-of-a-young-girl-in-black.jpg"
"anita-malfatti_a-onda-1917","A onda 1917","Anita Malfatti","Expressionism","data/archive/Expressionism/anita-malfatti_a-onda-1917.jpg"
"arthur-dove_morning-sun-1935","Morning sun 1935","Arthur Dove","Expressionism","data/archive/Expressionism/arthur-dove_morning-sun-1935.jpg"
"arthur-segal_vom-strande-page-5-1913","Vom strande page 5 1913","Arthur Segal","Expressionism","data/archive/Expressionism/arthur-segal_vom-strande-page-5-1913.jpg"
"arturo-souto_clowns-1944","Clowns 1944","Arturo Souto","Expressionism","data/archive/Expressionism/arturo-souto_clowns-1944.jpg"
"arturo-souto_leonel-alber-playing-the-violin","Leonel alber playing the violin","Arturo Souto","Expressionism","data/archive/Expressionism/arturo-souto_leonel-alber-playing-the-violin.jpg"
"arturo-souto_slums-1932","Slums 1932","Arturo Souto","Expressionism","data/archive/Expressionism/arturo-souto_slums-1932.jpg"
"arturo-souto_war-scene-1937-6","War scene 1937 6","Arturo Souto","Expressionism","data/archive/Expressionism/arturo-souto_war-scene-1937-6.jpg"
"august-macke_elisabeth-gerhard-sewing","Elisabeth gerhard sewing","August Macke","Expressionism","data/archive/Expressionism/august-macke_elisabeth-gerhard-sewing.jpg"
"august-macke_our-street-with-horse-riding-bonn","Our street with horse riding bonn","August Macke","Expressionism","data/archive/Expressionism/august-macke_our-street-with-horse-riding-bonn.jpg"
"august-macke_seated-female-with-a-pillow","Seated female with a pillow","August Macke","Expressionism","data/archive/Expressionism/august-macke_seated-female-with-a-pillow.jpg"
"august-macke_the-way-on-the-water","The way on the water","August Macke","Expressionism","data/archive/Expressionism/august-macke_the-way-on-the-water.jpg"
"august-macke_woman-with-lyre-and-dog","Woman with lyre and dog","August Macke","Expressionism","data/archive/Expressionism/august-macke_woman-with-lyre-and-dog.jpg"
"balthus_girl-and-cat-1937","Girl and cat 1937","Balthus","Expressionism","data/archive/Expressionism/balthus_girl-and-cat-1937.jpg"
"balthus_larchant-1939","Larchant 1939","Balthus","Expressionism","data/archive/Expressionism/balthus_larchant-1939.jpg"
"balthus_sleeping-girl-1943","Sleeping girl 1943","Balthus","Expressionism","data/archive/Expressionism/balthus_sleeping-girl-1943.jpg"
"balthus_the-cat-in-the-mirror","The cat in the mirror","Balthus","Expressionism","data/archive/Expressionism/balthus_the-cat-in-the-mirror.jpg"
"balthus_the-yonne-valley-1957","The yonne valley 1957","Balthus","Expressionism","data/archive/Expressionism/balthus_the-yonne-valley-1957.jpg"
"betty-parsons_sailboat-rockport","Sailboat rockport","Betty Parsons","Expressionism","data/archive/Expressionism/betty-parsons_sailboat-rockport.jpg"
"billy-childish_north-beach-san-francisco-2003","North beach san francisco 2003","Billy Childish","Expressionism","data/archive/Expressionism/billy-childish_north-beach-san-francisco-2003.jpg"
"boris-grigoriev_self-portrait-with-a-chicken-and-a-rooster-1924","Self portrait with a chicken and a rooster 1924","Boris Grigoriev","Expressionism","data/archive/Expressionism/boris-grigoriev_self-portrait-with-a-chicken-and-a-rooster-1924.jpg"
"bui-xuan-phai_unknown-title(1)","Unknown title(1)","Bui Xuan Phai","Expressionism","data/archive/Expressionism/bui-xuan-phai_unknown-title(1).jpg"
"candido-portinari_dep-sito-de-leo","Dep sito de leo","Candido Portinari","Expressionism","data/archive/Expressionism/candido-portinari_dep-sito-de-leo.jpg"
"candido-portinari_o-painel-tiradentes-1948","O painel tiradentes 1948","Candido Portinari","Expressionism","data/archive/Expressionism/candido-portinari_o-painel-tiradentes-1948.jpg"
"carlos-botelho_my-father-1937","My father 1937","Carlos Botelho","Expressionism","data/archive/Expressionism/carlos-botelho_my-father-1937.jpg"
"carlos-saenz-de-tejada_girl-with-horse","Girl with horse","Carlos Saenz De Tejada","Expressionism","data/archive/Expressionism/carlos-saenz-de-tejada_girl-with-horse.jpg"
"carlos-saenz-de-tejada_the-groves-of-mallorca","The groves of mallorca","Carlos Saenz De Tejada","Expressionism","data/archive/Expressionism/carlos-saenz-de-tejada_the-groves-of-mallorca.jpg"
"chaim-soutine_hen-and-tomatoes","Hen and tomatoes","Chaim Soutine","Expressionism","data/archive/Expressionism/chaim-soutine_hen-and-tomatoes.jpg"
"chaim-soutine_midday-landscape","Midday landscape","Chaim Soutine","Expressionism","data/archive/Expressionism/chaim-soutine_midday-landscape.jpg"
"chaim-soutine_self-portrait-with-beard","Self portrait with beard","Chaim Soutine","Expressionism","data/archive/Expressionism/chaim-soutine_self-portrait-with-beard.jpg"
"chaim-soutine_woman-in-profile-portrait-of-madame-tennent","Woman in profile portrait of madame tennent","Chaim Soutine","Expressionism","data/archive/Expressionism/chaim-soutine_woman-in-profile-portrait-of-madame-tennent.jpg"
"charles-demuth_wild-orchids-1920","Wild orchids 1920","Charles Demuth","Expressionism","data/archive/Expressionism/charles-demuth_wild-orchids-1920.jpg"
"chronis-botsoglou_botsoglou3","Botsoglou3","Chronis Botsoglou","Expressionism","data/archive/Expressionism/chronis-botsoglou_botsoglou3.jpg"
"chronis-botsoglou_self-portrait-1","Self portrait 1","Chronis Botsoglou","Expressionism","data/archive/Expressionism/chronis-botsoglou_self-portrait-1.jpg"
"chronis-botsoglou_triptych-of-mourning-1998","Triptych of mourning 1998","Chronis Botsoglou","Expressionism","data/archive/Expressionism/chronis-botsoglou_triptych-of-mourning-1998.jpg"
"constantin-brancusi_madamoiselle-pogany-1913","Madamoiselle pogany 1913","Constantin Brancusi","Expressionism","data/archive/Expressionism/constantin-brancusi_madamoiselle-pogany-1913.jpg"
"constantin-flondor_d-apr-s-el-greco-1965(1)","D apr s el greco 1965(1)","Constantin Flondor","Expressionism","data/archive/Expressionism/constantin-flondor_d-apr-s-el-greco-1965(1).jpg"
"corneliu-baba_potrait-of-a-man","Potrait of a man","Corneliu Baba","Expressionism","data/archive/Expressionism/corneliu-baba_potrait-of-a-man.jpg"
"corneliu-michailescu_venice","Venice","Corneliu Michailescu","Expressionism","data/archive/Expressionism/corneliu-michailescu_venice.jpg"
"costas-niarchos_untitled(4)","Untitled(4)","Costas Niarchos","Expressionism","data/archive/Expressionism/costas-niarchos_untitled(4).jpg"
"david-alfaro-siqueiros_hannibal","Hannibal","David Alfaro Siqueiros","Expressionism","data/archive/Expressionism/david-alfaro-siqueiros_hannibal.jpg"
"david-bomberg_lilian-1932","Lilian 1932","David Bomberg","Expressionism","data/archive/Expressionism/david-bomberg_lilian-1932.jpg"
"dimitris-mytaras_figures-1","Figures 1","Dimitris Mytaras","Expressionism","data/archive/Expressionism/dimitris-mytaras_figures-1.jpg"
"dimitris-mytaras_reclining-girl","Reclining girl","Dimitris Mytaras","Expressionism","data/archive/Expressionism/dimitris-mytaras_reclining-girl.jpg"
"dimitris-mytaras_two-girls","Two girls","Dimitris Mytaras","Expressionism","data/archive/Expressionism/dimitris-mytaras_two-girls.jpg"
"dimitris-mytaras_woman-with-a-dog-1994","Woman with a dog 1994","Dimitris Mytaras","Expressionism","data/archive/Expressionism/dimitris-mytaras_woman-with-a-dog-1994.jpg"
"edvard-munch_berlin-girl-1906","Berlin girl 1906","Edvard Munch","Expressionism","data/archive/Expressionism/edvard-munch_berlin-girl-1906.jpg"
"edvard-munch_death-of-marat-i-1907","Death of marat i 1907","Edvard Munch","Expressionism","data/archive/Expressionism/edvard-munch_death-of-marat-i-1907.jpg"
"edvard-munch_head-of-a-dog-1930","Head of a dog 1930","Edvard Munch","Expressionism","data/archive/Expressionism/edvard-munch_head-of-a-dog-1930.jpg"
"edvard-munch_meeting-1921","Meeting 1921","Edvard Munch","Expressionism","data/archive/Expressionism/edvard-munch_meeting-1921.jpg"
"edvard-munch_red-and-white-1900","Red and white 1900","Edvard Munch","Expressionism","data/archive/Expressionism/edvard-munch_red-and-white-1900.jpg"
"edvard-munch_self-portrait-in-hell-1903","Self portrait in hell 1903","Edvard Munch","Expressionism","data/archive/Expressionism/edvard-munch_self-portrait-in-hell-1903.jpg"
"edvard-munch_summer-night-at-aasgaardstrand","Summer night at aasgaardstrand","Edvard Munch","Expressionism","data/archive/Expressionism/edvard-munch_summer-night-at-aasgaardstrand.jpg"
"edvard-munch_the-murderer-1910","The murderer 1910","Edvard Munch","Expressionism","data/archive/Expressionism/edvard-munch_the-murderer-1910.jpg"
"edvard-munch_thorvald-stang-1909","Thorvald stang 1909","Edvard Munch","Expressionism","data/archive/Expressionism/edvard-munch_thorvald-stang-1909.jpg"
"edvard-munch_workers-on-their-way-home-1915","Workers on their way home 1915","Edvard Munch","Expressionism","data/archive/Expressionism/edvard-munch_workers-on-their-way-home-1915.jpg"
"egon-schiele_clothed-woman-reclining","Clothed woman reclining","Egon Schiele","Expressionism","data/archive/Expressionism/egon-schiele_clothed-woman-reclining.jpg"
"egon-schiele_girl-with-green-pinafore-1910","Girl with green pinafore 1910","Egon Schiele","Expressionism","data/archive/Expressionism/egon-schiele_girl-with-green-pinafore-1910.jpg"
"egon-schiele_long-haired-nude-bent-over-forward-jerk-view-1918","Long haired nude bent over forward jerk view 1918","Egon Schiele","Expressionism","data/archive/Expressionism/egon-schiele_long-haired-nude-bent-over-forward-jerk-view-1918.jpg"
"egon-schiele_peasant-homestead-in-a-landscape-1913","Peasant homestead in a landscape 1913","Egon Schiele","Expressionism","data/archive/Expressionism/egon-schiele_peasant-homestead-in-a-landscape-1913.jpg"
"egon-schiele_portrait-of-the-artist-s-wife-1917","Portrait of the artist s wife 1917","Egon Schiele","Expressionism","data/archive/Expressionism/egon-schiele_portrait-of-the-artist-s-wife-1917.jpg"
"egon-schiele_rufer-1913","Rufer 1913","Egon Schiele","Expressionism","data/archive/Expressionism/egon-schiele_rufer-1913.jpg"
"egon-schiele_seated-woman-with-her-left-hand-in-her-hair-1914","Seated woman with her left hand in her hair 1914","Egon Schiele","Expressionism","data/archive/Expressionism/egon-schiele_seated-woman-with-her-left-hand-in-her-hair-1914.jpg"
"egon-schiele_self-portrait-with-checkered-shirt-1917","Self portrait with checkered shirt 1917","Egon Schiele","Expressionism","data/archive/Expressionism/egon-schiele_self-portrait-with-checkered-shirt-1917.jpg"
"egon-schiele_standing-girl-in-a-blue-dress-and-green-stockings-back-view-1913","Standing girl in a blue dress and green stockings back view 1913","Egon Schiele","Expressionism","data/archive/Expressionism/egon-schiele_standing-girl-in-a-blue-dress-and-green-stockings-back-view-1913.jpg"
"egon-schiele_the-bridge-1913","The bridge 1913","Egon Schiele","Expressionism","data/archive/Expressionism/egon-schiele_the-bridge-1913.jpg"
"egon-schiele_two-female-nudes-one-reclining-one-kneeling-1912","Two female nudes one reclining one kneeling 1912","Egon Schiele","Expressionism","data/archive/Expressionism/egon-schiele_two-female-nudes-one-reclining-one-kneeling-1912.jpg"
"egon-schiele_woman-undressing-1914","Woman undressing 1914","Egon Schiele","Expressionism","data/archive/Expressionism/egon-schiele_woman-undressing-1914.jpg"
"emil-nolde_at-the-caf","At the caf","Emil Nolde","Expressionism","data/archive/Expressionism/emil-nolde_at-the-caf.jpg"
"emil-nolde_holy-family-1931","Holy family 1931","Emil Nolde","Expressionism","data/archive/Expressionism/emil-nolde_holy-family-1931.jpg"
"emil-nolde_stormy-sea","Stormy sea","Emil Nolde","Expressionism","data/archive/Expressionism/emil-nolde_stormy-sea.jpg"
"endre-balint_magic-night-at-szentendre-1966","Magic night at szentendre 1966","Endre Balint","Expressionism","data/archive/Expressionism/endre-balint_magic-night-at-szentendre-1966.jpg"
"ernst-ludwig-kirchner_artist-begging-for-applause","Artist begging for applause","Ernst Ludwig Kirchner","Expressionism","data/archive/Expressionism/ernst-ludwig-kirchner_artist-begging-for-applause.jpg"
"ernst-ludwig-kirchner_bridge-in-landwassertal","Bridge in landwassertal","Ernst Ludwig Kirchner","Expressionism","data/archive/Expressionism/ernst-ludwig-kirchner_bridge-in-landwassertal.jpg"
"ernst-ludwig-kirchner_couple-in-a-room","Couple in a room","Ernst Ludwig Kirchner","Expressionism","data/archive/Expressionism/ernst-ludwig-kirchner_couple-in-a-room.jpg"
"ernst-ludwig-kirchner_dancing-couple","Dancing couple","Ernst Ludwig Kirchner","Expressionism","data/archive/Expressionism/ernst-ludwig-kirchner_dancing-couple.jpg"
"ernst-ludwig-kirchner_douple-self-portrait","Douple self portrait","Ernst Ludwig Kirchner","Expressionism","data/archive/Expressionism/ernst-ludwig-kirchner_douple-self-portrait.jpg"
"ernst-ludwig-kirchner_female-dancer","Female dancer","Ernst Ludwig Kirchner","Expressionism","data/archive/Expressionism/ernst-ludwig-kirchner_female-dancer.jpg"
"ernst-ludwig-kirchner_forest-gorge","Forest gorge","Ernst Ludwig Kirchner","Expressionism","data/archive/Expressionism/ernst-ludwig-kirchner_forest-gorge.jpg"
"ernst-ludwig-kirchner_harnessed-team","Harnessed team","Ernst Ludwig Kirchner","Expressionism","data/archive/Expressionism/ernst-ludwig-kirchner_harnessed-team.jpg"
"ernst-ludwig-kirchner_kitchen-in-an-alpine-hut","Kitchen in an alpine hut","Ernst Ludwig Kirchner","Expressionism","data/archive/Expressionism/ernst-ludwig-kirchner_kitchen-in-an-alpine-hut.jpg"
"ernst-ludwig-kirchner_milli","Milli","Ernst Ludwig Kirchner","Expressionism","data/archive/Expressionism/ernst-ludwig-kirchner_milli.jpg"
"ernst-ludwig-kirchner_nollendorfplatz","Nollendorfplatz","Ernst Ludwig Kirchner","Expressionism","data/archive/Expressionism/ernst-ludwig-kirchner_nollendorfplatz.jpg"
"ernst-ludwig-kirchner_portrait-of-a-sick-man","Portrait of a sick man","Ernst Ludwig Kirchner","Expressionism","data/archive/Expressionism/ernst-ludwig-kirchner_portrait-of-a-sick-man.jpg"
"ernst-ludwig-kirchner_postdamerplatz-1","Postdamerplatz 1","Ernst Ludwig Kirchner","Expressionism","data/archive/Expressionism/ernst-ludwig-kirchner_postdamerplatz-1.jpg"
"ernst-ludwig-kirchner_return-of-the-animals","Return of the animals","Ernst Ludwig Kirchner","Expressionism","data/archive/Expressionism/ernst-ludwig-kirchner_return-of-the-animals.jpg"
"ernst-ludwig-kirchner_self-portrait-3","Self portrait 3","Ernst Ludwig Kirchner","Expressionism","data/archive/Expressionism/ernst-ludwig-kirchner_self-portrait-3.jpg"
"ernst-ludwig-kirchner_sick-woman","Sick woman","Ernst Ludwig Kirchner","Expressionism","data/archive/Expressionism/ernst-ludwig-kirchner_sick-woman.jpg"
"ernst-ludwig-kirchner_still-life-with-sculpture-1","Still life with sculpture 1","Ernst Ludwig Kirchner","Expressionism","data/archive/Expressionism/ernst-ludwig-kirchner_still-life-with-sculpture-1.jpg"
"ernst-ludwig-kirchner_street-scenes","Street scenes","Ernst Ludwig Kirchner","Expressionism","data/archive/Expressionism/ernst-ludwig-kirchner_street-scenes.jpg"
"ernst-ludwig-kirchner_the-railway-overpass","The railway overpass","Ernst Ludwig Kirchner","Expressionism","data/archive/Expressionism/ernst-ludwig-kirchner_the-railway-overpass.jpg"
"ernst-ludwig-kirchner_three-nudes-in-the-forest-4","Three nudes in the forest 4","Ernst Ludwig Kirchner","Expressionism","data/archive/Expressionism/ernst-ludwig-kirchner_three-nudes-in-the-forest-4.jpg"
"ernst-ludwig-kirchner_two-female-nudes-1","Two female nudes 1","Ernst Ludwig Kirchner","Expressionism","data/archive/Expressionism/ernst-ludwig-kirchner_two-female-nudes-1.jpg"
"ernst-ludwig-kirchner_view-into-a-cafe","View into a cafe","Ernst Ludwig Kirchner","Expressionism","data/archive/Expressionism/ernst-ludwig-kirchner_view-into-a-cafe.jpg"
"ernst-ludwig-kirchner_women-on-the-street-1915","Women on the street 1915","Ernst Ludwig Kirchner","Expressionism","data/archive/Expressionism/ernst-ludwig-kirchner_women-on-the-street-1915.jpg"
"filipp-malyavin_portrait-of-daria-ivanovna-tatarintseva-1898","Portrait of daria ivanovna tatarintseva 1898","Filipp Malyavin","Expressionism","data/archive/Expressionism/filipp-malyavin_portrait-of-daria-ivanovna-tatarintseva-1898.jpg"
"francis-picabia_self-portrait","Self portrait","Francis Picabia","Expressionism","data/archive/Expressionism/francis-picabia_self-portrait.jpg"
"frank-auerbach_empire-cinema-modern-postcard","Empire cinema modern postcard","Frank Auerbach","Expressionism","data/archive/Expressionism/frank-auerbach_empire-cinema-modern-postcard.jpg"
"frank-auerbach_portrait-of-julia","Portrait of julia","Frank Auerbach","Expressionism","data/archive/Expressionism/frank-auerbach_portrait-of-julia.jpg"
"frank-auerbach_tree-at-tretire-ii","Tree at tretire ii","Frank Auerbach","Expressionism","data/archive/Expressionism/frank-auerbach_tree-at-tretire-ii.jpg"
"frantisek-kupka_prometheus-in-chains-1905-1","Prometheus in chains 1905 1","Frantisek Kupka","Expressionism","data/archive/Expressionism/frantisek-kupka_prometheus-in-chains-1905-1.jpg"
"frantisek-kupka_the-victorious-dragon-1900","The victorious dragon 1900","Frantisek Kupka","Expressionism","data/archive/Expressionism/frantisek-kupka_the-victorious-dragon-1900.jpg"
"franz-marc_donkey-frieze-1911","Donkey frieze 1911","Franz Marc","Expressionism","data/archive/Expressionism/franz-marc_donkey-frieze-1911.jpg"
"franz-marc_playing-weasels-1909","Playing weasels 1909","Franz Marc","Expressionism","data/archive/Expressionism/franz-marc_playing-weasels-1909.jpg"
"franz-marc_the-yellow-cow-1911","The yellow cow 1911","Franz Marc","Expressionism","data/archive/Expressionism/franz-marc_the-yellow-cow-1911.jpg"
"fred-williams_landscape-with-acacias-1974","Landscape with acacias 1974","Fred Williams","Expressionism","data/archive/Expressionism/fred-williams_landscape-with-acacias-1974.jpg"
"george-bouzianis_factory-in-munich-1927","Factory in munich 1927","George Bouzianis","Expressionism","data/archive/Expressionism/george-bouzianis_factory-in-munich-1927.jpg"
"george-bouzianis_naked-boy-1928","Naked boy 1928","George Bouzianis","Expressionism","data/archive/Expressionism/george-bouzianis_naked-boy-1928.jpg"
"george-bouzianis_portrait-of-a-boy-1931","Portrait of a boy 1931","George Bouzianis","Expressionism","data/archive/Expressionism/george-bouzianis_portrait-of-a-boy-1931.jpg"
"george-bouzianis_self-portrait-1922-23","Self portrait 1922 23","George Bouzianis","Expressionism","data/archive/Expressionism/george-bouzianis_self-portrait-1922-23.jpg"
"george-bouzianis_the-woman-who-looks-back","The woman who looks back","George Bouzianis","Expressionism","data/archive/Expressionism/george-bouzianis_the-woman-who-looks-back.jpg"
"george-mavroides_girl","Girl","George Mavroides","Expressionism","data/archive/Expressionism/george-mavroides_girl.jpg"
"george-mavroides_sophia-1968","Sophia 1968","George Mavroides","Expressionism","data/archive/Expressionism/george-mavroides_sophia-1968.jpg"
"george-segal_woman-on-wicker-rocker","Woman on wicker rocker","George Segal","Expressionism","data/archive/Expressionism/george-segal_woman-on-wicker-rocker.jpg"
"georges-braque_bird-returning-to-it-s-nest-1956","Bird returning to it s nest 1956","Georges Braque","Expressionism","data/archive/Expressionism/georges-braque_bird-returning-to-it-s-nest-1956.jpg"
"georges-braque_my-bicycle-1941","My bicycle 1941","Georges Braque","Expressionism","data/archive/Expressionism/georges-braque_my-bicycle-1941.jpg"
"georges-braque_still-life-with-skull","Still life with skull","Georges Braque","Expressionism","data/archive/Expressionism/georges-braque_still-life-with-skull.jpg"
"georges-braque_the-metallic-plow-1962","The metallic plow 1962","Georges Braque","Expressionism","data/archive/Expressionism/georges-braque_the-metallic-plow-1962.jpg"
"georges-braque_the-studio-v-1949-expressionism","The studio v 1949","Georges Braque","Expressionism","data/archive/Expressionism/georges-braque_the-studio-v-1949.jpg"
"georges-rouault_acrobate-vii-1913","Acrobate vii 1913","Georges Rouault","Expressionism","data/archive/Expressionism/georges-rouault_acrobate-vii-1913.jpg"
"georges-rouault_trois-personnages-dans-un-paysage-de-bretagne-1915","Trois personnages dans un paysage de bretagne 1915","Georges Rouault","Expressionism","data/archive/Expressionism/georges-rouault_trois-personnages-dans-un-paysage-de-bretagne-1915.jpg"
"gerard-sekoto_washerwomen","Washerwomen","Gerard Sekoto","Expressionism","data/archive/Expressionism/gerard-sekoto_washerwomen.jpg"
"hans-bellmer_self-portrait-1971","Self portrait 1971","Hans Bellmer","Expressionism","data/archive/Expressionism/hans-bellmer_self-portrait-1971.jpg"
"helene-schjerfbeck_circus-girl-1916","Circus girl 1916","Helene Schjerfbeck","Expressionism","data/archive/Expressionism/helene-schjerfbeck_circus-girl-1916.jpg"
"helene-schjerfbeck_self-portrait-with-black-background-1915","Self portrait with black background 1915","Helene Schjerfbeck","Expressionism","data/archive/Expressionism/helene-schjerfbeck_self-portrait-with-black-background-1915.jpg"
"henri-matisse_algerian-woman-1909","Algerian woman 1909","Henri Matisse","Expressionism","data/archive/Expressionism/henri-matisse_algerian-woman-1909.jpg"
"henri-matisse_figure-in-scutari-carpet-1922(1)","Figure in scutari carpet 1922(1)","Henri Matisse","Expressionism","data/archive/Expressionism/henri-matisse_figure-in-scutari-carpet-1922(1).jpg"
"henri-matisse_interior-with-etruscan-vase-1940","Interior with etruscan vase 1940","Henri Matisse","Expressionism","data/archive/Expressionism/henri-matisse_interior-with-etruscan-vase-1940.jpg"
"henri-matisse_music-sketch-1907","Music sketch 1907","Henri Matisse","Expressionism","data/archive/Expressionism/henri-matisse_music-sketch-1907.jpg"
"henri-matisse_nude-2","Nude 2","Henri Matisse","Expressionism","data/archive/Expressionism/henri-matisse_nude-2.jpg"
"henri-matisse_odalisque-with-a-tambourine-1926","Odalisque with a tambourine 1926","Henri Matisse","Expressionism","data/archive/Expressionism/henri-matisse_odalisque-with-a-tambourine-1926.jpg"
"henri-matisse_portrait-of-saul-stein-1916","Portrait of saul stein 1916","Henri Matisse","Expressionism","data/archive/Expressionism/henri-matisse_portrait-of-saul-stein-1916.jpg"
"henri-matisse_sitting-woman-1919","Sitting woman 1919","Henri Matisse","Expressionism","data/archive/Expressionism/henri-matisse_sitting-woman-1919.jpg"
"henri-matisse_still-life-6","Still life 6","Henri Matisse","Expressionism","data/archive/Expressionism/henri-matisse_still-life-6.jpg"
"henri-matisse_still-life-with-shellfish","Still life with shellfish","Henri Matisse","Expressionism","data/archive/Expressionism/henri-matisse_still-life-with-shellfish.jpg"
"henri-matisse_the-dream-1940","The dream 1940","Henri Matisse","Expressionism","data/archive/Expressionism/henri-matisse_the-dream-1940.jpg"
"henri-matisse_the-reader-marguerite-matisse-1906","The reader marguerite matisse 1906","Henri Matisse","Expressionism","data/archive/Expressionism/henri-matisse_the-reader-marguerite-matisse-1906.jpg"
"henri-matisse_view-of-notre-dame-1914","View of notre dame 1914","Henri Matisse","Expressionism","data/archive/Expressionism/henri-matisse_view-of-notre-dame-1914.jpg"
"henri-matisse_woman-with-a-green-parasol-on-a-balcony-1919","Woman with a green parasol on a balcony 1919","Henri Matisse","Expressionism","data/archive/Expressionism/henri-matisse_woman-with-a-green-parasol-on-a-balcony-1919.jpg"
"henri-michaux_les-trois-graces-1930","Les trois graces 1930","Henri Michaux","Expressionism","data/archive/Expressionism/henri-michaux_les-trois-graces-1930.jpg"
"horia-bernea_houses-in-poiana-m-rului-1972","Houses in poiana m rului 1972","Horia Bernea","Expressionism","data/archive/Expressionism/horia-bernea_houses-in-poiana-m-rului-1972.jpg"
"ilka-gedo_artificial-flower-with-inscriptions-1975","Artificial flower with inscriptions 1975","Ilka Gedo","Expressionism","data/archive/Expressionism/ilka-gedo_artificial-flower-with-inscriptions-1975.jpg"
"ilka-gedo_rose-garden-in-the-wind-1973","Rose garden in the wind 1973","Ilka Gedo","Expressionism","data/archive/Expressionism/ilka-gedo_rose-garden-in-the-wind-1973.jpg"
"ilka-gedo_two-figures-at-work-at-a-table-1948","Two figures at work at a table 1948","Ilka Gedo","Expressionism","data/archive/Expressionism/ilka-gedo_two-figures-at-work-at-a-table-1948.jpg"
"ion-pacea_marina-2","Marina 2","Ion Pacea","Expressionism","data/archive/Expressionism/ion-pacea_marina-2.jpg"
"ion-tuculescu_blue-field","Blue field","Ion Tuculescu","Expressionism","data/archive/Expressionism/ion-tuculescu_blue-field.jpg"
"ion-tuculescu_make-up-box-the-green-eyes","Make up box the green eyes","Ion Tuculescu","Expressionism","data/archive/Expressionism/ion-tuculescu_make-up-box-the-green-eyes.jpg"
"iosif-iser_ballerina-1930","Ballerina 1930","Iosif Iser","Expressionism","data/archive/Expressionism/iosif-iser_ballerina-1930.jpg"
"iosif-iser_seated-woman-with-yellow-jacket","Seated woman with yellow jacket","Iosif Iser","Expressionism","data/archive/Expressionism/iosif-iser_seated-woman-with-yellow-jacket.jpg"
"irma-stern_bathers-1965","Bathers 1965","Irma Stern","Expressionism","data/archive/Expressionism/irma-stern_bathers-1965.jpg"
"istvan-farkas_on-the-hillside-1931","On the hillside 1931","Istvan Farkas","Expressionism","data/archive/Expressionism/istvan-farkas_on-the-hillside-1931.jpg"
"ivan-albright_road-augsburg-to-munich-germany-1975","Road augsburg to munich germany 1975","Ivan Albright","Expressionism","data/archive/Expressionism/ivan-albright_road-augsburg-to-munich-germany-1975.jpg"
"jack-bush_farm-house-caledon-1944","Farm house caledon 1944","Jack Bush","Expressionism","data/archive/Expressionism/jack-bush_farm-house-caledon-1944.jpg"
"jackson-pollock_circle-1941(1)","Circle 1941(1)","Jackson Pollock","Expressionism","data/archive/Expressionism/jackson-pollock_circle-1941(1).jpg"
"jacoba-van-heemskerck_tree-1918","Tree 1918","Jacoba Van Heemskerck","Expressionism","data/archive/Expressionism/jacoba-van-heemskerck_tree-1918.jpg"
"jan-sluyters_recumbent-female-nude-1922","Recumbent female nude 1922","Jan Sluyters","Expressionism","data/archive/Expressionism/jan-sluyters_recumbent-female-nude-1922.jpg"
"jean-david_figure(1)","Figure(1)","Jean David","Expressionism","data/archive/Expressionism/jean-david_figure(1).jpg"
"jean-david_untitled","Untitled","Jean David","Expressionism","data/archive/Expressionism/jean-david_untitled.jpg"
"jean-fautrier_nature-morte-aux-poires-1928","Nature morte aux poires 1928","Jean Fautrier","Expressionism","data/archive/Expressionism/jean-fautrier_nature-morte-aux-poires-1928.jpg"
"jean-helion_untitled-1957","Untitled 1957","Jean Helion","Expressionism","data/archive/Expressionism/jean-helion_untitled-1957.jpg"
"jean-paul-lemieux_le-parasol","Le parasol","Jean Paul Lemieux","Expressionism","data/archive/Expressionism/jean-paul-lemieux_le-parasol.jpg"
"jean-rene-bazaine_girls-with-bare-breasts-1942","Girls with bare breasts 1942","Jean Rene Bazaine","Expressionism","data/archive/Expressionism/jean-rene-bazaine_girls-with-bare-breasts-1942.jpg"
"johannes-sveinsson-kjarval_forest-palace-1918","Forest palace 1918","Johannes Sveinsson Kjarval","Expressionism","data/archive/Expressionism/johannes-sveinsson-kjarval_forest-palace-1918.jpg"
"john-marin_sunset-1922","Sunset 1922","John Marin","Expressionism","data/archive/Expressionism/john-marin_sunset-1922.jpg"
"jose-de-almada-negreiros_self-portrait-in-a-group","Self portrait in a group","Jose De Almada Negreiros","Expressionism","data/archive/Expressionism/jose-de-almada-negreiros_self-portrait-in-a-group.jpg"
"jose-gutierrez-solana_fish-and-crab","Fish and crab","Jose Gutierrez Solana","Expressionism","data/archive/Expressionism/jose-gutierrez-solana_fish-and-crab.jpg"
"jose-gutierrez-solana_still-life-with-red-cabbage-copper-cauliflower-and-cabbage","Still life with red cabbage copper cauliflower and cabbage","Jose Gutierrez Solana","Expressionism","data/archive/Expressionism/jose-gutierrez-solana_still-life-with-red-cabbage-copper-cauliflower-and-cabbage.jpg"
"jose-gutierrez-solana_the-meeting-at-the-pharmacy-1934","The meeting at the pharmacy 1934","Jose Gutierrez Solana","Expressionism","data/archive/Expressionism/jose-gutierrez-solana_the-meeting-at-the-pharmacy-1934.jpg"
"jose-gutierrez-solana_women-of-life-1933","Women of life 1933","Jose Gutierrez Solana","Expressionism","data/archive/Expressionism/jose-gutierrez-solana_women-of-life-1933.jpg"
"josef-herman_three-mexican-women-1968","Three mexican women 1968","Josef Herman","Expressionism","data/archive/Expressionism/josef-herman_three-mexican-women-1968.jpg"
"jules-pascin_woman-lying-down-with-her-arms-raised-1907","Woman lying down with her arms raised 1907","Jules Pascin","Expressionism","data/archive/Expressionism/jules-pascin_woman-lying-down-with-her-arms-raised-1907.jpg"
"jury-annenkov_illustration-to-aleksander-blok-s-poem-the-twelve-1918-6","Illustration to aleksander blok s poem the twelve 1918 6","Jury Annenkov","Expressionism","data/archive/Expressionism/jury-annenkov_illustration-to-aleksander-blok-s-poem-the-twelve-1918-6.jpg"
"jury-annenkov_the-intellectual","The intellectual","Jury Annenkov","Expressionism","data/archive/Expressionism/jury-annenkov_the-intellectual.jpg"
"kathe-kollwitz_not_detected_235976","Sem título (235976)","Kathe Kollwitz","Expressionism","data/archive/Expressionism/kathe-kollwitz_not_detected_235976.jpg"
"kathe-kollwitz_not_detected_235993","Sem título (235993)","Kathe Kollwitz","Expressionism","data/archive/Expressionism/kathe-kollwitz_not_detected_235993.jpg"
"kees-van-dongen_parisian-lady-1910","Parisian lady 1910","Kees Van Dongen","Expressionism","data/archive/Expressionism/kees-van-dongen_parisian-lady-1910.jpg"
"konstantinos-parthenis_gazing-at-peace-1938","Gazing at peace 1938","Konstantinos Parthenis","Expressionism","data/archive/Expressionism/konstantinos-parthenis_gazing-at-peace-1938.jpg"
"konstantinos-parthenis_the-virgin-mary-1942","The virgin mary 1942","Konstantinos Parthenis","Expressionism","data/archive/Expressionism/konstantinos-parthenis_the-virgin-mary-1942.jpg"
"lasar-segall_dois-nus-1930","Dois nus 1930","Lasar Segall","Expressionism","data/archive/Expressionism/lasar-segall_dois-nus-1930.jpg"
"laszlo-mednyanszky_soldiers-1918","Soldiers 1918","Laszlo Mednyanszky","Expressionism","data/archive/Expressionism/laszlo-mednyanszky_soldiers-1918.jpg"
"ligia-macovei_still-life-1","Still life 1","Ligia Macovei","Expressionism","data/archive/Expressionism/ligia-macovei_still-life-1.jpg"
"ligia-macovei_unknown-title-20","Unknown title 20","Ligia Macovei","Expressionism","data/archive/Expressionism/ligia-macovei_unknown-title-20.jpg"
"ligia-macovei_unknown-title-9","Unknown title 9","Ligia Macovei","Expressionism","data/archive/Expressionism/ligia-macovei_unknown-title-9.jpg"
"louay-kayyali_seated-boy","Seated boy","Louay Kayyali","Expressionism","data/archive/Expressionism/louay-kayyali_seated-boy.jpg"
"lovis-corinth_gertrud-eysoldt-as-salome-1903","Gertrud eysoldt as salome 1903","Lovis Corinth","Expressionism","data/archive/Expressionism/lovis-corinth_gertrud-eysoldt-as-salome-1903.jpg"
"lovis-corinth_the-magdalen-with-pearls-in-her-hair-1919","The magdalen with pearls in her hair 1919","Lovis Corinth","Expressionism","data/archive/Expressionism/lovis-corinth_the-magdalen-with-pearls-in-her-hair-1919.jpg"
"lucian-freud_albie-2004","Albie 2004","Lucian Freud","Expressionism","data/archive/Expressionism/lucian-freud_albie-2004.jpg"
"lucian-freud_bella-1981","Bella 1981","Lucian Freud","Expressionism","data/archive/Expressionism/lucian-freud_bella-1981.jpg"
"lucian-freud_child-with-a-toy-dog-1958","Child with a toy dog 1958","Lucian Freud","Expressionism","data/archive/Expressionism/lucian-freud_child-with-a-toy-dog-1958.jpg"
"lucian-freud_evening-in-the-studio","Evening in the studio","Lucian Freud","Expressionism","data/archive/Expressionism/lucian-freud_evening-in-the-studio.jpg"
"lucian-freud_girl-in-a-dark-dress-1951","Girl in a dark dress 1951","Lucian Freud","Expressionism","data/archive/Expressionism/lucian-freud_girl-in-a-dark-dress-1951.jpg"
"lucian-freud_guy-and-speck-1981","Guy and speck 1981","Lucian Freud","Expressionism","data/archive/Expressionism/lucian-freud_guy-and-speck-1981.jpg"
"lucian-freud_ib-1984","Ib 1984","Lucian Freud","Expressionism","data/archive/Expressionism/lucian-freud_ib-1984.jpg"
"lucian-freud_last-portrait-of-leigh","Last portrait of leigh","Lucian Freud","Expressionism","data/archive/Expressionism/lucian-freud_last-portrait-of-leigh.jpg"
"lucian-freud_man-s-head-small-portrait-iii-self-portrait-1963","Man s head small portrait iii self portrait 1963","Lucian Freud","Expressionism","data/archive/Expressionism/lucian-freud_man-s-head-small-portrait-iii-self-portrait-1963.jpg"
"lucian-freud_naked-portait-and-a-green-chair","Naked portait and a green chair","Lucian Freud","Expressionism","data/archive/Expressionism/lucian-freud_naked-portait-and-a-green-chair.jpg"
"lucian-freud_painter-working-reflection","Painter working reflection","Lucian Freud","Expressionism","data/archive/Expressionism/lucian-freud_painter-working-reflection.jpg"
"lucian-freud_resting-on-the-green-chair","Resting on the green chair","Lucian Freud","Expressionism","data/archive/Expressionism/lucian-freud_resting-on-the-green-chair.jpg"
"lucian-freud_still-life-quinces-1982","Still life quinces 1982","Lucian Freud","Expressionism","data/archive/Expressionism/lucian-freud_still-life-quinces-1982.jpg"
"lucian-freud_the-painter-s-mother-1","The painter s mother 1","Lucian Freud","Expressionism","data/archive/Expressionism/lucian-freud_the-painter-s-mother-1.jpg"
"lucian-freud_two-men-1988","Two men 1988","Lucian Freud","Expressionism","data/archive/Expressionism/lucian-freud_two-men-1988.jpg"
"lynd-ward_not-detected-272462","Sem título (272462)","Lynd Ward","Expressionism","data/archive/Expressionism/lynd-ward_not-detected-272462.jpg"
"lynd-ward_not-detected-272486","Sem título (272486)","Lynd Ward","Expressionism","data/archive/Expressionism/lynd-ward_not-detected-272486.jpg"
"lynd-ward_not-detected-272510","Sem título (272510)","Lynd Ward","Expressionism","data/archive/Expressionism/lynd-ward_not-detected-272510.jpg"
"lynd-ward_not-detected-272538","Sem título (272538)","Lynd Ward","Expressionism","data/archive/Expressionism/lynd-ward_not-detected-272538.jpg"
"lyonel-feininger_in-a-village-near-paris-street-in-paris-pink-sky-1909","In a village near paris street in paris pink sky 1909","Lyonel Feininger","Expressionism","data/archive/Expressionism/lyonel-feininger_in-a-village-near-paris-street-in-paris-pink-sky-1909.jpg"
"lyonel-feininger_the-white-man-1907","The white man 1907","Lyonel Feininger","Expressionism","data/archive/Expressionism/lyonel-feininger_the-white-man-1907.jpg"
"m.c.-escher_bookplate-a-r-a-wertheim","Bookplate a r a wertheim","M.c. Escher","Expressionism","data/archive/Expressionism/m.c.-escher_bookplate-a-r-a-wertheim.jpg"
"m.c.-escher_father-with-magnifying-glass","Father with magnifying glass","M.c. Escher","Expressionism","data/archive/Expressionism/m.c.-escher_father-with-magnifying-glass.jpg"
"m.c.-escher_in-mesquitas-classroom","In mesquitas classroom","M.c. Escher","Expressionism","data/archive/Expressionism/m.c.-escher_in-mesquitas-classroom.jpg"
"m.c.-escher_not_detected_204633","Sem título (204633)","M.c. Escher","Expressionism","data/archive/Expressionism/m.c.-escher_not_detected_204633.jpg"
"m.c.-escher_not_detected_204679","Sem título (204679)","M.c. Escher","Expressionism","data/archive/Expressionism/m.c.-escher_not_detected_204679.jpg"
"m.c.-escher_palm-tree-sketch","Palm tree sketch","M.c. Escher","Expressionism","data/archive/Expressionism/m.c.-escher_palm-tree-sketch.jpg"
"m.c.-escher_seated-old-woman","Seated old woman","M.c. Escher","Expressionism","data/archive/Expressionism/m.c.-escher_seated-old-woman.jpg"
"m.c.-escher_young-thrush","Young thrush","M.c. Escher","Expressionism","data/archive/Expressionism/m.c.-escher_young-thrush.jpg"
"marc-chagall_not_detected_202865","Sem título (202865)","Marc Chagall","Expressionism","data/archive/Expressionism/marc-chagall_not_detected_202865.jpg"
"marc-chagall_the-house-on-the-forest-edge-1914","The house on the forest edge 1914","Marc Chagall","Expressionism","data/archive/Expressionism/marc-chagall_the-house-on-the-forest-edge-1914.jpg"
"marcel-duchamp_after-love-1968","After love 1968","Marcel Duchamp","Expressionism","data/archive/Expressionism/marcel-duchamp_after-love-1968.jpg"
"marcel-duchamp_the-bec-auer-1967","The bec auer 1967","Marcel Duchamp","Expressionism","data/archive/Expressionism/marcel-duchamp_the-bec-auer-1967.jpg"
"marcel-janco_urmuz-1923","Urmuz 1923","Marcel Janco","Expressionism","data/archive/Expressionism/marcel-janco_urmuz-1923.jpg"
"margareta-sterian_at-the-clowns","At the clowns","Margareta Sterian","Expressionism","data/archive/Expressionism/margareta-sterian_at-the-clowns.jpg"
"margareta-sterian_jewish-wedding","Jewish wedding","Margareta Sterian","Expressionism","data/archive/Expressionism/margareta-sterian_jewish-wedding.jpg"
"margareta-sterian_the-circus-in-the-tent","The circus in the tent","Margareta Sterian","Expressionism","data/archive/Expressionism/margareta-sterian_the-circus-in-the-tent.jpg"
"marie-laurencin_girl-with-a-bow-1920","Girl with a bow 1920","Marie Laurencin","Expressionism","data/archive/Expressionism/marie-laurencin_girl-with-a-bow-1920.jpg"
"marie-laurencin_woman-with-dove-1919","Woman with dove 1919","Marie Laurencin","Expressionism","data/archive/Expressionism/marie-laurencin_woman-with-dove-1919.jpg"
"mark-rothko_entance-to-subway","Entance to subway","Mark Rothko","Expressionism","data/archive/Expressionism/mark-rothko_entance-to-subway.jpg"
"mark-tobey_zoo-sketch","Zoo sketch","Mark Tobey","Expressionism","data/archive/Expressionism/mark-tobey_zoo-sketch.jpg"
"martiros-saryan_aparan-1935","Aparan 1935","Martiros Saryan","Expressionism","data/archive/Expressionism/martiros-saryan_aparan-1935.jpg"
"martiros-saryan_ashtarak-1933-1","Ashtarak 1933 1","Martiros Saryan","Expressionism","data/archive/Expressionism/martiros-saryan_ashtarak-1933-1.jpg"
"martiros-saryan_by-the-sea-1908","By the sea 1908","Martiros Saryan","Expressionism","data/archive/Expressionism/martiros-saryan_by-the-sea-1908.jpg"
"martiros-saryan_egyptian-woman-1911","Egyptian woman 1911","Martiros Saryan","Expressionism","data/archive/Expressionism/martiros-saryan_egyptian-woman-1911.jpg"
"martiros-saryan_fellah-village-1911-3","Fellah village 1911 3","Martiros Saryan","Expressionism","data/archive/Expressionism/martiros-saryan_fellah-village-1911-3.jpg"
"martiros-saryan_fruits-and-vegetables-1934","Fruits and vegetables 1934","Martiros Saryan","Expressionism","data/archive/Expressionism/martiros-saryan_fruits-and-vegetables-1934.jpg"
"martiros-saryan_illumination-for-the-tale-by-hovhannes-tumanyan-nazar-the-brave-1936","Illumination for the tale by hovhannes tumanyan nazar the brave 1936","Martiros Saryan","Expressionism","data/archive/Expressionism/martiros-saryan_illumination-for-the-tale-by-hovhannes-tumanyan-nazar-the-brave-1936.jpg"
"martiros-saryan_in-persia-1915","In persia 1915","Martiros Saryan","Expressionism","data/archive/Expressionism/martiros-saryan_in-persia-1915.jpg"
"martiros-saryan_landscape-with-a-view-of-mount-ararat-1937","Landscape with a view of mount ararat 1937","Martiros Saryan","Expressionism","data/archive/Expressionism/martiros-saryan_landscape-with-a-view-of-mount-ararat-1937.jpg"
"martiros-saryan_motherland-1971","Motherland 1971","Martiros Saryan","Expressionism","data/archive/Expressionism/martiros-saryan_motherland-1971.jpg"
"martiros-saryan_notable-day-in-the-mountains-1926","Notable day in the mountains 1926","Martiros Saryan","Expressionism","data/archive/Expressionism/martiros-saryan_notable-day-in-the-mountains-1926.jpg"
"martiros-saryan_persia-1913","Persia 1913","Martiros Saryan","Expressionism","data/archive/Expressionism/martiros-saryan_persia-1913.jpg"
"martiros-saryan_portrait-of-architect-toros-toramanian-1934","Portrait of architect toros toramanian 1934","Martiros Saryan","Expressionism","data/archive/Expressionism/martiros-saryan_portrait-of-architect-toros-toramanian-1934.jpg"
"martiros-saryan_portrait-of-nina-komurdzhyan-1917","Portrait of nina komurdzhyan 1917","Martiros Saryan","Expressionism","data/archive/Expressionism/martiros-saryan_portrait-of-nina-komurdzhyan-1917.jpg"
"martiros-saryan_roses-1949","Roses 1949","Martiros Saryan","Expressionism","data/archive/Expressionism/martiros-saryan_roses-1949.jpg"
"martiros-saryan_shepherds-1925","Shepherds 1925","Martiros Saryan","Expressionism","data/archive/Expressionism/martiros-saryan_shepherds-1925.jpg"
"martiros-saryan_street-and-the-ditch-in-ashgabat-1934","Street and the ditch in ashgabat 1934","Martiros Saryan","Expressionism","data/archive/Expressionism/martiros-saryan_street-and-the-ditch-in-ashgabat-1934.jpg"
"martiros-saryan_threshing-grain-1929","Threshing grain 1929","Martiros Saryan","Expressionism","data/archive/Expressionism/martiros-saryan_threshing-grain-1929.jpg"
"martiros-saryan_woman-with-mask-s-i-dymshits-1913","Woman with mask s i dymshits 1913","Martiros Saryan","Expressionism","data/archive/Expressionism/martiros-saryan_woman-with-mask-s-i-dymshits-1913.jpg"
"max-beckmann_adam-and-eve-1917","Adam and eve 1917","Max Beckmann","Expressionism","data/archive/Expressionism/max-beckmann_adam-and-eve-1917.jpg"
"max-beckmann_journey-on-the-fish-1934","Journey on the fish 1934","Max Beckmann","Expressionism","data/archive/Expressionism/max-beckmann_journey-on-the-fish-1934.jpg"
"max-beckmann_quappi-in-pink","Quappi in pink","Max Beckmann","Expressionism","data/archive/Expressionism/max-beckmann_quappi-in-pink.jpg"
"max-beckmann_the-dream-1921","The dream 1921","Max Beckmann","Expressionism","data/archive/Expressionism/max-beckmann_the-dream-1921.jpg"
"max-kurzweil_martha-kurzweil-before-an-easel-1902","Martha kurzweil before an easel 1902","Max Kurzweil","Expressionism","data/archive/Expressionism/max-kurzweil_martha-kurzweil-before-an-easel-1902.jpg"
"max-pechstein_der-tanz-tanzende-und-badende-am-waldteich-1912","Der tanz tanzende und badende am waldteich 1912","Max Pechstein","Expressionism","data/archive/Expressionism/max-pechstein_der-tanz-tanzende-und-badende-am-waldteich-1912.jpg"
"max-pechstein_kornpuppen-1922","Kornpuppen 1922","Max Pechstein","Expressionism","data/archive/Expressionism/max-pechstein_kornpuppen-1922.jpg"
"max-pechstein_somme-1918","Somme 1918","Max Pechstein","Expressionism","data/archive/Expressionism/max-pechstein_somme-1918.jpg"
"max-pechstein_waldweg-1919","Waldweg 1919","Max Pechstein","Expressionism","data/archive/Expressionism/max-pechstein_waldweg-1919.jpg"
"max-weber_study-for-russian-ballet","Study for russian ballet","Max Weber","Expressionism","data/archive/Expressionism/max-weber_study-for-russian-ballet.jpg"
"milton-avery_cello-player-1944","Cello player 1944","Milton Avery","Expressionism","data/archive/Expressionism/milton-avery_cello-player-1944.jpg"
"milton-avery_sail-1958","Sail 1958","Milton Avery","Expressionism","data/archive/Expressionism/milton-avery_sail-1958.jpg"
"miriam-schapiro_the-stronger-vessel","The stronger vessel","Miriam Schapiro","Expressionism","data/archive/Expressionism/miriam-schapiro_the-stronger-vessel.jpg"
"mstislav-dobuzhinsky_from-the-life-in-petrograd-in-1920-1920","From the life in petrograd in 1920 1920","Mstislav Dobuzhinsky","Expressionism","data/archive/Expressionism/mstislav-dobuzhinsky_from-the-life-in-petrograd-in-1920-1920.jpg"
"natalia-goncharova_boy-with-rooster","Boy with rooster","Natalia Goncharova","Expressionism","data/archive/Expressionism/natalia-goncharova_boy-with-rooster.jpg"
"natalia-goncharova_planting-potatoes-1909","Planting potatoes 1909","Natalia Goncharova","Expressionism","data/archive/Expressionism/natalia-goncharova_planting-potatoes-1909.jpg"
"neil-welliver_the-beautiful-gabrielle-and-the-marechale-de-balagny","The beautiful gabrielle and the marechale de balagny","Neil Welliver","Expressionism","data/archive/Expressionism/neil-welliver_the-beautiful-gabrielle-and-the-marechale-de-balagny.jpg"
"nicolae-tonitza_little-girl-with-flowery-headscarf-1925","Little girl with flowery headscarf 1925","Nicolae Tonitza","Expressionism","data/archive/Expressionism/nicolae-tonitza_little-girl-with-flowery-headscarf-1925.jpg"
"nicolae-tonitza_two-sisters-1927","Two sisters 1927","Nicolae Tonitza","Expressionism","data/archive/Expressionism/nicolae-tonitza_two-sisters-1927.jpg"
"nikolaos-lytras_landscape-karyatides","Landscape karyatides","Nikolaos Lytras","Expressionism","data/archive/Expressionism/nikolaos-lytras_landscape-karyatides.jpg"
"nikolaos-lytras_portrait-of-f-d","Portrait of f d","Nikolaos Lytras","Expressionism","data/archive/Expressionism/nikolaos-lytras_portrait-of-f-d.jpg"
"nikolaos-lytras_the-straw-hat","The straw hat","Nikolaos Lytras","Expressionism","data/archive/Expressionism/nikolaos-lytras_the-straw-hat.jpg"
"oskar-kokoschka_not_detected_235831","Sem título (235831)","Oskar Kokoschka","Expressionism","data/archive/Expressionism/oskar-kokoschka_not_detected_235831.jpg"
"oskar-kokoschka_not_detected_235848","Sem título (235848)","Oskar Kokoschka","Expressionism","data/archive/Expressionism/oskar-kokoschka_not_detected_235848.jpg"
"oskar-kokoschka_not_detected_235867","Sem título (235867)","Oskar Kokoschka","Expressionism","data/archive/Expressionism/oskar-kokoschka_not_detected_235867.jpg"
"oskar-kokoschka_not_detected_235884","Sem título (235884)","Oskar Kokoschka","Expressionism","data/archive/Expressionism/oskar-kokoschka_not_detected_235884.jpg"
"oskar-kokoschka_portrait-of-carl-moll","Portrait of carl moll","Oskar Kokoschka","Expressionism","data/archive/Expressionism/oskar-kokoschka_portrait-of-carl-moll.jpg"
"ossip-zadkine_como","Como","Ossip Zadkine","Expressionism","data/archive/Expressionism/ossip-zadkine_como.jpg"
"ossip-zadkine_inspiration","Inspiration","Ossip Zadkine","Expressionism","data/archive/Expressionism/ossip-zadkine_inspiration.jpg"
"ossip-zadkine_the-tree-of-life-menorah","The tree of life menorah","Ossip Zadkine","Expressionism","data/archive/Expressionism/ossip-zadkine_the-tree-of-life-menorah.jpg"
"oswaldo-guayasamin_flores-secas-1994","Flores secas 1994","Oswaldo Guayasamin","Expressionism","data/archive/Expressionism/oswaldo-guayasamin_flores-secas-1994.jpg"
"otto-dix_cats","Cats","Otto Dix","Expressionism","data/archive/Expressionism/otto-dix_cats.jpg"
"otto-dix_longing-self-portrait","Longing self portrait","Otto Dix","Expressionism","data/archive/Expressionism/otto-dix_longing-self-portrait.jpg"
"otto-dix_randegg-in-the-snow-with-ravens","Randegg in the snow with ravens","Otto Dix","Expressionism","data/archive/Expressionism/otto-dix_randegg-in-the-snow-with-ravens.jpg"
"otto-dix_street-strasse-from-the-portfolio-nine-woodcuts","Street strasse from the portfolio nine woodcuts","Otto Dix","Expressionism","data/archive/Expressionism/otto-dix_street-strasse-from-the-portfolio-nine-woodcuts.jpg"
"otto-dix_wounded-soldier","Wounded soldier","Otto Dix","Expressionism","data/archive/Expressionism/otto-dix_wounded-soldier.jpg"
"pablo-picasso_bull-plate-ii-1945","Bull plate ii 1945","Pablo Picasso","Expressionism","data/archive/Expressionism/pablo-picasso_bull-plate-ii-1945.jpg"
"pablo-picasso_don-quixote-1955","Don quixote 1955","Pablo Picasso","Expressionism","data/archive/Expressionism/pablo-picasso_don-quixote-1955.jpg"
"pablo-picasso_gutted-horse-1917","Gutted horse 1917","Pablo Picasso","Expressionism","data/archive/Expressionism/pablo-picasso_gutted-horse-1917.jpg"
"pablo-picasso_lying-female-nude-1964","Lying female nude 1964","Pablo Picasso","Expressionism","data/archive/Expressionism/pablo-picasso_lying-female-nude-1964.jpg"
"pablo-picasso_minotaur-is-wounded-1933-1","Minotaur is wounded 1933 1","Pablo Picasso","Expressionism","data/archive/Expressionism/pablo-picasso_minotaur-is-wounded-1933-1.jpg"
"pablo-picasso_portrait-of-child-1951","Portrait of child 1951","Pablo Picasso","Expressionism","data/archive/Expressionism/pablo-picasso_portrait-of-child-1951.jpg"
"pablo-picasso_profile-of-young-dutchwoman-1905","Profile of young dutchwoman 1905","Pablo Picasso","Expressionism","data/archive/Expressionism/pablo-picasso_profile-of-young-dutchwoman-1905.jpg"
"pablo-picasso_self-portrait-1906-3","Self portrait 1906 3","Pablo Picasso","Expressionism","data/archive/Expressionism/pablo-picasso_self-portrait-1906-3.jpg"
"pablo-picasso_studio-pigeons-velazquez-1957-1","Studio pigeons velazquez 1957 1","Pablo Picasso","Expressionism","data/archive/Expressionism/pablo-picasso_studio-pigeons-velazquez-1957-1.jpg"
"pablo-picasso_the-harem-1906","The harem 1906","Pablo Picasso","Expressionism","data/archive/Expressionism/pablo-picasso_the-harem-1906.jpg"
"pablo-picasso_two-friends-1904","Two friends 1904","Pablo Picasso","Expressionism","data/archive/Expressionism/pablo-picasso_two-friends-1904.jpg"
"pablo-picasso_untitled-1970","Untitled 1970","Pablo Picasso","Expressionism","data/archive/Expressionism/pablo-picasso_untitled-1970.jpg"
"pablo-picasso_woman-with-hat-1943","Woman with hat 1943","Pablo Picasso","Expressionism","data/archive/Expressionism/pablo-picasso_woman-with-hat-1943.jpg"
"paul-delvaux_hat","Hat","Paul Delvaux","Expressionism","data/archive/Expressionism/paul-delvaux_hat.jpg"
"paul-klee_bad-band-1920(1)","Bad band 1920(1)","Paul Klee","Expressionism","data/archive/Expressionism/paul-klee_bad-band-1920(1).jpg"
"paul-klee_dieser-stern-lehrt-beugen-1940","Dieser stern lehrt beugen 1940","Paul Klee","Expressionism","data/archive/Expressionism/paul-klee_dieser-stern-lehrt-beugen-1940.jpg"
"paul-klee_heroic-roses-1938(1)","Heroic roses 1938(1)","Paul Klee","Expressionism","data/archive/Expressionism/paul-klee_heroic-roses-1938(1).jpg"
"paul-klee_park-bei-lu-1938(1)","Park bei lu 1938(1)","Paul Klee","Expressionism","data/archive/Expressionism/paul-klee_park-bei-lu-1938(1).jpg"
"paul-klee_station-l-112-1923(1)","Station l 112 1923(1)","Paul Klee","Expressionism","data/archive/Expressionism/paul-klee_station-l-112-1923(1).jpg"
"paul-klee_to-the-parnassus-1932(2)","To the parnassus 1932(2)","Paul Klee","Expressionism","data/archive/Expressionism/paul-klee_to-the-parnassus-1932(2).jpg"
"paula-modersohn-becker_cowshed-1901","Cowshed 1901","Paula Modersohn Becker","Expressionism","data/archive/Expressionism/paula-modersohn-becker_cowshed-1901.jpg"
"paula-modersohn-becker_kneeling-breast-feeding-mother","Kneeling breast feeding mother","Paula Modersohn Becker","Expressionism","data/archive/Expressionism/paula-modersohn-becker_kneeling-breast-feeding-mother.jpg"
"paula-modersohn-becker_old-blind-woman","Old blind woman","Paula Modersohn Becker","Expressionism","data/archive/Expressionism/paula-modersohn-becker_old-blind-woman.jpg"
"paula-modersohn-becker_reclining-mother-and-child-1906","Reclining mother and child 1906","Paula Modersohn Becker","Expressionism","data/archive/Expressionism/paula-modersohn-becker_reclining-mother-and-child-1906.jpg"
"paula-modersohn-becker_self-portrait","Self portrait","Paula Modersohn Becker","Expressionism","data/archive/Expressionism/paula-modersohn-becker_self-portrait.jpg"
"paula-modersohn-becker_two-girls-in-front-of-birch-trees","Two girls in front of birch trees","Paula Modersohn Becker","Expressionism","data/archive/Expressionism/paula-modersohn-becker_two-girls-in-front-of-birch-trees.jpg"
"philip-guston_the-porch-1947","The porch 1947","Philip Guston","Expressionism","data/archive/Expressionism/philip-guston_the-porch-1947.jpg"
"pierre-alechinsky_stars-and-disasters-astres-et-d-sastres-1969-1(4)","Stars and disasters astres et d sastres 1969 1(4)","Pierre Alechinsky","Expressionism","data/archive/Expressionism/pierre-alechinsky_stars-and-disasters-astres-et-d-sastres-1969-1(4).jpg"
"pierre-alechinsky_untitled-from-the-portfolio-with-the-grain-of-the-wood-au-fil-du-bois-7-1973","Untitled from the portfolio with the grain of the wood au fil du bois 7 1973","Pierre Alechinsky","Expressionism","data/archive/Expressionism/pierre-alechinsky_untitled-from-the-portfolio-with-the-grain-of-the-wood-au-fil-du-bois-7-1973.jpg"
"pierre-tal-coat_self-portrait","Self portrait","Pierre Tal Coat","Expressionism","data/archive/Expressionism/pierre-tal-coat_self-portrait.jpg"
"pyotr-konchalovsky_bullfight-1910","Bullfight 1910","Pyotr Konchalovsky","Expressionism","data/archive/Expressionism/pyotr-konchalovsky_bullfight-1910.jpg"
"pyotr-konchalovsky_landscape-at-siena-1912","Landscape at siena 1912","Pyotr Konchalovsky","Expressionism","data/archive/Expressionism/pyotr-konchalovsky_landscape-at-siena-1912.jpg"
"pyotr-konchalovsky_portrait-of-anna-kondratyevna-reyhshtadt-against-the-background-of-a-winter-landscape-1935","Portrait of anna kondratyevna reyhshtadt against the background of a winter landscape 1935","Pyotr Konchalovsky","Expressionism","data/archive/Expressionism/pyotr-konchalovsky_portrait-of-anna-kondratyevna-reyhshtadt-against-the-background-of-a-winter-landscape-1935.jpg"
"pyotr-konchalovsky_portrait-of-zinaida-konchalovskaya-1911","Portrait of zinaida konchalovskaya 1911","Pyotr Konchalovsky","Expressionism","data/archive/Expressionism/pyotr-konchalovsky_portrait-of-zinaida-konchalovskaya-1911.jpg"
"pyotr-konchalovsky_sleeping-woman-1917","Sleeping woman 1917","Pyotr Konchalovsky","Expressionism","data/archive/Expressionism/pyotr-konchalovsky_sleeping-woman-1917.jpg"
"pyotr-konchalovsky_the-bridge-of-the-apostles-in-venice","The bridge of the apostles in venice","Pyotr Konchalovsky","Expressionism","data/archive/Expressionism/pyotr-konchalovsky_the-bridge-of-the-apostles-in-venice.jpg"
"rafael-zabaleta_family-of-puppeteers-1934","Family of puppeteers 1934","Rafael Zabaleta","Expressionism","data/archive/Expressionism/rafael-zabaleta_family-of-puppeteers-1934.jpg"
"rafael-zabaleta_nude-woman","Nude woman","Rafael Zabaleta","Expressionism","data/archive/Expressionism/rafael-zabaleta_nude-woman.jpg"
"rafael-zabaleta_still-life-table-figs-jar-bottle-of-anise","Still life table figs jar bottle of anise","Rafael Zabaleta","Expressionism","data/archive/Expressionism/rafael-zabaleta_still-life-table-figs-jar-bottle-of-anise.jpg"
"ramon-oviedo_en-la-trayectoria-del-tiempo","En la trayectoria del tiempo","Ramon Oviedo","Expressionism","data/archive/Expressionism/ramon-oviedo_en-la-trayectoria-del-tiempo.jpg"
"ramon-oviedo_nave-funebre(3)","Nave funebre(3)","Ramon Oviedo","Expressionism","data/archive/Expressionism/ramon-oviedo_nave-funebre(3).jpg"
"richard-diebenkorn_corner-of-studio-sink","Corner of studio sink","Richard Diebenkorn","Expressionism","data/archive/Expressionism/richard-diebenkorn_corner-of-studio-sink.jpg"
"richard-diebenkorn_poppies","Poppies","Richard Diebenkorn","Expressionism","data/archive/Expressionism/richard-diebenkorn_poppies.jpg"
"richard-diebenkorn_woman-with-hat-and-groves","Woman with hat and groves","Richard Diebenkorn","Expressionism","data/archive/Expressionism/richard-diebenkorn_woman-with-hat-and-groves.jpg"
"richard-gerstl_mathilde-in-the-studio-1908","Mathilde in the studio 1908","Richard Gerstl","Expressionism","data/archive/Expressionism/richard-gerstl_mathilde-in-the-studio-1908.jpg"
"richard-gerstl_self-portrait-1","Self portrait 1","Richard Gerstl","Expressionism","data/archive/Expressionism/richard-gerstl_self-portrait-1.jpg"
"roy-lichtenstein_sailboats-1985","Sailboats 1985","Roy Lichtenstein","Expressionism","data/archive/Expressionism/roy-lichtenstein_sailboats-1985.jpg"
"salvador-dali_autumn-sonata","Autumn sonata","Salvador Dali","Expressionism","data/archive/Expressionism/salvador-dali_autumn-sonata.jpg"
"salvador-dali_et-cognoverunt-eum-in-fractione-panis-1964","Et cognoverunt eum in fractione panis 1964","Salvador Dali","Expressionism","data/archive/Expressionism/salvador-dali_et-cognoverunt-eum-in-fractione-panis-1964.jpg"
"salvador-dali_inter-filios-die-affuit-etiam-satan-job-2-6-1967","Inter filios die affuit etiam satan job 2 6 1967","Salvador Dali","Expressionism","data/archive/Expressionism/salvador-dali_inter-filios-die-affuit-etiam-satan-job-2-6-1967.jpg"
"salvador-dali_mohammed-s-dream-homage-to-fortuny","Mohammed s dream homage to fortuny","Salvador Dali","Expressionism","data/archive/Expressionism/salvador-dali_mohammed-s-dream-homage-to-fortuny.jpg"
"salvador-dali_portrait-of-a-girl-in-a-landscape","Portrait of a girl in a landscape","Salvador Dali","Expressionism","data/archive/Expressionism/salvador-dali_portrait-of-a-girl-in-a-landscape.jpg"
"salvador-dali_roger-freeing-angelica-st-george-and-the-damsel","Roger freeing angelica st george and the damsel","Salvador Dali","Expressionism","data/archive/Expressionism/salvador-dali_roger-freeing-angelica-st-george-and-the-damsel.jpg"
"salvador-dali_south-noon","South noon","Salvador Dali","Expressionism","data/archive/Expressionism/salvador-dali_south-noon.jpg"
"salvador-dali_the-ghost-of-vermeer-van-delft","The ghost of vermeer van delft","Salvador Dali","Expressionism","data/archive/Expressionism/salvador-dali_the-ghost-of-vermeer-van-delft.jpg"
"salvador-dali_three-female-figures-in-festive-gowns","Three female figures in festive gowns","Salvador Dali","Expressionism","data/archive/Expressionism/salvador-dali_three-female-figures-in-festive-gowns.jpg"
"salvador-dali_untitled-after-the-night-by-michelangelo","Untitled after the night by michelangelo","Salvador Dali","Expressionism","data/archive/Expressionism/salvador-dali_untitled-after-the-night-by-michelangelo.jpg"
"salvador-dali_venus-and-sailor-1","Venus and sailor 1","Salvador Dali","Expressionism","data/archive/Expressionism/salvador-dali_venus-and-sailor-1.jpg"
"saul-steinberg_autogeography-1966","Autogeography 1966","Saul Steinberg","Expressionism","data/archive/Expressionism/saul-steinberg_autogeography-1966.jpg"
"saul-steinberg_nuits-de-la-fondation-maeght-1970","Nuits de la fondation maeght 1970","Saul Steinberg","Expressionism","data/archive/Expressionism/saul-steinberg_nuits-de-la-fondation-maeght-1970.jpg"
"saul-steinberg_utopia-1974","Utopia 1974","Saul Steinberg","Expressionism","data/archive/Expressionism/saul-steinberg_utopia-1974.jpg"
"serge-sudeikin_self-portrait-1946","Self portrait 1946","Serge Sudeikin","Expressionism","data/archive/Expressionism/serge-sudeikin_self-portrait-1946.jpg"
"spyros-papaloukas_arsanas","Arsanas","Spyros Papaloukas","Expressionism","data/archive/Expressionism/spyros-papaloukas_arsanas.jpg"
"spyros-papaloukas_nude-1917","Nude 1917","Spyros Papaloukas","Expressionism","data/archive/Expressionism/spyros-papaloukas_nude-1917.jpg"
"stanley-pinker_the-embrace","The embrace","Stanley Pinker","Expressionism","data/archive/Expressionism/stanley-pinker_the-embrace.jpg"
"theo-van-doesburg_composition-the-cow","Composition the cow","Theo Van Doesburg","Expressionism","data/archive/Expressionism/theo-van-doesburg_composition-the-cow.jpg"
"theo-van-doesburg_self-portrait-1906","Self portrait 1906","Theo Van Doesburg","Expressionism","data/archive/Expressionism/theo-van-doesburg_self-portrait-1906.jpg"
"tia-peltz_children-s-game","Children s game","Tia Peltz","Expressionism","data/archive/Expressionism/tia-peltz_children-s-game.jpg"
"tia-peltz_smile","Smile","Tia Peltz","Expressionism","data/archive/Expressionism/tia-peltz_smile.jpg"
"tivadar-kosztka-csontvary_company-passing-a-bridge-1904","Company passing a bridge 1904","Tivadar Kosztka Csontvary","Expressionism","data/archive/Expressionism/tivadar-kosztka-csontvary_company-passing-a-bridge-1904.jpg"
"tivadar-kosztka-csontvary_trees-in-electric-light-at-jajce-1903","Trees in electric light at jajce 1903","Tivadar Kosztka Csontvary","Expressionism","data/archive/Expressionism/tivadar-kosztka-csontvary_trees-in-electric-light-at-jajce-1903.jpg"
"toyen_a-girl-with-the-pine-branches","A girl with the pine branches","Toyen","Expressionism","data/archive/Expressionism/toyen_a-girl-with-the-pine-branches.jpg"
"toyen_lovers","Lovers","Toyen","Expressionism","data/archive/Expressionism/toyen_lovers.jpg"
"tsuguharu-foujita_angels-and-sirens-1918","Angels and sirens 1918","Tsuguharu Foujita","Expressionism","data/archive/Expressionism/tsuguharu-foujita_angels-and-sirens-1918.jpg"
"tsuguharu-foujita_les-divertissements-d-eros","Les divertissements d eros","Tsuguharu Foujita","Expressionism","data/archive/Expressionism/tsuguharu-foujita_les-divertissements-d-eros.jpg"
"umberto-boccioni_car-and-hunting-fox-1904","Car and hunting fox 1904","Umberto Boccioni","Expressionism","data/archive/Expressionism/umberto-boccioni_car-and-hunting-fox-1904.jpg"
"vajda-lajos_self-portrait-1936","Self portrait 1936","Vajda Lajos","Expressionism","data/archive/Expressionism/vajda-lajos_self-portrait-1936.jpg"
"vasile-dobrian_retired","Retired","Vasile Dobrian","Expressionism","data/archive/Expressionism/vasile-dobrian_retired.jpg"
"vasile-kazar_unknown-title(104)","Unknown title(104)","Vasile Kazar","Expressionism","data/archive/Expressionism/vasile-kazar_unknown-title(104).jpg"
"vasile-kazar_unknown-title-3","Unknown title 3","Vasile Kazar","Expressionism","data/archive/Expressionism/vasile-kazar_unknown-title-3.jpg"
"victor-brauner_portrait-of-sa-a-pan-to-my-dear-sa-a-pan-1930","Portrait of sa a pan to my dear sa a pan 1930","Victor Brauner","Expressionism","data/archive/Expressionism/victor-brauner_portrait-of-sa-a-pan-to-my-dear-sa-a-pan-1930.jpg"
"vilmos-aba-novak_market-of-ceramics","Market of ceramics","Vilmos Aba Novak","Expressionism","data/archive/Expressionism/vilmos-aba-novak_market-of-ceramics.jpg"
"viorel-marginean_toamn-la-cenade-1973","Toamn la cenade 1973","Viorel Marginean","Expressionism","data/archive/Expressionism/viorel-marginean_toamn-la-cenade-1973.jpg"
"walter-battiss_blondie","Blondie","Walter Battiss","Expressionism","data/archive/Expressionism/walter-battiss_blondie.jpg"
"walter-battiss_the-market-1","The market 1","Walter Battiss","Expressionism","data/archive/Expressionism/walter-battiss_the-market-1.jpg"
"wassily-kandinsky_blue-rider-1903","Blue rider 1903","Wassily Kandinsky","Expressionism","data/archive/Expressionism/wassily-kandinsky_blue-rider-1903.jpg"
"wassily-kandinsky_landscape-with-factory-chimney-1910","Landscape with factory chimney 1910","Wassily Kandinsky","Expressionism","data/archive/Expressionism/wassily-kandinsky_landscape-with-factory-chimney-1910.jpg"
"wassily-kandinsky_the-cow-1910","The cow 1910","Wassily Kandinsky","Expressionism","data/archive/Expressionism/wassily-kandinsky_the-cow-1910.jpg"
"william-h.-johnson_blossoming-trees-1938","Blossoming trees 1938","William H. Johnson","Expressionism","data/archive/Expressionism/william-h.-johnson_blossoming-trees-1938.jpg"
"william-h.-johnson_seated-female-nude-1940(1)","Seated female nude 1940(1)","William H. Johnson","Expressionism","data/archive/Expressionism/william-h.-johnson_seated-female-nude-1940(1).jpg"
"yiannis-moralis_boy-standing","Boy standing","Yiannis Moralis","Expressionism","data/archive/Expressionism/yiannis-moralis_boy-standing.jpg"
"yiannis-moralis_not-detected-12(1)","Sem título (12(1))","Yiannis Moralis","Expressionism","data/archive/Expressionism/yiannis-moralis_not-detected-12(1).jpg"
"yiannis-tsaroychis_cyclist-dressed-up-with-traditional-greek-costume-and-a-temple-on-the-right-corner-1936","Cyclist dressed up with traditional greek costume and a temple on the right corner 1936","Yiannis Tsaroychis","Expressionism","data/archive/Expressionism/yiannis-tsaroychis_cyclist-dressed-up-with-traditional-greek-costume-and-a-temple-on-the-right-corner-1936.jpg"
"yiannis-tsaroychis_man-with-butterfly-wings-sitting-study-from-life-1965","Man with butterfly wings sitting study from life 1965","Yiannis Tsaroychis","Expressionism","data/archive/Expressionism/yiannis-tsaroychis_man-with-butterfly-wings-sitting-study-from-life-1965.jpg"
"yiannis-tsaroychis_study-for-may-1967","Study for may 1967","Yiannis Tsaroychis","Expressionism","data/archive/Expressionism/yiannis-tsaroychis_study-for-may-1967.jpg"
"zinaida-serebriakova_alexander-serebryakov-reading-a-book-1946","Alexander serebryakov reading a book 1946","Zinaida Serebriakova","Expressionism","data/archive/Expressionism/zinaida-serebriakova_alexander-serebryakov-reading-a-book-1946.jpg"
"zinaida-serebriakova_camels-1932","Camels 1932","Zinaida Serebriakova","Expressionism","data/archive/Expressionism/zinaida-serebriakova_camels-1932.jpg"
"zinaida-serebriakova_florence-ponte-vecchio-1932","Florence ponte vecchio 1932","Zinaida Serebriakova","Expressionism","data/archive/Expressionism/zinaida-serebriakova_florence-ponte-vecchio-1932.jpg"
"zinaida-serebriakova_market-in-marrakesh-1928","Market in marrakesh 1928","Zinaida Serebriakova","Expressionism","data/archive/Expressionism/zinaida-serebriakova_market-in-marrakesh-1928.jpg"
"zinaida-serebriakova_nude-1927","Nude 1927","Zinaida Serebriakova","Expressionism","data/archive/Expressionism/zinaida-serebriakova_nude-1927.jpg"
"zinaida-serebriakova_portrait-of-a-young-girl-marrakesh-1932","Portrait of a young girl marrakesh 1932","Zinaida Serebriakova","Expressionism","data/archive/Expressionism/zinaida-serebriakova_portrait-of-a-young-girl-marrakesh-1932.jpg"
"zinaida-serebriakova_portrait-of-felicien-qaqaan-1928","Portrait of felicien qaqaan 1928","Zinaida Serebriakova","Expressionism","data/archive/Expressionism/zinaida-serebriakova_portrait-of-felicien-qaqaan-1928.jpg"
"zinaida-serebriakova_portrait-of-prince-vsevolod-obolensky-1936","Portrait of prince vsevolod obolensky 1936","Zinaida Serebriakova","Expressionism","data/archive/Expressionism/zinaida-serebriakova_portrait-of-prince-vsevolod-obolensky-1936.jpg"
"zinaida-serebriakova_portrait-z-n-martynovskaya-1961","Portrait z n martynovskaya 1961","Zinaida Serebriakova","Expressionism","data/archive/Expressionism/zinaida-serebriakova_portrait-z-n-martynovskaya-1961.jpg"
"zinaida-serebriakova_self-portrait-with-a-brush-1924","Self portrait with a brush 1924","Zinaida Serebriakova","Expressionism","data/archive/Expressionism/zinaida-serebriakova_self-portrait-with-a-brush-1924.jpg"
"zinaida-serebriakova_still-life-with-vegetables-1936","Still life with vegetables 1936","Zinaida Serebriakova","Expressionism","data/archive/Expressionism/zinaida-serebriakova_still-life-with-vegetables-1936.jpg"
"zinaida-serebriakova_the-model-based-on-elbow-1940","The model based on elbow 1940","Zinaida Serebriakova","Expressionism","data/archive/Expressionism/zinaida-serebriakova_the-model-based-on-elbow-1940.jpg"
"zinaida-serebriakova_woman-in-blue-1934","Woman in blue 1934","Zinaida Serebriakova","Expressionism","data/archive/Expressionism/zinaida-serebriakova_woman-in-blue-1934.jpg"
"albert-marquet_the-port-of-saint-tropez-1905","The port of saint tropez 1905","Albert Marquet","Fauvism","data/archive/Fauvism/albert-marquet_the-port-of-saint-tropez-1905.jpg"
"aldemir-martins_marinha-com-sol-e-palmeiras-2003","Marinha com sol e palmeiras 2003","Aldemir Martins","Fauvism","data/archive/Fauvism/aldemir-martins_marinha-com-sol-e-palmeiras-2003.jpg"
"andre-derain_portrait-of-a-man-1915","Portrait of a man 1915","Andre Derain","Fauvism","data/archive/Fauvism/andre-derain_portrait-of-a-man-1915.jpg"
"armand-guillaumin_la-campagne-1895","La campagne 1895","Armand Guillaumin","Fauvism","data/archive/Fauvism/armand-guillaumin_la-campagne-1895.jpg"
"august-macke_in-the-temple-hall","In the temple hall","August Macke","Fauvism","data/archive/Fauvism/august-macke_in-the-temple-hall.jpg"
"auguste-herbin_pond-and-small-house-1908","Pond and small house 1908","Auguste Herbin","Fauvism","data/archive/Fauvism/auguste-herbin_pond-and-small-house-1908.jpg"
"bela-czobel_szentendre-1964","Szentendre 1964","Bela Czobel","Fauvism","data/archive/Fauvism/bela-czobel_szentendre-1964.jpg"
"charles-lapicque_espagne","Espagne","Charles Lapicque","Fauvism","data/archive/Fauvism/charles-lapicque_espagne.jpg"
"charles-lapicque_les-cap-horniers","Les cap horniers","Charles Lapicque","Fauvism","data/archive/Fauvism/charles-lapicque_les-cap-horniers.jpg"
"charles-lapicque_printemps-en-bretagne-1959","Printemps en bretagne 1959","Charles Lapicque","Fauvism","data/archive/Fauvism/charles-lapicque_printemps-en-bretagne-1959.jpg"
"david-burliuk_women-from-tropics-1921","Women from tropics 1921","David Burliuk","Fauvism","data/archive/Fauvism/david-burliuk_women-from-tropics-1921.jpg"
"endre-bartos_magic-1981","Magic 1981","Endre Bartos","Fauvism","data/archive/Fauvism/endre-bartos_magic-1981.jpg"
"fikret-mualla-saygi_cannes","Cannes","Fikret Mualla Saygi","Fauvism","data/archive/Fauvism/fikret-mualla-saygi_cannes.jpg"
"fikret-mualla-saygi_unknown-title-2","Unknown title 2","Fikret Mualla Saygi","Fauvism","data/archive/Fauvism/fikret-mualla-saygi_unknown-title-2.jpg"
"george-mavroides_lying-naked-1985","Lying naked 1985","George Mavroides","Fauvism","data/archive/Fauvism/george-mavroides_lying-naked-1985.jpg"
"georges-braque_seated-woman-1907","Seated woman 1907","Georges Braque","Fauvism","data/archive/Fauvism/georges-braque_seated-woman-1907.jpg"
"hans-hofmann_yellow-table-on-green-1936","Yellow table on green 1936","Hans Hofmann","Fauvism","data/archive/Fauvism/hans-hofmann_yellow-table-on-green-1936.jpg"
"henri-matisse_moroccan-landscape","Moroccan landscape","Henri Matisse","Fauvism","data/archive/Fauvism/henri-matisse_moroccan-landscape.jpg"
"henri-matisse_study-for-wildlife-the-man-with-the-cluster-1905","Study for wildlife the man with the cluster 1905","Henri Matisse","Fauvism","data/archive/Fauvism/henri-matisse_study-for-wildlife-the-man-with-the-cluster-1905.jpg"
"ilya-mashkov_landscape-with-a-house-1911","Landscape with a house 1911","Ilya Mashkov","Fauvism","data/archive/Fauvism/ilya-mashkov_landscape-with-a-house-1911.jpg"
"ilya-mashkov_seated-nude-1918","Seated nude 1918","Ilya Mashkov","Fauvism","data/archive/Fauvism/ilya-mashkov_seated-nude-1918.jpg"
"ilya-mashkov_still-life-with-dahlias-1912","Still life with dahlias 1912","Ilya Mashkov","Fauvism","data/archive/Fauvism/ilya-mashkov_still-life-with-dahlias-1912.jpg"
"ilya-mashkov_two-nudes-1918","Two nudes 1918","Ilya Mashkov","Fauvism","data/archive/Fauvism/ilya-mashkov_two-nudes-1918.jpg"
"ion-pacea_sunset","Sunset","Ion Pacea","Fauvism","data/archive/Fauvism/ion-pacea_sunset.jpg"
"jan-sluyters_still-life-with-fruit","Still life with fruit","Jan Sluyters","Fauvism","data/archive/Fauvism/jan-sluyters_still-life-with-fruit.jpg"
"janos-mattis-teutsch_landscape-in-dark-colours-trees-1918","Landscape in dark colours trees 1918","Janos Mattis Teutsch","Fauvism","data/archive/Fauvism/janos-mattis-teutsch_landscape-in-dark-colours-trees-1918.jpg"
"janos-mattis-teutsch_yellow-landscape-1916","Yellow landscape 1916","Janos Mattis Teutsch","Fauvism","data/archive/Fauvism/janos-mattis-teutsch_yellow-landscape-1916.jpg"
"jean-metzinger_nu-nude-1906","Nu nude 1906","Jean Metzinger","Fauvism","data/archive/Fauvism/jean-metzinger_nu-nude-1906.jpg"
"joan-miro_still-life-with-coffee-mill","Still life with coffee mill","Joan Miro","Fauvism","data/archive/Fauvism/joan-miro_still-life-with-coffee-mill.jpg"
"john-duncan-fergusson_still-life-teapot-with-flowers-and-fruit-1912","Still life teapot with flowers and fruit 1912","John Duncan Fergusson","Fauvism","data/archive/Fauvism/john-duncan-fergusson_still-life-teapot-with-flowers-and-fruit-1912.jpg"
"kazimir-malevich_still-life","Still life","Kazimir Malevich","Fauvism","data/archive/Fauvism/kazimir-malevich_still-life.jpg"
"lajos-tihanyi_pont-st-michel-1908","Pont st michel 1908","Lajos Tihanyi","Fauvism","data/archive/Fauvism/lajos-tihanyi_pont-st-michel-1908.jpg"
"louis-valtat_river-banks-in-choisel","River banks in choisel","Louis Valtat","Fauvism","data/archive/Fauvism/louis-valtat_river-banks-in-choisel.jpg"
"marcel-duchamp_the-bush","The bush","Marcel Duchamp","Fauvism","data/archive/Fauvism/marcel-duchamp_the-bush.jpg"
"martiros-saryan_fruits-1916","Fruits 1916","Martiros Saryan","Fauvism","data/archive/Fauvism/martiros-saryan_fruits-1916.jpg"
"mary-fedden_fruit2009","Fruit2009","Mary Fedden","Fauvism","data/archive/Fauvism/mary-fedden_fruit2009.jpg"
"mary-fedden_still-life-with-coffee-jar","Still life with coffee jar","Mary Fedden","Fauvism","data/archive/Fauvism/mary-fedden_still-life-with-coffee-jar.jpg"
"mary-fedden_untitled-1975","Untitled 1975","Mary Fedden","Fauvism","data/archive/Fauvism/mary-fedden_untitled-1975.jpg"
"maurice-de-vlaminck_still-life-1","Still life 1","Maurice De Vlaminck","Fauvism","data/archive/Fauvism/maurice-de-vlaminck_still-life-1.jpg"
"max-pechstein_badende-in-moritzburg-1910","Badende in moritzburg 1910","Max Pechstein","Fauvism","data/archive/Fauvism/max-pechstein_badende-in-moritzburg-1910.jpg"
"max-pechstein_modellpause-1925","Modellpause 1925","Max Pechstein","Fauvism","data/archive/Fauvism/max-pechstein_modellpause-1925.jpg"
"menez_sem-t-tulo-1987-1","Sem t tulo 1987 1","Menez","Fauvism","data/archive/Fauvism/menez_sem-t-tulo-1987-1.jpg"
"milton-avery_sketchers-by-the-stream-1951","Sketchers by the stream 1951","Milton Avery","Fauvism","data/archive/Fauvism/milton-avery_sketchers-by-the-stream-1951.jpg"
"othon-friesz_roofs-and-cathedral-in-rouen-1908","Roofs and cathedral in rouen 1908","Othon Friesz","Fauvism","data/archive/Fauvism/othon-friesz_roofs-and-cathedral-in-rouen-1908.jpg"
"piet-mondrian_white-rose-in-a-glass-1921","White rose in a glass 1921","Piet Mondrian","Fauvism","data/archive/Fauvism/piet-mondrian_white-rose-in-a-glass-1921.jpg"
"pyotr-konchalovsky_natasha-at-the-window-1910","Natasha at the window 1910","Pyotr Konchalovsky","Fauvism","data/archive/Fauvism/pyotr-konchalovsky_natasha-at-the-window-1910.jpg"
"pyotr-konchalovsky_portrait-of-baron-k-rausch-von-traubenberg-1911","Portrait of baron k rausch von traubenberg 1911","Pyotr Konchalovsky","Fauvism","data/archive/Fauvism/pyotr-konchalovsky_portrait-of-baron-k-rausch-von-traubenberg-1911.jpg"
"pyotr-konchalovsky_seated-nude-1918","Seated nude 1918","Pyotr Konchalovsky","Fauvism","data/archive/Fauvism/pyotr-konchalovsky_seated-nude-1918.jpg"
"pyotr-konchalovsky_still-life-pink-notebook-and-handset-1929","Still life pink notebook and handset 1929","Pyotr Konchalovsky","Fauvism","data/archive/Fauvism/pyotr-konchalovsky_still-life-pink-notebook-and-handset-1929.jpg"
"raoul-dufy_acrobats-1922","Acrobats 1922","Raoul Dufy","Fauvism","data/archive/Fauvism/raoul-dufy_acrobats-1922.jpg"
"raoul-dufy_view-from-an-open-window","View from an open window","Raoul Dufy","Fauvism","data/archive/Fauvism/raoul-dufy_view-from-an-open-window.jpg"
"rik-wouters_self-portrait-1915","Self portrait 1915","Rik Wouters","Fauvism","data/archive/Fauvism/rik-wouters_self-portrait-1915.jpg"
"rufino-tamayo_watermelons-1977","Watermelons 1977","Rufino Tamayo","Fauvism","data/archive/Fauvism/rufino-tamayo_watermelons-1977.jpg"
"viorel-marginean_spring-1986","Spring 1986","Viorel Marginean","Fauvism","data/archive/Fauvism/viorel-marginean_spring-1986.jpg"
"walasse-ting_green-lady-with-pink-rose","Green lady with pink rose","Walasse Ting","Fauvism","data/archive/Fauvism/walasse-ting_green-lady-with-pink-rose.jpg"
"walasse-ting_peacock-ii-1990","Peacock ii 1990","Walasse Ting","Fauvism","data/archive/Fauvism/walasse-ting_peacock-ii-1990.jpg"
"walasse-ting_two-parrots(1)","Two parrots(1)","Walasse Ting","Fauvism","data/archive/Fauvism/walasse-ting_two-parrots(1).jpg"
"william-h.-johnson_self-portrait-with-pipe-1937(1)","Self portrait with pipe 1937(1)","William H. Johnson","Fauvism","data/archive/Fauvism/william-h.-johnson_self-portrait-with-pipe-1937(1).jpg"
"andrea-del-sarto_christ-the-redeemer","Christ the redeemer","Andrea Del Sarto","High Renaissance","data/archive/High_Renaissance/andrea-del-sarto_christ-the-redeemer.jpg"
"andrea-del-sarto_madonna-and-child-with-the-infant-saint-john-in-a-landscape","Madonna and child with the infant saint john in a landscape","Andrea Del Sarto","High Renaissance","data/archive/High_Renaissance/andrea-del-sarto_madonna-and-child-with-the-infant-saint-john-in-a-landscape.jpg"
"andrea-del-sarto_study-of-the-figures-behind-a-balustrade","Study of the figures behind a balustrade","Andrea Del Sarto","High Renaissance","data/archive/High_Renaissance/andrea-del-sarto_study-of-the-figures-behind-a-balustrade.jpg"
"andrea-mantegna_christ-with-the-soul-of-the-virgin-1506","Christ with the soul of the virgin 1506","Andrea Mantegna","High Renaissance","data/archive/High_Renaissance/andrea-mantegna_christ-with-the-soul-of-the-virgin-1506.jpg"
"andrea-mantegna_madonna-with-st-mary-magdalene-and-st-john-the-baptist-1506(2)","Madonna with st mary magdalene and st john the baptist 1506(2)","Andrea Mantegna","High Renaissance","data/archive/High_Renaissance/andrea-mantegna_madonna-with-st-mary-magdalene-and-st-john-the-baptist-1506(2).jpg"
"andrea-mantegna_st-bernardine-of-siena-with-the-angels-1506","St bernardine of siena with the angels 1506","Andrea Mantegna","High Renaissance","data/archive/High_Renaissance/andrea-mantegna_st-bernardine-of-siena-with-the-angels-1506.jpg"
"andrea-mantegna_the-martyrdom-and-transporting-the-body-of-saint-christopher-1506","The martyrdom and transporting the body of saint christopher 1506","Andrea Mantegna","High Renaissance","data/archive/High_Renaissance/andrea-mantegna_the-martyrdom-and-transporting-the-body-of-saint-christopher-1506.jpg"
"andrea-solario_cleopatra","Cleopatra","Andrea Solario","High Renaissance","data/archive/High_Renaissance/andrea-solario_cleopatra.jpg"
"andrea-solario_the-lute-player","The lute player","Andrea Solario","High Renaissance","data/archive/High_Renaissance/andrea-solario_the-lute-player.jpg"
"cima-da-conegliano_st-christopher-with-the-infant-christ-and-st-peter","St christopher with the infant christ and st peter","Cima Da Conegliano","High Renaissance","data/archive/High_Renaissance/cima-da-conegliano_st-christopher-with-the-infant-christ-and-st-peter.jpg"
"correggio_adoration-of-the-christ-child(2)","Adoration of the christ child(2)","Correggio","High Renaissance","data/archive/High_Renaissance/correggio_adoration-of-the-christ-child(2).jpg"
"correggio_portrait-of-a-gentlewoman-1519","Portrait of a gentlewoman 1519","Correggio","High Renaissance","data/archive/High_Renaissance/correggio_portrait-of-a-gentlewoman-1519.jpg"
"dosso-dossi_a-personification-of-geometry","A personification of geometry","Dosso Dossi","High Renaissance","data/archive/High_Renaissance/dosso-dossi_a-personification-of-geometry.jpg"
"dosso-dossi_laura-pisani-1525","Laura pisani 1525","Dosso Dossi","High Renaissance","data/archive/High_Renaissance/dosso-dossi_laura-pisani-1525.jpg"
"dosso-dossi_the-holy-family","The holy family","Dosso Dossi","High Renaissance","data/archive/High_Renaissance/dosso-dossi_the-holy-family.jpg"
"giorgione_globe-moon-sun-astronomy-1510","Globe moon sun astronomy 1510","Giorgione","High Renaissance","data/archive/High_Renaissance/giorgione_globe-moon-sun-astronomy-1510.jpg"
"giorgione_sacred-conversation-1505(2)","Sacred conversation 1505(2)","Giorgione","High Renaissance","data/archive/High_Renaissance/giorgione_sacred-conversation-1505(2).jpg"
"giorgione_two-women-and-a-man-trio-1510(2)","Two women and a man trio 1510(2)","Giorgione","High Renaissance","data/archive/High_Renaissance/giorgione_two-women-and-a-man-trio-1510(2).jpg"
"giovanni-antonio-boltraffio_portrait-of-a-youth-holding-an-arrow-1510","Portrait of a youth holding an arrow 1510","Giovanni Antonio Boltraffio","High Renaissance","data/archive/High_Renaissance/giovanni-antonio-boltraffio_portrait-of-a-youth-holding-an-arrow-1510.jpg"
"giovanni-bellini_madonna-and-child-with-saints-and-a-donor-1507","Madonna and child with saints and a donor 1507","Giovanni Bellini","High Renaissance","data/archive/High_Renaissance/giovanni-bellini_madonna-and-child-with-saints-and-a-donor-1507.jpg"
"giovanni-bellini_the-crucifixion-1503","The crucifixion 1503","Giovanni Bellini","High Renaissance","data/archive/High_Renaissance/giovanni-bellini_the-crucifixion-1503.jpg"
"leonardo-da-vinci_anatomy-of-the-neck-1515","Anatomy of the neck 1515","Leonardo Da Vinci","High Renaissance","data/archive/High_Renaissance/leonardo-da-vinci_anatomy-of-the-neck-1515.jpg"
"leonardo-da-vinci_design-for-a-machine-for-grinding-convex-lenses","Design for a machine for grinding convex lenses","Leonardo Da Vinci","High Renaissance","data/archive/High_Renaissance/leonardo-da-vinci_design-for-a-machine-for-grinding-convex-lenses.jpg"
"leonardo-da-vinci_drawing-of-the-torso-and-the-arms","Drawing of the torso and the arms","Leonardo Da Vinci","High Renaissance","data/archive/High_Renaissance/leonardo-da-vinci_drawing-of-the-torso-and-the-arms.jpg"
"leonardo-da-vinci_head-of-st-andrew","Head of st andrew","Leonardo Da Vinci","High Renaissance","data/archive/High_Renaissance/leonardo-da-vinci_head-of-st-andrew.jpg"
"leonardo-da-vinci_manuscript-page-on-the-sforza-monument","Manuscript page on the sforza monument","Leonardo Da Vinci","High Renaissance","data/archive/High_Renaissance/leonardo-da-vinci_manuscript-page-on-the-sforza-monument.jpg"
"leonardo-da-vinci_st-john-the-baptist","St john the baptist","Leonardo Da Vinci","High Renaissance","data/archive/High_Renaissance/leonardo-da-vinci_st-john-the-baptist.jpg"
"leonardo-da-vinci_study-for-st-anne","Study for st anne","Leonardo Da Vinci","High Renaissance","data/archive/High_Renaissance/leonardo-da-vinci_study-for-st-anne.jpg"
"leonardo-da-vinci_study-of-an-apostle-s-head-and-architectural-study","Study of an apostle s head and architectural study","Leonardo Da Vinci","High Renaissance","data/archive/High_Renaissance/leonardo-da-vinci_study-of-an-apostle-s-head-and-architectural-study.jpg"
"leonardo-da-vinci_study-on-the-proportions-of-head-and-eyes","Study on the proportions of head and eyes","Leonardo Da Vinci","High Renaissance","data/archive/High_Renaissance/leonardo-da-vinci_study-on-the-proportions-of-head-and-eyes.jpg"
"lorenzo-lotto_a-lady-with-a-drawing-of-lucretia","A lady with a drawing of lucretia","Lorenzo Lotto","High Renaissance","data/archive/High_Renaissance/lorenzo-lotto_a-lady-with-a-drawing-of-lucretia.jpg"
"lorenzo-lotto_angel-collecting-blood-from-the-wounds-of-christ-1543","Angel collecting blood from the wounds of christ 1543","Lorenzo Lotto","High Renaissance","data/archive/High_Renaissance/lorenzo-lotto_angel-collecting-blood-from-the-wounds-of-christ-1543.jpg"
"lorenzo-lotto_madonna-and-child-enthroned-with-four-saints-1546","Madonna and child enthroned with four saints 1546","Lorenzo Lotto","High Renaissance","data/archive/High_Renaissance/lorenzo-lotto_madonna-and-child-enthroned-with-four-saints-1546.jpg"
"lorenzo-lotto_portrait-of-a-gentleman-in-his-study","Portrait of a gentleman in his study","Lorenzo Lotto","High Renaissance","data/archive/High_Renaissance/lorenzo-lotto_portrait-of-a-gentleman-in-his-study.jpg"
"lorenzo-lotto_portrait-of-a-young-man","Portrait of a young man","Lorenzo Lotto","High Renaissance","data/archive/High_Renaissance/lorenzo-lotto_portrait-of-a-young-man.jpg"
"lorenzo-lotto_st-jerome-in-the-desert","St jerome in the desert","Lorenzo Lotto","High Renaissance","data/archive/High_Renaissance/lorenzo-lotto_st-jerome-in-the-desert.jpg"
"lorenzo-lotto_the-nativity-1527","The nativity 1527","Lorenzo Lotto","High Renaissance","data/archive/High_Renaissance/lorenzo-lotto_the-nativity-1527.jpg"
"luca-signorelli_dante-with-scenes-from-the-divine-comedy-1502","Dante with scenes from the divine comedy 1502","Luca Signorelli","High Renaissance","data/archive/High_Renaissance/luca-signorelli_dante-with-scenes-from-the-divine-comedy-1502.jpg"
"luca-signorelli_mary-magdalene","Mary magdalene","Luca Signorelli","High Renaissance","data/archive/High_Renaissance/luca-signorelli_mary-magdalene.jpg"
"luca-signorelli_the-capture-of-christ","The capture of christ","Luca Signorelli","High Renaissance","data/archive/High_Renaissance/luca-signorelli_the-capture-of-christ.jpg"
"luca-signorelli_the-trinity-the-virgin-and-two-saints","The trinity the virgin and two saints","Luca Signorelli","High Renaissance","data/archive/High_Renaissance/luca-signorelli_the-trinity-the-virgin-and-two-saints.jpg"
"michelangelo_bearded-slave-1536","Bearded slave 1536","Michelangelo","High Renaissance","data/archive/High_Renaissance/michelangelo_bearded-slave-1536.jpg"
"michelangelo_ideal-head-of-a-woman","Ideal head of a woman","Michelangelo","High Renaissance","data/archive/High_Renaissance/michelangelo_ideal-head-of-a-woman.jpg"
"michelangelo_ignudo-9","Ignudo 9","Michelangelo","High Renaissance","data/archive/High_Renaissance/michelangelo_ignudo-9.jpg"
"michelangelo_pieta-rondanini-unfinished-1564","Pieta rondanini unfinished 1564","Michelangelo","High Renaissance","data/archive/High_Renaissance/michelangelo_pieta-rondanini-unfinished-1564.jpg"
"michelangelo_sistine-chapel-ceiling-god-dividing-land-and-water-1512-1","Sistine chapel ceiling god dividing land and water 1512 1","Michelangelo","High Renaissance","data/archive/High_Renaissance/michelangelo_sistine-chapel-ceiling-god-dividing-land-and-water-1512-1.jpg"
"michelangelo_sketch-of-fortifications-of-porta-del-prato-in-florence-ground-floor-plan","Sketch of fortifications of porta del prato in florence ground floor plan","Michelangelo","High Renaissance","data/archive/High_Renaissance/michelangelo_sketch-of-fortifications-of-porta-del-prato-in-florence-ground-floor-plan.jpg"
"michelangelo_study-for-an-ignudo","Study for an ignudo","Michelangelo","High Renaissance","data/archive/High_Renaissance/michelangelo_study-for-an-ignudo.jpg"
"michelangelo_study-to-battle-of-cascina-1504","Study to battle of cascina 1504","Michelangelo","High Renaissance","data/archive/High_Renaissance/michelangelo_study-to-battle-of-cascina-1504.jpg"
"michelangelo_the-ancestors-of-christ-jehoshaphat-joram-1512","The ancestors of christ jehoshaphat joram 1512","Michelangelo","High Renaissance","data/archive/High_Renaissance/michelangelo_the-ancestors-of-christ-jehoshaphat-joram-1512.jpg"
"michelangelo_the-fall-of-phaeton-1533","The fall of phaeton 1533","Michelangelo","High Renaissance","data/archive/High_Renaissance/michelangelo_the-fall-of-phaeton-1533.jpg"
"michelangelo_the-study-of-adam","The study of adam","Michelangelo","High Renaissance","data/archive/High_Renaissance/michelangelo_the-study-of-adam.jpg"
"pietro-perugino_baptism-of-christ","Baptism of christ","Pietro Perugino","High Renaissance","data/archive/High_Renaissance/pietro-perugino_baptism-of-christ.jpg"
"pietro-perugino_madonna-and-child-with-four-saints-tezi-altarpiece","Madonna and child with four saints tezi altarpiece","Pietro Perugino","High Renaissance","data/archive/High_Renaissance/pietro-perugino_madonna-and-child-with-four-saints-tezi-altarpiece.jpg"
"pietro-perugino_madonna-with-child-particular-detail","Madonna with child particular detail","Pietro Perugino","High Renaissance","data/archive/High_Renaissance/pietro-perugino_madonna-with-child-particular-detail.jpg"
"pietro-perugino_pala-di-monteripido","Pala di monteripido","Pietro Perugino","High Renaissance","data/archive/High_Renaissance/pietro-perugino_pala-di-monteripido.jpg"
"pietro-perugino_polyptych-of-st-peter-eternal-blessing-with-cherubs-and-angels-1500","Polyptych of st peter eternal blessing with cherubs and angels 1500","Pietro Perugino","High Renaissance","data/archive/High_Renaissance/pietro-perugino_polyptych-of-st-peter-eternal-blessing-with-cherubs-and-angels-1500.jpg"
"pietro-perugino_room-torre-borgia","Room torre borgia","Pietro Perugino","High Renaissance","data/archive/High_Renaissance/pietro-perugino_room-torre-borgia.jpg"
"pietro-perugino_the-crucifixion-1496","The crucifixion 1496","Pietro Perugino","High Renaissance","data/archive/High_Renaissance/pietro-perugino_the-crucifixion-1496.jpg"
"pietro-perugino_virgin-enthroned-with-saints-catherine-of-alexandria-and-biagio","Virgin enthroned with saints catherine of alexandria and biagio","Pietro Perugino","High Renaissance","data/archive/High_Renaissance/pietro-perugino_virgin-enthroned-with-saints-catherine-of-alexandria-and-biagio.jpg"
"pinturicchio_semi-gods-ceiling-1490","Semi gods ceiling 1490","Pinturicchio","High Renaissance","data/archive/High_Renaissance/pinturicchio_semi-gods-ceiling-1490.jpg"
"raphael_ceiling-1514","Ceiling 1514","Raphael","High Renaissance","data/archive/High_Renaissance/raphael_ceiling-1514.jpg"
"raphael_holy-family-known-as-the-grande-famille-of-francois-i-1518","Holy family known as the grande famille of francois i 1518","Raphael","High Renaissance","data/archive/High_Renaissance/raphael_holy-family-known-as-the-grande-famille-of-francois-i-1518.jpg"
"raphael_madonna-of-the-goldfinch","Madonna of the goldfinch","Raphael","High Renaissance","data/archive/High_Renaissance/raphael_madonna-of-the-goldfinch.jpg"
"raphael_portrait-of-a-man-holding-an-apple-1500","Portrait of a man holding an apple 1500","Raphael","High Renaissance","data/archive/High_Renaissance/raphael_portrait-of-a-man-holding-an-apple-1500.jpg"
"raphael_portraits-of-leo-x-cardinal-luigi-de-rossi-and-giulio-de-medici-1518","Portraits of leo x cardinal luigi de rossi and giulio de medici 1518","Raphael","High Renaissance","data/archive/High_Renaissance/raphael_portraits-of-leo-x-cardinal-luigi-de-rossi-and-giulio-de-medici-1518.jpg"
"raphael_st-george-and-the-dragon-1506","St george and the dragon 1506","Raphael","High Renaissance","data/archive/High_Renaissance/raphael_st-george-and-the-dragon-1506.jpg"
"raphael_study-for-the-head-of-a-poet","Study for the head of a poet","Raphael","High Renaissance","data/archive/High_Renaissance/raphael_study-for-the-head-of-a-poet.jpg"
"raphael_the-creation-of-the-animals-1519","The creation of the animals 1519","Raphael","High Renaissance","data/archive/High_Renaissance/raphael_the-creation-of-the-animals-1519.jpg"
"raphael_the-holy-family-with-saints-elizabeth-and-john","The holy family with saints elizabeth and john","Raphael","High Renaissance","data/archive/High_Renaissance/raphael_the-holy-family-with-saints-elizabeth-and-john.jpg"
"raphael_the-mass-of-bolsena-from-the-stanza-dell-eliodor-1514","The mass of bolsena from the stanza dell eliodor 1514","Raphael","High Renaissance","data/archive/High_Renaissance/raphael_the-mass-of-bolsena-from-the-stanza-dell-eliodor-1514.jpg"
"raphael_the-sistine-madonna-1513","The sistine madonna 1513","Raphael","High Renaissance","data/archive/High_Renaissance/raphael_the-sistine-madonna-1513.jpg"
"raphael_vision-of-a-knight","Vision of a knight","Raphael","High Renaissance","data/archive/High_Renaissance/raphael_vision-of-a-knight.jpg"
"titian_christ-with-globe-1530","Christ with globe 1530","Titian","High Renaissance","data/archive/High_Renaissance/titian_christ-with-globe-1530.jpg"
"titian_giulia-gonzaga","Giulia gonzaga","Titian","High Renaissance","data/archive/High_Renaissance/titian_giulia-gonzaga.jpg"
"titian_not_detected_224922","Sem título (224922)","Titian","High Renaissance","data/archive/High_Renaissance/titian_not_detected_224922.jpg"
"titian_portrait-of-a-musician","Portrait of a musician","Titian","High Renaissance","data/archive/High_Renaissance/titian_portrait-of-a-musician.jpg"
"titian_portrait-of-ippolito-de-medici-in-a-hungarian-costume-1533","Portrait of ippolito de medici in a hungarian costume 1533","Titian","High Renaissance","data/archive/High_Renaissance/titian_portrait-of-ippolito-de-medici-in-a-hungarian-costume-1533.jpg"
"titian_saint-sebastian-at-the-resurrection-altin-brescia-1520","Saint sebastian at the resurrection altin brescia 1520","Titian","High Renaissance","data/archive/High_Renaissance/titian_saint-sebastian-at-the-resurrection-altin-brescia-1520.jpg"
"titian_the-birth-of-adonis-1510","The birth of adonis 1510","Titian","High Renaissance","data/archive/High_Renaissance/titian_the-birth-of-adonis-1510.jpg"
"titian_the-worship-of-venus-1518","The worship of venus 1518","Titian","High Renaissance","data/archive/High_Renaissance/titian_the-worship-of-venus-1518.jpg"
"vittore-carpaccio_lamentation-of-christ","Lamentation of christ","Vittore Carpaccio","High Renaissance","data/archive/High_Renaissance/vittore-carpaccio_lamentation-of-christ.jpg"
"vittore-carpaccio_st-thomas-in-glory-between-st-mark-and-st-louis-of-toulouse-1507","St thomas in glory between st mark and st louis of toulouse 1507","Vittore Carpaccio","High Renaissance","data/archive/High_Renaissance/vittore-carpaccio_st-thomas-in-glory-between-st-mark-and-st-louis-of-toulouse-1507.jpg"
"vittore-carpaccio_the-miracle-of-the-relic-of-the-true-cross-on-the-rialto-bridge-1494","The miracle of the relic of the true cross on the rialto bridge 1494","Vittore Carpaccio","High Renaissance","data/archive/High_Renaissance/vittore-carpaccio_the-miracle-of-the-relic-of-the-true-cross-on-the-rialto-bridge-1494.jpg"
"abdullah-suriosubroto_indonesian-landscape-4","Indonesian landscape 4","Abdullah Suriosubroto","Impressionism","data/archive/Impressionism/abdullah-suriosubroto_indonesian-landscape-4.jpg"
"abraham-manievich_house-workers-in-the-bronx","House workers in the bronx","Abraham Manievich","Impressionism","data/archive/Impressionism/abraham-manievich_house-workers-in-the-bronx.jpg"
"adam-baltatu_grange","Grange","Adam Baltatu","Impressionism","data/archive/Impressionism/adam-baltatu_grange.jpg"
"adam-baltatu_pipkin-with-field-flowers","Pipkin with field flowers","Adam Baltatu","Impressionism","data/archive/Impressionism/adam-baltatu_pipkin-with-field-flowers.jpg"
"adam-baltatu_summer-landscape","Summer landscape","Adam Baltatu","Impressionism","data/archive/Impressionism/adam-baltatu_summer-landscape.jpg"
"adolf-hitler_church-spire","Church spire","Adolf Hitler","Impressionism","data/archive/Impressionism/adolf-hitler_church-spire.jpg"
"adolf-hitler_smoking-tank-1916","Smoking tank 1916","Adolf Hitler","Impressionism","data/archive/Impressionism/adolf-hitler_smoking-tank-1916.jpg"
"alfred-sisley_a-cardiff-shipping-lane-1897","A cardiff shipping lane 1897","Alfred Sisley","Impressionism","data/archive/Impressionism/alfred-sisley_a-cardiff-shipping-lane-1897.jpg"
"alfred-sisley_abandoned-house","Abandoned house","Alfred Sisley","Impressionism","data/archive/Impressionism/alfred-sisley_abandoned-house.jpg"
"alfred-sisley_away-in-the-spring-veneux-nadon-1885","Away in the spring veneux nadon 1885","Alfred Sisley","Impressionism","data/archive/Impressionism/alfred-sisley_away-in-the-spring-veneux-nadon-1885.jpg"
"alfred-sisley_banks-of-the-seine-1879","Banks of the seine 1879","Alfred Sisley","Impressionism","data/archive/Impressionism/alfred-sisley_banks-of-the-seine-1879.jpg"
"alfred-sisley_boats-on-the-loing-river-1895","Boats on the loing river 1895","Alfred Sisley","Impressionism","data/archive/Impressionism/alfred-sisley_boats-on-the-loing-river-1895.jpg"
"alfred-sisley_cabins-along-the-loing-canal-sunlight-effect-1896","Cabins along the loing canal sunlight effect 1896","Alfred Sisley","Impressionism","data/archive/Impressionism/alfred-sisley_cabins-along-the-loing-canal-sunlight-effect-1896.jpg"
"alfred-sisley_countryside-near-moret-1885","Countryside near moret 1885","Alfred Sisley","Impressionism","data/archive/Impressionism/alfred-sisley_countryside-near-moret-1885.jpg"
"alfred-sisley_fields-at-saint-cloud","Fields at saint cloud","Alfred Sisley","Impressionism","data/archive/Impressionism/alfred-sisley_fields-at-saint-cloud.jpg"
"alfred-sisley_garden-path-in-louveciennes-chemin-de-l-etarch-1873","Garden path in louveciennes chemin de l etarch 1873","Alfred Sisley","Impressionism","data/archive/Impressionism/alfred-sisley_garden-path-in-louveciennes-chemin-de-l-etarch-1873.jpg"
"alfred-sisley_idle-barges-on-the-loing-canal-at-saint-mammes-1885","Idle barges on the loing canal at saint mammes 1885","Alfred Sisley","Impressionism","data/archive/Impressionism/alfred-sisley_idle-barges-on-the-loing-canal-at-saint-mammes-1885.jpg"
"alfred-sisley_lane-of-poplars-at-moret-1888","Lane of poplars at moret 1888","Alfred Sisley","Impressionism","data/archive/Impressionism/alfred-sisley_lane-of-poplars-at-moret-1888.jpg"
"alfred-sisley_moret-sur-loing-1885","Moret sur loing 1885","Alfred Sisley","Impressionism","data/archive/Impressionism/alfred-sisley_moret-sur-loing-1885.jpg"
"alfred-sisley_neighborhood-street-in-louveciennes-rue-de-village-voisins-to-louveciennes-1872","Neighborhood street in louveciennes rue de village voisins to louveciennes 1872","Alfred Sisley","Impressionism","data/archive/Impressionism/alfred-sisley_neighborhood-street-in-louveciennes-rue-de-village-voisins-to-louveciennes-1872.jpg"
"alfred-sisley_plum-and-walnut-trees-in-spring-1889","Plum and walnut trees in spring 1889","Alfred Sisley","Impressionism","data/archive/Impressionism/alfred-sisley_plum-and-walnut-trees-in-spring-1889.jpg"
"alfred-sisley_riverbanks-at-saint-mammes-1884","Riverbanks at saint mammes 1884","Alfred Sisley","Impressionism","data/archive/Impressionism/alfred-sisley_riverbanks-at-saint-mammes-1884.jpg"
"alfred-sisley_saint-mammes-1885-1","Saint mammes 1885 1","Alfred Sisley","Impressionism","data/archive/Impressionism/alfred-sisley_saint-mammes-1885-1.jpg"
"alfred-sisley_setting-sun-at-moret-1892","Setting sun at moret 1892","Alfred Sisley","Impressionism","data/archive/Impressionism/alfred-sisley_setting-sun-at-moret-1892.jpg"
"alfred-sisley_spring-in-bougival-1873","Spring in bougival 1873","Alfred Sisley","Impressionism","data/archive/Impressionism/alfred-sisley_spring-in-bougival-1873.jpg"
"alfred-sisley_sunny-afternoon-willows-by-the-loing-1890","Sunny afternoon willows by the loing 1890","Alfred Sisley","Impressionism","data/archive/Impressionism/alfred-sisley_sunny-afternoon-willows-by-the-loing-1890.jpg"
"alfred-sisley_the-bridge-and-mills-of-moret-winter-s-effect-1890","The bridge and mills of moret winter s effect 1890","Alfred Sisley","Impressionism","data/archive/Impressionism/alfred-sisley_the-bridge-and-mills-of-moret-winter-s-effect-1890.jpg"
"alfred-sisley_the-english-coast-penarth-1897","The english coast penarth 1897","Alfred Sisley","Impressionism","data/archive/Impressionism/alfred-sisley_the-english-coast-penarth-1897.jpg"
"alfred-sisley_the-lane-of-poplars-at-moret-sur-loing-1890","The lane of poplars at moret sur loing 1890","Alfred Sisley","Impressionism","data/archive/Impressionism/alfred-sisley_the-lane-of-poplars-at-moret-sur-loing-1890.jpg"
"alfred-sisley_the-loing-canal-at-saint-mammes-1884","The loing canal at saint mammes 1884","Alfred Sisley","Impressionism","data/archive/Impressionism/alfred-sisley_the-loing-canal-at-saint-mammes-1884.jpg"
"alfred-sisley_the-pont-at-moret-afternoon-effect-1891","The pont at moret afternoon effect 1891","Alfred Sisley","Impressionism","data/archive/Impressionism/alfred-sisley_the-pont-at-moret-afternoon-effect-1891.jpg"
"alfred-sisley_the-rowers-1877","The rowers 1877","Alfred Sisley","Impressionism","data/archive/Impressionism/alfred-sisley_the-rowers-1877.jpg"
"alfred-sisley_the-seine-at-saint-mammes-1888","The seine at saint mammes 1888","Alfred Sisley","Impressionism","data/archive/Impressionism/alfred-sisley_the-seine-at-saint-mammes-1888.jpg"
"alfred-sisley_the-village-of-moret-seen-from-the-fields-1886","The village of moret seen from the fields 1886","Alfred Sisley","Impressionism","data/archive/Impressionism/alfred-sisley_the-village-of-moret-seen-from-the-fields-1886.jpg"
"alfred-sisley_view-of-saint-mammes-1881","View of saint mammes 1881","Alfred Sisley","Impressionism","data/archive/Impressionism/alfred-sisley_view-of-saint-mammes-1881.jpg"
"alfred-sisley_willows-in-a-field-afternoon","Willows in a field afternoon","Alfred Sisley","Impressionism","data/archive/Impressionism/alfred-sisley_willows-in-a-field-afternoon.jpg"
"amadeo-de-souza-cardoso_landscape","Landscape","Amadeo De Souza Cardoso","Impressionism","data/archive/Impressionism/amadeo-de-souza-cardoso_landscape.jpg"
"anders-zorn_dance-in-gopsmor-1906","Dance in gopsmor 1906","Anders Zorn","Impressionism","data/archive/Impressionism/anders-zorn_dance-in-gopsmor-1906.jpg"
"anders-zorn_nude-under-a-fir-1892","Nude under a fir 1892","Anders Zorn","Impressionism","data/archive/Impressionism/anders-zorn_nude-under-a-fir-1892.jpg"
"andre-dunoyer-de-segonzac_fenouil-poivrons-et-tomates-1960","Fenouil poivrons et tomates 1960","Andre Dunoyer De Segonzac","Impressionism","data/archive/Impressionism/andre-dunoyer-de-segonzac_fenouil-poivrons-et-tomates-1960.jpg"
"andre-dunoyer-de-segonzac_nude-on-a-bed","Nude on a bed","Andre Dunoyer De Segonzac","Impressionism","data/archive/Impressionism/andre-dunoyer-de-segonzac_nude-on-a-bed.jpg"
"antoine-blanchard_arc-de-triomphe-2","Arc de triomphe 2","Antoine Blanchard","Impressionism","data/archive/Impressionism/antoine-blanchard_arc-de-triomphe-2.jpg"
"antoine-blanchard_boulevard-de-la-madeleine","Boulevard de la madeleine","Antoine Blanchard","Impressionism","data/archive/Impressionism/antoine-blanchard_boulevard-de-la-madeleine.jpg"
"antoine-blanchard_caf-de-la-paix-opera","Caf de la paix opera","Antoine Blanchard","Impressionism","data/archive/Impressionism/antoine-blanchard_caf-de-la-paix-opera.jpg"
"antoine-blanchard_gare-de-lest","Gare de lest","Antoine Blanchard","Impressionism","data/archive/Impressionism/antoine-blanchard_gare-de-lest.jpg"
"antoine-blanchard_les-grand-boulevards-theatre-du-vaudeville","Les grand boulevards theatre du vaudeville","Antoine Blanchard","Impressionism","data/archive/Impressionism/antoine-blanchard_les-grand-boulevards-theatre-du-vaudeville.jpg"
"antoine-blanchard_paris-les-champs-elysees","Paris les champs elysees","Antoine Blanchard","Impressionism","data/archive/Impressionism/antoine-blanchard_paris-les-champs-elysees.jpg"
"antoine-blanchard_place-de-la-madeleine-hiver","Place de la madeleine hiver","Antoine Blanchard","Impressionism","data/archive/Impressionism/antoine-blanchard_place-de-la-madeleine-hiver.jpg"
"antoine-blanchard_place-de-la-republique-2","Place de la republique 2","Antoine Blanchard","Impressionism","data/archive/Impressionism/antoine-blanchard_place-de-la-republique-2.jpg"
"antoine-blanchard_porte-st-denis-6","Porte st denis 6","Antoine Blanchard","Impressionism","data/archive/Impressionism/antoine-blanchard_porte-st-denis-6.jpg"
"antoine-blanchard_rue-royal-madeleine-1","Rue royal madeleine 1","Antoine Blanchard","Impressionism","data/archive/Impressionism/antoine-blanchard_rue-royal-madeleine-1.jpg"
"antoine-blanchard_theatre-des-varietes-large-3","Theatre des varietes large 3","Antoine Blanchard","Impressionism","data/archive/Impressionism/antoine-blanchard_theatre-des-varietes-large-3.jpg"
"ant├г┬│nio-de-carvalho-da-silva-porto_no-areinho-douro-1880","No areinho douro 1880","Ant├г┬│nio De Carvalho Da Silva Porto","Impressionism","data/archive/Impressionism/ant├г┬│nio-de-carvalho-da-silva-porto_no-areinho-douro-1880.jpg"
"arkhip-kuindzhi_after-a-rain","After a rain","Arkhip Kuindzhi","Impressionism","data/archive/Impressionism/arkhip-kuindzhi_after-a-rain.jpg"
"arkhip-kuindzhi_crescent-moon-at-sunset","Crescent moon at sunset","Arkhip Kuindzhi","Impressionism","data/archive/Impressionism/arkhip-kuindzhi_crescent-moon-at-sunset.jpg"
"arkhip-kuindzhi_forest-1887","Forest 1887","Arkhip Kuindzhi","Impressionism","data/archive/Impressionism/arkhip-kuindzhi_forest-1887.jpg"
"arkhip-kuindzhi_moonlight-night-on-the-sea","Moonlight night on the sea","Arkhip Kuindzhi","Impressionism","data/archive/Impressionism/arkhip-kuindzhi_moonlight-night-on-the-sea.jpg"
"arkhip-kuindzhi_roofs-winter-1876","Roofs winter 1876","Arkhip Kuindzhi","Impressionism","data/archive/Impressionism/arkhip-kuindzhi_roofs-winter-1876.jpg"
"arkhip-kuindzhi_sunset-in-the-steppes-by-the-sea","Sunset in the steppes by the sea","Arkhip Kuindzhi","Impressionism","data/archive/Impressionism/arkhip-kuindzhi_sunset-in-the-steppes-by-the-sea.jpg"
"arkhip-kuindzhi_view-on-moscow-from-sparrow-hills-1882","View on moscow from sparrow hills 1882","Arkhip Kuindzhi","Impressionism","data/archive/Impressionism/arkhip-kuindzhi_view-on-moscow-from-sparrow-hills-1882.jpg"
"armand-guillaumin_caves-prunal-near-pontgibaud-auvergne","Caves prunal near pontgibaud auvergne","Armand Guillaumin","Impressionism","data/archive/Impressionism/armand-guillaumin_caves-prunal-near-pontgibaud-auvergne.jpg"
"armand-guillaumin_le-pont-des-arts-1878","Le pont des arts 1878","Armand Guillaumin","Impressionism","data/archive/Impressionism/armand-guillaumin_le-pont-des-arts-1878.jpg"
"armand-guillaumin_pommiers-en-fleurs-1889","Pommiers en fleurs 1889","Armand Guillaumin","Impressionism","data/archive/Impressionism/armand-guillaumin_pommiers-en-fleurs-1889.jpg"
"arshile-gorky_park-street-church","Park street church","Arshile Gorky","Impressionism","data/archive/Impressionism/arshile-gorky_park-street-church.jpg"
"arthur-verona_in-the-garden-with-flowers","In the garden with flowers","Arthur Verona","Impressionism","data/archive/Impressionism/arthur-verona_in-the-garden-with-flowers.jpg"
"asgrimur-jonsson_mt-str-tur-and-eir-ksj-kull-glacier-west-iceland-1948","Mt str tur and eir ksj kull glacier west iceland 1948","Asgrimur Jonsson","Impressionism","data/archive/Impressionism/asgrimur-jonsson_mt-str-tur-and-eir-ksj-kull-glacier-west-iceland-1948.jpg"
"auguste-rodin_adam-and-eve-expelled-from-paradise","Adam and eve expelled from paradise","Auguste Rodin","Impressionism","data/archive/Impressionism/auguste-rodin_adam-and-eve-expelled-from-paradise.jpg"
"auguste-rodin_camille-claudel-1884","Camille claudel 1884","Auguste Rodin","Impressionism","data/archive/Impressionism/auguste-rodin_camille-claudel-1884.jpg"
"auguste-rodin_minerva","Minerva","Auguste Rodin","Impressionism","data/archive/Impressionism/auguste-rodin_minerva.jpg"
"auguste-rodin_suzon","Suzon","Auguste Rodin","Impressionism","data/archive/Impressionism/auguste-rodin_suzon.jpg"
"auguste-rodin_the-thinker-1902-1","The thinker 1902 1","Auguste Rodin","Impressionism","data/archive/Impressionism/auguste-rodin_the-thinker-1902-1.jpg"
"auguste-rodin_untitled(3)","Untitled(3)","Auguste Rodin","Impressionism","data/archive/Impressionism/auguste-rodin_untitled(3).jpg"
"augustus-john_dylan-thomas-1938","Dylan thomas 1938","Augustus John","Impressionism","data/archive/Impressionism/augustus-john_dylan-thomas-1938.jpg"
"augustus-john_portrait-of-a-jamaican-woman-1937","Portrait of a jamaican woman 1937","Augustus John","Impressionism","data/archive/Impressionism/augustus-john_portrait-of-a-jamaican-woman-1937.jpg"
"augustus-john_welsh-landscape-1914","Welsh landscape 1914","Augustus John","Impressionism","data/archive/Impressionism/augustus-john_welsh-landscape-1914.jpg"
"bela-kadar_market-square-1910","Market square 1910","Bela Kadar","Impressionism","data/archive/Impressionism/bela-kadar_market-square-1910.jpg"
"berthe-morisot_boats-on-the-seine","Boats on the seine","Berthe Morisot","Impressionism","data/archive/Impressionism/berthe-morisot_boats-on-the-seine.jpg"
"berthe-morisot_daisies","Daisies","Berthe Morisot","Impressionism","data/archive/Impressionism/berthe-morisot_daisies.jpg"
"berthe-morisot_griffon-dog-s-head-follette","Griffon dog s head follette","Berthe Morisot","Impressionism","data/archive/Impressionism/berthe-morisot_griffon-dog-s-head-follette.jpg"
"berthe-morisot_jeannie-gobillard","Jeannie gobillard","Berthe Morisot","Impressionism","data/archive/Impressionism/berthe-morisot_jeannie-gobillard.jpg"
"berthe-morisot_landscape-near-valenciennes","Landscape near valenciennes","Berthe Morisot","Impressionism","data/archive/Impressionism/berthe-morisot_landscape-near-valenciennes.jpg"
"berthe-morisot_on-a-bench","On a bench","Berthe Morisot","Impressionism","data/archive/Impressionism/berthe-morisot_on-a-bench.jpg"
"berthe-morisot_portrait-of-madame-hubbard","Portrait of madame hubbard","Berthe Morisot","Impressionism","data/archive/Impressionism/berthe-morisot_portrait-of-madame-hubbard.jpg"
"berthe-morisot_self-portrait-1885","Self portrait 1885","Berthe Morisot","Impressionism","data/archive/Impressionism/berthe-morisot_self-portrait-1885.jpg"
"berthe-morisot_the-beach-at-nice-1882","The beach at nice 1882","Berthe Morisot","Impressionism","data/archive/Impressionism/berthe-morisot_the-beach-at-nice-1882.jpg"
"berthe-morisot_the-harbor-at-lorient","The harbor at lorient","Berthe Morisot","Impressionism","data/archive/Impressionism/berthe-morisot_the-harbor-at-lorient.jpg"
"berthe-morisot_the-rouart-s-dining-room-1880","The rouart s dining room 1880","Berthe Morisot","Impressionism","data/archive/Impressionism/berthe-morisot_the-rouart-s-dining-room-1880.jpg"
"berthe-morisot_willows-in-the-garden-at-bougival","Willows in the garden at bougival","Berthe Morisot","Impressionism","data/archive/Impressionism/berthe-morisot_willows-in-the-garden-at-bougival.jpg"
"berthe-morisot_young-girl-in-white","Young girl in white","Berthe Morisot","Impressionism","data/archive/Impressionism/berthe-morisot_young-girl-in-white.jpg"
"berthe-morisot_young-woman-at-the-mirror","Young woman at the mirror","Berthe Morisot","Impressionism","data/archive/Impressionism/berthe-morisot_young-woman-at-the-mirror.jpg"
"berthe-morisot_young-woman","Young woman","Berthe Morisot","Impressionism","data/archive/Impressionism/berthe-morisot_young-woman.jpg"
"boris-kustodiev_view-from-the-window-of-the-academy-of-fine-arts","View from the window of the academy of fine arts","Boris Kustodiev","Impressionism","data/archive/Impressionism/boris-kustodiev_view-from-the-window-of-the-academy-of-fine-arts.jpg"
"camille-pissarro_a-street-in-auvers-thatched-cottage-and-cow-1880","A street in auvers thatched cottage and cow 1880","Camille Pissarro","Impressionism","data/archive/Impressionism/camille-pissarro_a-street-in-auvers-thatched-cottage-and-cow-1880.jpg"
"camille-pissarro_apple-trees-sunset-eragny-1896","Apple trees sunset eragny 1896","Camille Pissarro","Impressionism","data/archive/Impressionism/camille-pissarro_apple-trees-sunset-eragny-1896.jpg"
"camille-pissarro_barges-on-pontoise-1872","Barges on pontoise 1872","Camille Pissarro","Impressionism","data/archive/Impressionism/camille-pissarro_barges-on-pontoise-1872.jpg"
"camille-pissarro_boulevard-montmartre-afternoon-sunlight-1897","Boulevard montmartre afternoon sunlight 1897","Camille Pissarro","Impressionism","data/archive/Impressionism/camille-pissarro_boulevard-montmartre-afternoon-sunlight-1897.jpg"
"camille-pissarro_carriage-on-a-country-road-winter-outskirts-of-louveciennes-1872","Carriage on a country road winter outskirts of louveciennes 1872","Camille Pissarro","Impressionism","data/archive/Impressionism/camille-pissarro_carriage-on-a-country-road-winter-outskirts-of-louveciennes-1872.jpg"
"camille-pissarro_cowherd-1883","Cowherd 1883","Camille Pissarro","Impressionism","data/archive/Impressionism/camille-pissarro_cowherd-1883.jpg"
"camille-pissarro_eragny-landscape-le-pre-1897","Eragny landscape le pre 1897","Camille Pissarro","Impressionism","data/archive/Impressionism/camille-pissarro_eragny-landscape-le-pre-1897.jpg"
"camille-pissarro_field-at-eragny-1885","Field at eragny 1885","Camille Pissarro","Impressionism","data/archive/Impressionism/camille-pissarro_field-at-eragny-1885.jpg"
"camille-pissarro_garden-at-eragny-1899","Garden at eragny 1899","Camille Pissarro","Impressionism","data/archive/Impressionism/camille-pissarro_garden-at-eragny-1899.jpg"
"camille-pissarro_hampton-court-green-1890","Hampton court green 1890","Camille Pissarro","Impressionism","data/archive/Impressionism/camille-pissarro_hampton-court-green-1890.jpg"
"camille-pissarro_houses-of-l-hermitage-pontoise-1879","Houses of l hermitage pontoise 1879","Camille Pissarro","Impressionism","data/archive/Impressionism/camille-pissarro_houses-of-l-hermitage-pontoise-1879.jpg"
"camille-pissarro_kew-gardens-the-little-greenhouse","Kew gardens the little greenhouse","Camille Pissarro","Impressionism","data/archive/Impressionism/camille-pissarro_kew-gardens-the-little-greenhouse.jpg"
"camille-pissarro_landscape-at-bazincourt","Landscape at bazincourt","Camille Pissarro","Impressionism","data/archive/Impressionism/camille-pissarro_landscape-at-bazincourt.jpg"
"camille-pissarro_landscape-at-valhermeil-1878","Landscape at valhermeil 1878","Camille Pissarro","Impressionism","data/archive/Impressionism/camille-pissarro_landscape-at-valhermeil-1878.jpg"
"camille-pissarro_landscape-with-big-trees","Landscape with big trees","Camille Pissarro","Impressionism","data/archive/Impressionism/camille-pissarro_landscape-with-big-trees.jpg"
"camille-pissarro_little-goose-girl-1886","Little goose girl 1886","Camille Pissarro","Impressionism","data/archive/Impressionism/camille-pissarro_little-goose-girl-1886.jpg"
"camille-pissarro_marketplace-gisors-1891","Marketplace gisors 1891","Camille Pissarro","Impressionism","data/archive/Impressionism/camille-pissarro_marketplace-gisors-1891.jpg"
"camille-pissarro_mother-presle-montfoucault-1874","Mother presle montfoucault 1874","Camille Pissarro","Impressionism","data/archive/Impressionism/camille-pissarro_mother-presle-montfoucault-1874.jpg"
"camille-pissarro_path-of-hermitage-at-pontoise-1872","Path of hermitage at pontoise 1872","Camille Pissarro","Impressionism","data/archive/Impressionism/camille-pissarro_path-of-hermitage-at-pontoise-1872.jpg"
"camille-pissarro_peasant-woman-at-the-well","Peasant woman at the well","Camille Pissarro","Impressionism","data/archive/Impressionism/camille-pissarro_peasant-woman-at-the-well.jpg"
"camille-pissarro_pere-melon-cutting-wood-1880","Pere melon cutting wood 1880","Camille Pissarro","Impressionism","data/archive/Impressionism/camille-pissarro_pere-melon-cutting-wood-1880.jpg"
"camille-pissarro_place-du-theatre-francais-spring-1898","Place du theatre francais spring 1898","Camille Pissarro","Impressionism","data/archive/Impressionism/camille-pissarro_place-du-theatre-francais-spring-1898.jpg"
"camille-pissarro_portrait-of-eugenie-estruc-1876","Portrait of eugenie estruc 1876","Camille Pissarro","Impressionism","data/archive/Impressionism/camille-pissarro_portrait-of-eugenie-estruc-1876.jpg"
"camille-pissarro_portrait-of-pere-papeille-pontoise","Portrait of pere papeille pontoise","Camille Pissarro","Impressionism","data/archive/Impressionism/camille-pissarro_portrait-of-pere-papeille-pontoise.jpg"
"camille-pissarro_rainbow-pontoise-1877","Rainbow pontoise 1877","Camille Pissarro","Impressionism","data/archive/Impressionism/camille-pissarro_rainbow-pontoise-1877.jpg"
"camille-pissarro_roses-of-nice-1902","Roses of nice 1902","Camille Pissarro","Impressionism","data/archive/Impressionism/camille-pissarro_roses-of-nice-1902.jpg"
"camille-pissarro_seated-and-kneeling-peasants-1893","Seated and kneeling peasants 1893","Camille Pissarro","Impressionism","data/archive/Impressionism/camille-pissarro_seated-and-kneeling-peasants-1893.jpg"
"camille-pissarro_shepherdess-bringing-in-sheep-1886","Shepherdess bringing in sheep 1886","Camille Pissarro","Impressionism","data/archive/Impressionism/camille-pissarro_shepherdess-bringing-in-sheep-1886.jpg"
"camille-pissarro_stagecoach-to-louveciennes-1870","Stagecoach to louveciennes 1870","Camille Pissarro","Impressionism","data/archive/Impressionism/camille-pissarro_stagecoach-to-louveciennes-1870.jpg"
"camille-pissarro_study-for-the-harvest-at-montfoucault-1879","Study for the harvest at montfoucault 1879","Camille Pissarro","Impressionism","data/archive/Impressionism/camille-pissarro_study-for-the-harvest-at-montfoucault-1879.jpg"
"camille-pissarro_sunset-rouen-1898","Sunset rouen 1898","Camille Pissarro","Impressionism","data/archive/Impressionism/camille-pissarro_sunset-rouen-1898.jpg"
"camille-pissarro_the-barn-morning-eragny-1893","The barn morning eragny 1893","Camille Pissarro","Impressionism","data/archive/Impressionism/camille-pissarro_the-barn-morning-eragny-1893.jpg"
"camille-pissarro_the-clearing","The clearing","Camille Pissarro","Impressionism","data/archive/Impressionism/camille-pissarro_the-clearing.jpg"
"camille-pissarro_the-effect-of-snow-sunset-eragny-1895","The effect of snow sunset eragny 1895","Camille Pissarro","Impressionism","data/archive/Impressionism/camille-pissarro_the-effect-of-snow-sunset-eragny-1895.jpg"
"camille-pissarro_the-garden-of-the-hotel-berneval-1900","The garden of the hotel berneval 1900","Camille Pissarro","Impressionism","data/archive/Impressionism/camille-pissarro_the-garden-of-the-hotel-berneval-1900.jpg"
"camille-pissarro_the-house-in-the-fields-rueil-1872","The house in the fields rueil 1872","Camille Pissarro","Impressionism","data/archive/Impressionism/camille-pissarro_the-house-in-the-fields-rueil-1872.jpg"
"camille-pissarro_the-lock-at-pontoise","The lock at pontoise","Camille Pissarro","Impressionism","data/archive/Impressionism/camille-pissarro_the-lock-at-pontoise.jpg"
"camille-pissarro_the-louvre-winter-sunshine-morning-1900","The louvre winter sunshine morning 1900","Camille Pissarro","Impressionism","data/archive/Impressionism/camille-pissarro_the-louvre-winter-sunshine-morning-1900.jpg"
"camille-pissarro_the-picnic","The picnic","Camille Pissarro","Impressionism","data/archive/Impressionism/camille-pissarro_the-picnic.jpg"
"camille-pissarro_the-pont-neuf-1902-1","The pont neuf 1902 1","Camille Pissarro","Impressionism","data/archive/Impressionism/camille-pissarro_the-pont-neuf-1902-1.jpg"
"camille-pissarro_the-port-of-dieppe-1902","The port of dieppe 1902","Camille Pissarro","Impressionism","data/archive/Impressionism/camille-pissarro_the-port-of-dieppe-1902.jpg"
"camille-pissarro_the-red-house-1873","The red house 1873","Camille Pissarro","Impressionism","data/archive/Impressionism/camille-pissarro_the-red-house-1873.jpg"
"camille-pissarro_the-seine-and-the-louvre-paris-1903","The seine and the louvre paris 1903","Camille Pissarro","Impressionism","data/archive/Impressionism/camille-pissarro_the-seine-and-the-louvre-paris-1903.jpg"
"camille-pissarro_the-tedders-1","The tedders 1","Camille Pissarro","Impressionism","data/archive/Impressionism/camille-pissarro_the-tedders-1.jpg"
"camille-pissarro_the-village-path-thatched-cottages-in-valhermeil-1880","The village path thatched cottages in valhermeil 1880","Camille Pissarro","Impressionism","data/archive/Impressionism/camille-pissarro_the-village-path-thatched-cottages-in-valhermeil-1880.jpg"
"camille-pissarro_varengeville-sunset-1899","Varengeville sunset 1899","Camille Pissarro","Impressionism","data/archive/Impressionism/camille-pissarro_varengeville-sunset-1899.jpg"
"camille-pissarro_view-of-pontoise-1873","View of pontoise 1873","Camille Pissarro","Impressionism","data/archive/Impressionism/camille-pissarro_view-of-pontoise-1873.jpg"
"camille-pissarro_white-frost-at-eragny-1895","White frost at eragny 1895","Camille Pissarro","Impressionism","data/archive/Impressionism/camille-pissarro_white-frost-at-eragny-1895.jpg"
"camille-pissarro_women-tending-the-laundry-study","Women tending the laundry study","Camille Pissarro","Impressionism","data/archive/Impressionism/camille-pissarro_women-tending-the-laundry-study.jpg"
"carl-larsson_the-old-man-and-the-new-trees-1883(1)","The old man and the new trees 1883(1)","Carl Larsson","Impressionism","data/archive/Impressionism/carl-larsson_the-old-man-and-the-new-trees-1883(1).jpg"
"charles-reiffel_the-mill-in-winter","The mill in winter","Charles Reiffel","Impressionism","data/archive/Impressionism/charles-reiffel_the-mill-in-winter.jpg"
"childe-hassam_a-venetian-regatta","A venetian regatta","Childe Hassam","Impressionism","data/archive/Impressionism/childe-hassam_a-venetian-regatta.jpg"
"childe-hassam_aphrodite-appledore","Aphrodite appledore","Childe Hassam","Impressionism","data/archive/Impressionism/childe-hassam_aphrodite-appledore.jpg"
"childe-hassam_bastille-day-boulevard-rochechouart-paris","Bastille day boulevard rochechouart paris","Childe Hassam","Impressionism","data/archive/Impressionism/childe-hassam_bastille-day-boulevard-rochechouart-paris.jpg"
"childe-hassam_bridge-at-old-lyme","Bridge at old lyme","Childe Hassam","Impressionism","data/archive/Impressionism/childe-hassam_bridge-at-old-lyme.jpg"
"childe-hassam_casa-eby-cos-cob","Casa eby cos cob","Childe Hassam","Impressionism","data/archive/Impressionism/childe-hassam_casa-eby-cos-cob.jpg"
"childe-hassam_church-at-old-lyme","Church at old lyme","Childe Hassam","Impressionism","data/archive/Impressionism/childe-hassam_church-at-old-lyme.jpg"
"childe-hassam_cos-cob","Cos cob","Childe Hassam","Impressionism","data/archive/Impressionism/childe-hassam_cos-cob.jpg"
"childe-hassam_early-morning-on-the-avenue-in-may","Early morning on the avenue in may","Childe Hassam","Impressionism","data/archive/Impressionism/childe-hassam_early-morning-on-the-avenue-in-may.jpg"
"childe-hassam_fifth-avenue-in-winter-1","Fifth avenue in winter 1","Childe Hassam","Impressionism","data/archive/Impressionism/childe-hassam_fifth-avenue-in-winter-1.jpg"
"childe-hassam_flower-market","Flower market","Childe Hassam","Impressionism","data/archive/Impressionism/childe-hassam_flower-market.jpg"
"childe-hassam_golden-afternoon","Golden afternoon","Childe Hassam","Impressionism","data/archive/Impressionism/childe-hassam_golden-afternoon.jpg"
"childe-hassam_hollyhocks-isles-of-shoals","Hollyhocks isles of shoals","Childe Hassam","Impressionism","data/archive/Impressionism/childe-hassam_hollyhocks-isles-of-shoals.jpg"
"childe-hassam_in-the-garden-at-villers-le-bel","In the garden at villers le bel","Childe Hassam","Impressionism","data/archive/Impressionism/childe-hassam_in-the-garden-at-villers-le-bel.jpg"
"childe-hassam_isles-of-shoals-broad-cove","Isles of shoals broad cove","Childe Hassam","Impressionism","data/archive/Impressionism/childe-hassam_isles-of-shoals-broad-cove.jpg"
"childe-hassam_late-afternoon-aka-sunset","Late afternoon aka sunset","Childe Hassam","Impressionism","data/archive/Impressionism/childe-hassam_late-afternoon-aka-sunset.jpg"
"childe-hassam_marche-st-pierre-montmartre","Marche st pierre montmartre","Childe Hassam","Impressionism","data/archive/Impressionism/childe-hassam_marche-st-pierre-montmartre.jpg"
"childe-hassam_morning-old-lyme","Morning old lyme","Childe Hassam","Impressionism","data/archive/Impressionism/childe-hassam_morning-old-lyme.jpg"
"childe-hassam_new-england-road","New england road","Childe Hassam","Impressionism","data/archive/Impressionism/childe-hassam_new-england-road.jpg"
"childe-hassam_notre-dame-cathedral-paris","Notre dame cathedral paris","Childe Hassam","Impressionism","data/archive/Impressionism/childe-hassam_notre-dame-cathedral-paris.jpg"
"childe-hassam_on-the-balcony","On the balcony","Childe Hassam","Impressionism","data/archive/Impressionism/childe-hassam_on-the-balcony.jpg"
"childe-hassam_peonies","Peonies","Childe Hassam","Impressionism","data/archive/Impressionism/childe-hassam_peonies.jpg"
"childe-hassam_posilippo","Posilippo","Childe Hassam","Impressionism","data/archive/Impressionism/childe-hassam_posilippo.jpg"
"childe-hassam_rooftops-pont-aven","Rooftops pont aven","Childe Hassam","Impressionism","data/archive/Impressionism/childe-hassam_rooftops-pont-aven.jpg"
"childe-hassam_seaweed-and-surf-appledore","Seaweed and surf appledore","Childe Hassam","Impressionism","data/archive/Impressionism/childe-hassam_seaweed-and-surf-appledore.jpg"
"childe-hassam_square-at-sevilla","Square at sevilla","Childe Hassam","Impressionism","data/archive/Impressionism/childe-hassam_square-at-sevilla.jpg"
"childe-hassam_summer-sunlight","Summer sunlight","Childe Hassam","Impressionism","data/archive/Impressionism/childe-hassam_summer-sunlight.jpg"
"childe-hassam_ten-pound-island","Ten pound island","Childe Hassam","Impressionism","data/archive/Impressionism/childe-hassam_ten-pound-island.jpg"
"childe-hassam_the-cedar-lot-old-lyme","The cedar lot old lyme","Childe Hassam","Impressionism","data/archive/Impressionism/childe-hassam_the-cedar-lot-old-lyme.jpg"
"childe-hassam_the-grands-boulevard-paris","The grands boulevard paris","Childe Hassam","Impressionism","data/archive/Impressionism/childe-hassam_the-grands-boulevard-paris.jpg"
"childe-hassam_the-new-york-window","The new york window","Childe Hassam","Impressionism","data/archive/Impressionism/childe-hassam_the-new-york-window.jpg"
"childe-hassam_the-south-gorge-appledore-isles-of-shoals","The south gorge appledore isles of shoals","Childe Hassam","Impressionism","data/archive/Impressionism/childe-hassam_the-south-gorge-appledore-isles-of-shoals.jpg"
"childe-hassam_union-square","Union square","Childe Hassam","Impressionism","data/archive/Impressionism/childe-hassam_union-square.jpg"
"childe-hassam_walk-around-the-island","Walk around the island","Childe Hassam","Impressionism","data/archive/Impressionism/childe-hassam_walk-around-the-island.jpg"
"childe-hassam_woman-sellillng-flowers-1889","Woman sellillng flowers 1889","Childe Hassam","Impressionism","data/archive/Impressionism/childe-hassam_woman-sellillng-flowers-1889.jpg"
"claude-monet_andre-lauvray(1)","Andre lauvray(1)","Claude Monet","Impressionism","data/archive/Impressionism/claude-monet_andre-lauvray(1).jpg"
"claude-monet_argenteuil-2(1)","Argenteuil 2(1)","Claude Monet","Impressionism","data/archive/Impressionism/claude-monet_argenteuil-2(1).jpg"
"claude-monet_at-val-saint-nicolas-near-dieppe","At val saint nicolas near dieppe","Claude Monet","Impressionism","data/archive/Impressionism/claude-monet_at-val-saint-nicolas-near-dieppe.jpg"
"claude-monet_blanche-hoschede","Blanche hoschede","Claude Monet","Impressionism","data/archive/Impressionism/claude-monet_blanche-hoschede.jpg"
"claude-monet_boatyard-near-honfleur","Boatyard near honfleur","Claude Monet","Impressionism","data/archive/Impressionism/claude-monet_boatyard-near-honfleur.jpg"
"claude-monet_calm-weather-fecamp","Calm weather fecamp","Claude Monet","Impressionism","data/archive/Impressionism/claude-monet_calm-weather-fecamp.jpg"
"claude-monet_cart-on-the-snow-covered-road-with-saint-simeon-farm","Cart on the snow covered road with saint simeon farm","Claude Monet","Impressionism","data/archive/Impressionism/claude-monet_cart-on-the-snow-covered-road-with-saint-simeon-farm.jpg"
"claude-monet_charing-cross-bridge-the-thames","Charing cross bridge the thames","Claude Monet","Impressionism","data/archive/Impressionism/claude-monet_charing-cross-bridge-the-thames.jpg"
"claude-monet_cliff-at-pourville-1","Cliff at pourville 1","Claude Monet","Impressionism","data/archive/Impressionism/claude-monet_cliff-at-pourville-1.jpg"
"claude-monet_cliffs-at-pourville-morning","Cliffs at pourville morning","Claude Monet","Impressionism","data/archive/Impressionism/claude-monet_cliffs-at-pourville-morning.jpg"
"claude-monet_customs-house-at-varengaville","Customs house at varengaville","Claude Monet","Impressionism","data/archive/Impressionism/claude-monet_customs-house-at-varengaville.jpg"
"claude-monet_etretat-the-aval-door-fishing-boats-leaving-the-harbour","Etretat the aval door fishing boats leaving the harbour","Claude Monet","Impressionism","data/archive/Impressionism/claude-monet_etretat-the-aval-door-fishing-boats-leaving-the-harbour.jpg"
"claude-monet_fishing-boats-at-honfleur","Fishing boats at honfleur","Claude Monet","Impressionism","data/archive/Impressionism/claude-monet_fishing-boats-at-honfleur.jpg"
"claude-monet_flood-waters","Flood waters","Claude Monet","Impressionism","data/archive/Impressionism/claude-monet_flood-waters.jpg"
"claude-monet_garden-in-bloom-at-sainte-addresse","Garden in bloom at sainte addresse","Claude Monet","Impressionism","data/archive/Impressionism/claude-monet_garden-in-bloom-at-sainte-addresse.jpg"
"claude-monet_grainstack-at-giverny","Grainstack at giverny","Claude Monet","Impressionism","data/archive/Impressionism/claude-monet_grainstack-at-giverny.jpg"
"claude-monet_grainstacks-white-frost-effect-1891","Grainstacks white frost effect 1891","Claude Monet","Impressionism","data/archive/Impressionism/claude-monet_grainstacks-white-frost-effect-1891.jpg"
"claude-monet_haystacks-at-sunset-frosty-weather-1891","Haystacks at sunset frosty weather 1891","Claude Monet","Impressionism","data/archive/Impressionism/claude-monet_haystacks-at-sunset-frosty-weather-1891.jpg"
"claude-monet_houses-of-parliament-london-sun-breaking-through","Houses of parliament london sun breaking through","Claude Monet","Impressionism","data/archive/Impressionism/claude-monet_houses-of-parliament-london-sun-breaking-through.jpg"
"claude-monet_in-the-garden-1","In the garden 1","Claude Monet","Impressionism","data/archive/Impressionism/claude-monet_in-the-garden-1.jpg"
"claude-monet_jean-monet-on-a-mechanical-horse","Jean monet on a mechanical horse","Claude Monet","Impressionism","data/archive/Impressionism/claude-monet_jean-monet-on-a-mechanical-horse.jpg"
"claude-monet_late-afternoon-in-vetheuil","Late afternoon in vetheuil","Claude Monet","Impressionism","data/archive/Impressionism/claude-monet_late-afternoon-in-vetheuil.jpg"
"claude-monet_lunch-on-the-grass-study","Lunch on the grass study","Claude Monet","Impressionism","data/archive/Impressionism/claude-monet_lunch-on-the-grass-study.jpg"
"claude-monet_meton-seen-from-cap-martin","Meton seen from cap martin","Claude Monet","Impressionism","data/archive/Impressionism/claude-monet_meton-seen-from-cap-martin.jpg"
"claude-monet_morning-on-the-seine-clear-weather-02","Morning on the seine clear weather 02","Claude Monet","Impressionism","data/archive/Impressionism/claude-monet_morning-on-the-seine-clear-weather-02.jpg"
"claude-monet_norman-farm-through-the-trees","Norman farm through the trees","Claude Monet","Impressionism","data/archive/Impressionism/claude-monet_norman-farm-through-the-trees.jpg"
"claude-monet_olive-trees-study","Olive trees study","Claude Monet","Impressionism","data/archive/Impressionism/claude-monet_olive-trees-study.jpg"
"claude-monet_palm-trees-at-bordighera","Palm trees at bordighera","Claude Monet","Impressionism","data/archive/Impressionism/claude-monet_palm-trees-at-bordighera.jpg"
"claude-monet_path-through-the-irises-02-1917","Path through the irises 02 1917","Claude Monet","Impressionism","data/archive/Impressionism/claude-monet_path-through-the-irises-02-1917.jpg"
"claude-monet_poplars-at-giverny","Poplars at giverny","Claude Monet","Impressionism","data/archive/Impressionism/claude-monet_poplars-at-giverny.jpg"
"claude-monet_poppy-field-in-a-hollow-near-giverny","Poppy field in a hollow near giverny","Claude Monet","Impressionism","data/archive/Impressionism/claude-monet_poppy-field-in-a-hollow-near-giverny.jpg"
"claude-monet_portrait-of-michael-with-hat-and-pom-pom","Portrait of michael with hat and pom pom","Claude Monet","Impressionism","data/archive/Impressionism/claude-monet_portrait-of-michael-with-hat-and-pom-pom.jpg"
"claude-monet_red-houses-at-bjornegaard-in-the-snow-norway","Red houses at bjornegaard in the snow norway","Claude Monet","Impressionism","data/archive/Impressionism/claude-monet_red-houses-at-bjornegaard-in-the-snow-norway.jpg"
"claude-monet_road-of-la-roche-guyon","Road of la roche guyon","Claude Monet","Impressionism","data/archive/Impressionism/claude-monet_road-of-la-roche-guyon.jpg"
"claude-monet_rouen-cathedral-at-noon","Rouen cathedral at noon","Claude Monet","Impressionism","data/archive/Impressionism/claude-monet_rouen-cathedral-at-noon.jpg"
"claude-monet_rouen-cathedral-the-portal-and-the-tower-d-allban-on-the-sun","Rouen cathedral the portal and the tower d allban on the sun","Claude Monet","Impressionism","data/archive/Impressionism/claude-monet_rouen-cathedral-the-portal-and-the-tower-d-allban-on-the-sun.jpg"
"claude-monet_sailing-at-sainte-adresse","Sailing at sainte adresse","Claude Monet","Impressionism","data/archive/Impressionism/claude-monet_sailing-at-sainte-adresse.jpg"
"claude-monet_san-giorgio-maggiore-2","San giorgio maggiore 2","Claude Monet","Impressionism","data/archive/Impressionism/claude-monet_san-giorgio-maggiore-2.jpg"
"claude-monet_seine-at-rouen-1872","Seine at rouen 1872","Claude Monet","Impressionism","data/archive/Impressionism/claude-monet_seine-at-rouen-1872.jpg"
"claude-monet_snow-effect-the-road-to-louveciennes","Snow effect the road to louveciennes","Claude Monet","Impressionism","data/archive/Impressionism/claude-monet_snow-effect-the-road-to-louveciennes.jpg"
"claude-monet_springtime","Springtime","Claude Monet","Impressionism","data/archive/Impressionism/claude-monet_springtime.jpg"
"claude-monet_sun-setting-over-the-seine-at-lavacourt-winter-effect-1880","Sun setting over the seine at lavacourt winter effect 1880","Claude Monet","Impressionism","data/archive/Impressionism/claude-monet_sun-setting-over-the-seine-at-lavacourt-winter-effect-1880.jpg"
"claude-monet_the-artist-s-garden-at-vetheuil-1881","The artist s garden at vetheuil 1881","Claude Monet","Impressionism","data/archive/Impressionism/claude-monet_the-artist-s-garden-at-vetheuil-1881.jpg"
"claude-monet_the-banks-of-the-seine-lavacourt-02","The banks of the seine lavacourt 02","Claude Monet","Impressionism","data/archive/Impressionism/claude-monet_the-banks-of-the-seine-lavacourt-02.jpg"
"claude-monet_the-big-blue-sea-in-antibes","The big blue sea in antibes","Claude Monet","Impressionism","data/archive/Impressionism/claude-monet_the-big-blue-sea-in-antibes.jpg"
"claude-monet_the-bridge-over-the-seine","The bridge over the seine","Claude Monet","Impressionism","data/archive/Impressionism/claude-monet_the-bridge-over-the-seine.jpg"
"claude-monet_the-coastguard-cabin-at-varengeville","The coastguard cabin at varengeville","Claude Monet","Impressionism","data/archive/Impressionism/claude-monet_the-coastguard-cabin-at-varengeville.jpg"
"claude-monet_the-effect-of-fog-near-dieppe","The effect of fog near dieppe","Claude Monet","Impressionism","data/archive/Impressionism/claude-monet_the-effect-of-fog-near-dieppe.jpg"
"claude-monet_the-garden-hollyhocks","The garden hollyhocks","Claude Monet","Impressionism","data/archive/Impressionism/claude-monet_the-garden-hollyhocks.jpg"
"claude-monet_the-gulf-of-antibes","The gulf of antibes","Claude Monet","Impressionism","data/archive/Impressionism/claude-monet_the-gulf-of-antibes.jpg"
"claude-monet_the-isle-grande-jatte-on-the-siene","The isle grande jatte on the siene","Claude Monet","Impressionism","data/archive/Impressionism/claude-monet_the-isle-grande-jatte-on-the-siene.jpg"
"claude-monet_the-japanese-bridge-the-bridge-in-monet-s-garden-1896","The japanese bridge the bridge in monet s garden 1896","Claude Monet","Impressionism","data/archive/Impressionism/claude-monet_the-japanese-bridge-the-bridge-in-monet-s-garden-1896.jpg"
"claude-monet_the-landing-state","The landing state","Claude Monet","Impressionism","data/archive/Impressionism/claude-monet_the-landing-state.jpg"
"claude-monet_the-mannerport-near-etretat","The mannerport near etretat","Claude Monet","Impressionism","data/archive/Impressionism/claude-monet_the-mannerport-near-etretat.jpg"
"claude-monet_the-pave-de-chailly","The pave de chailly","Claude Monet","Impressionism","data/archive/Impressionism/claude-monet_the-pave-de-chailly.jpg"
"claude-monet_the-promenade-at-argenteuil-02","The promenade at argenteuil 02","Claude Monet","Impressionism","data/archive/Impressionism/claude-monet_the-promenade-at-argenteuil-02.jpg"
"claude-monet_the-red-house","The red house","Claude Monet","Impressionism","data/archive/Impressionism/claude-monet_the-red-house.jpg"
"claude-monet_the-road-to-the-farm-of-saint-simeon","The road to the farm of saint simeon","Claude Monet","Impressionism","data/archive/Impressionism/claude-monet_the-road-to-the-farm-of-saint-simeon.jpg"
"claude-monet_the-sailing-boat","The sailing boat","Claude Monet","Impressionism","data/archive/Impressionism/claude-monet_the-sailing-boat.jpg"
"claude-monet_the-seine-at-bennecourt-winter","The seine at bennecourt winter","Claude Monet","Impressionism","data/archive/Impressionism/claude-monet_the-seine-at-bennecourt-winter.jpg"
"claude-monet_the-seine-at-vetheuil-2-1","The seine at vetheuil 2 1","Claude Monet","Impressionism","data/archive/Impressionism/claude-monet_the-seine-at-vetheuil-2-1.jpg"
"claude-monet_the-shoot-1876","The shoot 1876","Claude Monet","Impressionism","data/archive/Impressionism/claude-monet_the-shoot-1876.jpg"
"claude-monet_the-studio-boat","The studio boat","Claude Monet","Impressionism","data/archive/Impressionism/claude-monet_the-studio-boat.jpg"
"claude-monet_the-valley-of-sasso-blue-effect","The valley of sasso blue effect","Claude Monet","Impressionism","data/archive/Impressionism/claude-monet_the-valley-of-sasso-blue-effect.jpg"
"claude-monet_the-wooden-bridge","The wooden bridge","Claude Monet","Impressionism","data/archive/Impressionism/claude-monet_the-wooden-bridge.jpg"
"claude-monet_tulip-field-in-holland","Tulip field in holland","Claude Monet","Impressionism","data/archive/Impressionism/claude-monet_tulip-field-in-holland.jpg"
"claude-monet_valley-of-the-creuse","Valley of the creuse","Claude Monet","Impressionism","data/archive/Impressionism/claude-monet_valley-of-the-creuse.jpg"
"claude-monet_vetheuil-at-sunset","Vetheuil at sunset","Claude Monet","Impressionism","data/archive/Impressionism/claude-monet_vetheuil-at-sunset.jpg"
"claude-monet_vetheuil-the-small-arm-of-the-seine","Vetheuil the small arm of the seine","Claude Monet","Impressionism","data/archive/Impressionism/claude-monet_vetheuil-the-small-arm-of-the-seine.jpg"
"claude-monet_view-over-the-sea-1882","View over the sea 1882","Claude Monet","Impressionism","data/archive/Impressionism/claude-monet_view-over-the-sea-1882.jpg"
"claude-monet_water-lilies-16","Water lilies 16","Claude Monet","Impressionism","data/archive/Impressionism/claude-monet_water-lilies-16.jpg"
"claude-monet_water-lilies-1917-6","Water lilies 1917 6","Claude Monet","Impressionism","data/archive/Impressionism/claude-monet_water-lilies-1917-6.jpg"
"claude-monet_water-lilies-1926-1","Water lilies 1926 1","Claude Monet","Impressionism","data/archive/Impressionism/claude-monet_water-lilies-1926-1.jpg"
"claude-monet_water-lilies-32","Water lilies 32","Claude Monet","Impressionism","data/archive/Impressionism/claude-monet_water-lilies-32.jpg"
"claude-monet_water-lilies-5","Water lilies 5","Claude Monet","Impressionism","data/archive/Impressionism/claude-monet_water-lilies-5.jpg"
"claude-monet_water-lilies-reflections-of-weeping-willows-right-half-1919","Water lilies reflections of weeping willows right half 1919","Claude Monet","Impressionism","data/archive/Impressionism/claude-monet_water-lilies-reflections-of-weeping-willows-right-half-1919.jpg"
"claude-monet_water-lily-pond-evening-right-panel-1926","Water lily pond evening right panel 1926","Claude Monet","Impressionism","data/archive/Impressionism/claude-monet_water-lily-pond-evening-right-panel-1926.jpg"
"claude-monet_waterloo-bridge-london","Waterloo bridge london","Claude Monet","Impressionism","data/archive/Impressionism/claude-monet_waterloo-bridge-london.jpg"
"claude-monet_weeping-willow-1919","Weeping willow 1919","Claude Monet","Impressionism","data/archive/Impressionism/claude-monet_weeping-willow-1919.jpg"
"claude-monet_white-frost","White frost","Claude Monet","Impressionism","data/archive/Impressionism/claude-monet_white-frost.jpg"
"claude-monet_winter-on-the-seine-lavacourt-1880","Winter on the seine lavacourt 1880","Claude Monet","Impressionism","data/archive/Impressionism/claude-monet_winter-on-the-seine-lavacourt-1880.jpg"
"claude-monet_yellow-irises-3-1917","Yellow irises 3 1917","Claude Monet","Impressionism","data/archive/Impressionism/claude-monet_yellow-irises-3-1917.jpg"
"constantin-artachino_boats-on-the-shore-of-danube","Boats on the shore of danube","Constantin Artachino","Impressionism","data/archive/Impressionism/constantin-artachino_boats-on-the-shore-of-danube.jpg"
"constantin-artachino_lipoveanul","Lipoveanul","Constantin Artachino","Impressionism","data/archive/Impressionism/constantin-artachino_lipoveanul.jpg"
"constantin-artachino_street-in-turtucaia","Street in turtucaia","Constantin Artachino","Impressionism","data/archive/Impressionism/constantin-artachino_street-in-turtucaia.jpg"
"constantine-maleas_landscape-with-tree-and-mosque-in-the-background","Landscape with tree and mosque in the background","Constantine Maleas","Impressionism","data/archive/Impressionism/constantine-maleas_landscape-with-tree-and-mosque-in-the-background.jpg"
"cornelis-vreedenburgh_corner-paleissingel-straat-in-amsterdam","Corner paleissingel straat in amsterdam","Cornelis Vreedenburgh","Impressionism","data/archive/Impressionism/cornelis-vreedenburgh_corner-paleissingel-straat-in-amsterdam.jpg"
"cornelis-vreedenburgh_painter-jan-bakker-at-work","Painter jan bakker at work","Cornelis Vreedenburgh","Impressionism","data/archive/Impressionism/cornelis-vreedenburgh_painter-jan-bakker-at-work.jpg"
"cornelis-vreedenburgh_view-on-the-amstel","View on the amstel","Cornelis Vreedenburgh","Impressionism","data/archive/Impressionism/cornelis-vreedenburgh_view-on-the-amstel.jpg"
"dimitrie-paciurea_chimera","Chimera","Dimitrie Paciurea","Impressionism","data/archive/Impressionism/dimitrie-paciurea_chimera.jpg"
"edgar-degas_after-bathing-woman-drying-herself-1","After bathing woman drying herself 1","Edgar Degas","Impressionism","data/archive/Impressionism/edgar-degas_after-bathing-woman-drying-herself-1.jpg"
"edgar-degas_after-the-bath-woman-drying-her-feet-1886","After the bath woman drying her feet 1886","Edgar Degas","Impressionism","data/archive/Impressionism/edgar-degas_after-the-bath-woman-drying-her-feet-1886.jpg"
"edgar-degas_at-the-cafe-des-ambassadeurs-1885","At the cafe des ambassadeurs 1885","Edgar Degas","Impressionism","data/archive/Impressionism/edgar-degas_at-the-cafe-des-ambassadeurs-1885.jpg"
"edgar-degas_ballet-class-the-dance-hall-1880","Ballet class the dance hall 1880","Edgar Degas","Impressionism","data/archive/Impressionism/edgar-degas_ballet-class-the-dance-hall-1880.jpg"
"edgar-degas_beach-with-sailing-boats","Beach with sailing boats","Edgar Degas","Impressionism","data/archive/Impressionism/edgar-degas_beach-with-sailing-boats.jpg"
"edgar-degas_cafe-concert-singer-1878","Cafe concert singer 1878","Edgar Degas","Impressionism","data/archive/Impressionism/edgar-degas_cafe-concert-singer-1878.jpg"
"edgar-degas_dancer-1874","Dancer 1874","Edgar Degas","Impressionism","data/archive/Impressionism/edgar-degas_dancer-1874.jpg"
"edgar-degas_dancer-in-pink-dress-1880","Dancer in pink dress 1880","Edgar Degas","Impressionism","data/archive/Impressionism/edgar-degas_dancer-in-pink-dress-1880.jpg"
"edgar-degas_dancer-with-a-fan-1","Dancer with a fan 1","Edgar Degas","Impressionism","data/archive/Impressionism/edgar-degas_dancer-with-a-fan-1.jpg"
"edgar-degas_dancers-3","Dancers 3","Edgar Degas","Impressionism","data/archive/Impressionism/edgar-degas_dancers-3.jpg"
"edgar-degas_dancers-in-foyer-1890","Dancers in foyer 1890","Edgar Degas","Impressionism","data/archive/Impressionism/edgar-degas_dancers-in-foyer-1890.jpg"
"edgar-degas_dancers","Dancers","Edgar Degas","Impressionism","data/archive/Impressionism/edgar-degas_dancers.jpg"
"edgar-degas_estelle-musson-balfour","Estelle musson balfour","Edgar Degas","Impressionism","data/archive/Impressionism/edgar-degas_estelle-musson-balfour.jpg"
"edgar-degas_gustave-moreau-1868","Gustave moreau 1868","Edgar Degas","Impressionism","data/archive/Impressionism/edgar-degas_gustave-moreau-1868.jpg"
"edgar-degas_in-the-dance-studio","In the dance studio","Edgar Degas","Impressionism","data/archive/Impressionism/edgar-degas_in-the-dance-studio.jpg"
"edgar-degas_jokeys-training","Jokeys training","Edgar Degas","Impressionism","data/archive/Impressionism/edgar-degas_jokeys-training.jpg"
"edgar-degas_leaving-the-bath-1885","Leaving the bath 1885","Edgar Degas","Impressionism","data/archive/Impressionism/edgar-degas_leaving-the-bath-1885.jpg"
"edgar-degas_mademoiselle-didau-at-the-piano-1872","Mademoiselle didau at the piano 1872","Edgar Degas","Impressionism","data/archive/Impressionism/edgar-degas_mademoiselle-didau-at-the-piano-1872.jpg"
"edgar-degas_musicians-in-the-orchestra-1870","Musicians in the orchestra 1870","Edgar Degas","Impressionism","data/archive/Impressionism/edgar-degas_musicians-in-the-orchestra-1870.jpg"
"edgar-degas_pink-dancer","Pink dancer","Edgar Degas","Impressionism","data/archive/Impressionism/edgar-degas_pink-dancer.jpg"
"edgar-degas_portrait-of-henri-michel-levy-in-his-studio-1879","Portrait of henri michel levy in his studio 1879","Edgar Degas","Impressionism","data/archive/Impressionism/edgar-degas_portrait-of-henri-michel-levy-in-his-studio-1879.jpg"
"edgar-degas_racehorses-at-longchamp-1875","Racehorses at longchamp 1875","Edgar Degas","Impressionism","data/archive/Impressionism/edgar-degas_racehorses-at-longchamp-1875.jpg"
"edgar-degas_rue-quesnoy-saint-valery-sur-somme","Rue quesnoy saint valery sur somme","Edgar Degas","Impressionism","data/archive/Impressionism/edgar-degas_rue-quesnoy-saint-valery-sur-somme.jpg"
"edgar-degas_seated-woman-adjusting-her-hair","Seated woman adjusting her hair","Edgar Degas","Impressionism","data/archive/Impressionism/edgar-degas_seated-woman-adjusting-her-hair.jpg"
"edgar-degas_sitting-woman-drying-herself-1","Sitting woman drying herself 1","Edgar Degas","Impressionism","data/archive/Impressionism/edgar-degas_sitting-woman-drying-herself-1.jpg"
"edgar-degas_study-of-gentile-bellini-1855","Study of gentile bellini 1855","Edgar Degas","Impressionism","data/archive/Impressionism/edgar-degas_study-of-gentile-bellini-1855.jpg"
"edgar-degas_the-chorus","The chorus","Edgar Degas","Impressionism","data/archive/Impressionism/edgar-degas_the-chorus.jpg"
"edgar-degas_the-fallen-jockey","The fallen jockey","Edgar Degas","Impressionism","data/archive/Impressionism/edgar-degas_the-fallen-jockey.jpg"
"edgar-degas_the-racecourse-1885","The racecourse 1885","Edgar Degas","Impressionism","data/archive/Impressionism/edgar-degas_the-racecourse-1885.jpg"
"edgar-degas_the-trainers","The trainers","Edgar Degas","Impressionism","data/archive/Impressionism/edgar-degas_the-trainers.jpg"
"edgar-degas_three-dancers-in-an-exercise-hall","Three dancers in an exercise hall","Edgar Degas","Impressionism","data/archive/Impressionism/edgar-degas_three-dancers-in-an-exercise-hall.jpg"
"edgar-degas_two-dancers-at-rest-dancers-in-blue","Two dancers at rest dancers in blue","Edgar Degas","Impressionism","data/archive/Impressionism/edgar-degas_two-dancers-at-rest-dancers-in-blue.jpg"
"edgar-degas_two-horses-in-a-pasture","Two horses in a pasture","Edgar Degas","Impressionism","data/archive/Impressionism/edgar-degas_two-horses-in-a-pasture.jpg"
"edgar-degas_woman-at-her-toilette-1877","Woman at her toilette 1877","Edgar Degas","Impressionism","data/archive/Impressionism/edgar-degas_woman-at-her-toilette-1877.jpg"
"edgar-degas_woman-drying-herself-1","Woman drying herself 1","Edgar Degas","Impressionism","data/archive/Impressionism/edgar-degas_woman-drying-herself-1.jpg"
"edgar-degas_woman-ironing","Woman ironing","Edgar Degas","Impressionism","data/archive/Impressionism/edgar-degas_woman-ironing.jpg"
"edgar-degas_woman-tying-the-ribbons-of-her-hat","Woman tying the ribbons of her hat","Edgar Degas","Impressionism","data/archive/Impressionism/edgar-degas_woman-tying-the-ribbons-of-her-hat.jpg"
"edgar-degas_young-women-resting-in-a-field","Young women resting in a field","Edgar Degas","Impressionism","data/archive/Impressionism/edgar-degas_young-women-resting-in-a-field.jpg"
"edmund-charles-tarbell_still-life-with-oriental-statue","Still life with oriental statue","Edmund Charles Tarbell","Impressionism","data/archive/Impressionism/edmund-charles-tarbell_still-life-with-oriental-statue.jpg"
"edouard-manet_autumn-study-of-mery-laurent-1882","Autumn study of mery laurent 1882","Edouard Manet","Impressionism","data/archive/Impressionism/edouard-manet_autumn-study-of-mery-laurent-1882.jpg"
"edouard-manet_isabelle-lemonnier-with-a-muff","Isabelle lemonnier with a muff","Edouard Manet","Impressionism","data/archive/Impressionism/edouard-manet_isabelle-lemonnier-with-a-muff.jpg"
"edouard-manet_nana-1877","Nana 1877","Edouard Manet","Impressionism","data/archive/Impressionism/edouard-manet_nana-1877.jpg"
"edouard-manet_portrait-of-madame-michel-levy-1882","Portrait of madame michel levy 1882","Edouard Manet","Impressionism","data/archive/Impressionism/edouard-manet_portrait-of-madame-michel-levy-1882.jpg"
"edouard-manet_study-for-the-execution-of-emperor-maximilian-1867","Study for the execution of emperor maximilian 1867","Edouard Manet","Impressionism","data/archive/Impressionism/edouard-manet_study-for-the-execution-of-emperor-maximilian-1867.jpg"
"edouard-manet_the-milliner-1881","The milliner 1881","Edouard Manet","Impressionism","data/archive/Impressionism/edouard-manet_the-milliner-1881.jpg"
"edouard-manet_woman-with-a-cat","Woman with a cat","Edouard Manet","Impressionism","data/archive/Impressionism/edouard-manet_woman-with-a-cat.jpg"
"edvard-munch_spring-day-on-karl-johan-street-1890","Spring day on karl johan street 1890","Edvard Munch","Impressionism","data/archive/Impressionism/edvard-munch_spring-day-on-karl-johan-street-1890.jpg"
"egon-schiele_self-portrait-facing-right-1907","Self portrait facing right 1907","Egon Schiele","Impressionism","data/archive/Impressionism/egon-schiele_self-portrait-facing-right-1907.jpg"
"eliseu-visconti_kiss-1909","Kiss 1909","Eliseu Visconti","Impressionism","data/archive/Impressionism/eliseu-visconti_kiss-1909.jpg"
"emile-claus_portrait-de-madame-claus-1900","Portrait de madame claus 1900","Emile Claus","Impressionism","data/archive/Impressionism/emile-claus_portrait-de-madame-claus-1900.jpg"
"eugene-boudin_a-beach-scene","A beach scene","Eugene Boudin","Impressionism","data/archive/Impressionism/eugene-boudin_a-beach-scene.jpg"
"eugene-boudin_antwerp-the-schelde","Antwerp the schelde","Eugene Boudin","Impressionism","data/archive/Impressionism/eugene-boudin_antwerp-the-schelde.jpg"
"eugene-boudin_beach-scene-1879","Beach scene 1879","Eugene Boudin","Impressionism","data/archive/Impressionism/eugene-boudin_beach-scene-1879.jpg"
"eugene-boudin_beach-scene-at-trouville","Beach scene at trouville","Eugene Boudin","Impressionism","data/archive/Impressionism/eugene-boudin_beach-scene-at-trouville.jpg"
"eugene-boudin_berck-the-beach-at-low-tide-1882","Berck the beach at low tide 1882","Eugene Boudin","Impressionism","data/archive/Impressionism/eugene-boudin_berck-the-beach-at-low-tide-1882.jpg"
"eugene-boudin_breton-shoreline","Breton shoreline","Eugene Boudin","Impressionism","data/archive/Impressionism/eugene-boudin_breton-shoreline.jpg"
"eugene-boudin_camaret-the-toulinguet-1871","Camaret the toulinguet 1871","Eugene Boudin","Impressionism","data/archive/Impressionism/eugene-boudin_camaret-the-toulinguet-1871.jpg"
"eugene-boudin_cows-in-a-meadow-on-the-banks-of-the-toques-1880","Cows in a meadow on the banks of the toques 1880","Eugene Boudin","Impressionism","data/archive/Impressionism/eugene-boudin_cows-in-a-meadow-on-the-banks-of-the-toques-1880.jpg"
"eugene-boudin_deauville-ruins-of-the-chateau-de-lassay-1893","Deauville ruins of the chateau de lassay 1893","Eugene Boudin","Impressionism","data/archive/Impressionism/eugene-boudin_deauville-ruins-of-the-chateau-de-lassay-1893.jpg"
"eugene-boudin_dordrecht-la-meuse-view-of-swandrecht-1884","Dordrecht la meuse view of swandrecht 1884","Eugene Boudin","Impressionism","data/archive/Impressionism/eugene-boudin_dordrecht-la-meuse-view-of-swandrecht-1884.jpg"
"eugene-boudin_entrance-to-the-port-of-trouville-1894","Entrance to the port of trouville 1894","Eugene Boudin","Impressionism","data/archive/Impressionism/eugene-boudin_entrance-to-the-port-of-trouville-1894.jpg"
"eugene-boudin_fish-market","Fish market","Eugene Boudin","Impressionism","data/archive/Impressionism/eugene-boudin_fish-market.jpg"
"eugene-boudin_harnessed-horses","Harnessed horses","Eugene Boudin","Impressionism","data/archive/Impressionism/eugene-boudin_harnessed-horses.jpg"
"eugene-boudin_laundresses-on-the-banks-of-the-touques-1893","Laundresses on the banks of the touques 1893","Eugene Boudin","Impressionism","data/archive/Impressionism/eugene-boudin_laundresses-on-the-banks-of-the-touques-1893.jpg"
"eugene-boudin_le-havre-avent-port-1","Le havre avent port 1","Eugene Boudin","Impressionism","data/archive/Impressionism/eugene-boudin_le-havre-avent-port-1.jpg"
"eugene-boudin_leaving-mass-at-plougastel","Leaving mass at plougastel","Eugene Boudin","Impressionism","data/archive/Impressionism/eugene-boudin_leaving-mass-at-plougastel.jpg"
"eugene-boudin_near-faou","Near faou","Eugene Boudin","Impressionism","data/archive/Impressionism/eugene-boudin_near-faou.jpg"
"eugene-boudin_pier-deauville-1869","Pier deauville 1869","Eugene Boudin","Impressionism","data/archive/Impressionism/eugene-boudin_pier-deauville-1869.jpg"
"eugene-boudin_river-near-abbeville-1894","River near abbeville 1894","Eugene Boudin","Impressionism","data/archive/Impressionism/eugene-boudin_river-near-abbeville-1894.jpg"
"eugene-boudin_sailing-boats-at-anchor","Sailing boats at anchor","Eugene Boudin","Impressionism","data/archive/Impressionism/eugene-boudin_sailing-boats-at-anchor.jpg"
"eugene-boudin_shore-at-sainte-adresse-low-tide-1894","Shore at sainte adresse low tide 1894","Eugene Boudin","Impressionism","data/archive/Impressionism/eugene-boudin_shore-at-sainte-adresse-low-tide-1894.jpg"
"eugene-boudin_the-beach-at-tourg-ville-les-sablons-1893","The beach at tourg ville les sablons 1893","Eugene Boudin","Impressionism","data/archive/Impressionism/eugene-boudin_the-beach-at-tourg-ville-les-sablons-1893.jpg"
"eugene-boudin_the-cliffs-at-etretat-1890","The cliffs at etretat 1890","Eugene Boudin","Impressionism","data/archive/Impressionism/eugene-boudin_the-cliffs-at-etretat-1890.jpg"
"eugene-boudin_the-inner-port-of-trouville-at-low-tide","The inner port of trouville at low tide","Eugene Boudin","Impressionism","data/archive/Impressionism/eugene-boudin_the-inner-port-of-trouville-at-low-tide.jpg"
"eugene-boudin_the-port-deauville-1887","The port deauville 1887","Eugene Boudin","Impressionism","data/archive/Impressionism/eugene-boudin_the-port-deauville-1887.jpg"
"eugene-boudin_the-port-of-trouville-high-tide-1880","The port of trouville high tide 1880","Eugene Boudin","Impressionism","data/archive/Impressionism/eugene-boudin_the-port-of-trouville-high-tide-1880.jpg"
"eugene-boudin_the-somme-near-d-abbeville-moonlight-1894","The somme near d abbeville moonlight 1894","Eugene Boudin","Impressionism","data/archive/Impressionism/eugene-boudin_the-somme-near-d-abbeville-moonlight-1894.jpg"
"eugene-boudin_the-valley-of-the-touques-cows-in-the-meadow-1892","The valley of the touques cows in the meadow 1892","Eugene Boudin","Impressionism","data/archive/Impressionism/eugene-boudin_the-valley-of-the-touques-cows-in-the-meadow-1892.jpg"
"eugene-boudin_trouville-fish-market-1875","Trouville fish market 1875","Eugene Boudin","Impressionism","data/archive/Impressionism/eugene-boudin_trouville-fish-market-1875.jpg"
"eugene-boudin_trouville-the-jettys-high-tide","Trouville the jettys high tide","Eugene Boudin","Impressionism","data/archive/Impressionism/eugene-boudin_trouville-the-jettys-high-tide.jpg"
"eugene-boudin_untitled-2","Untitled 2","Eugene Boudin","Impressionism","data/archive/Impressionism/eugene-boudin_untitled-2.jpg"
"eva-gonzales_a-box-at-the-italian-theatre-1874","A box at the italian theatre 1874","Eva Gonzales","Impressionism","data/archive/Impressionism/eva-gonzales_a-box-at-the-italian-theatre-1874.jpg"
"eva-gonzales_the-little-lever","The little lever","Eva Gonzales","Impressionism","data/archive/Impressionism/eva-gonzales_the-little-lever.jpg"
"federico-zandomeneghi_languor","Languor","Federico Zandomeneghi","Impressionism","data/archive/Impressionism/federico-zandomeneghi_languor.jpg"
"federico-zandomeneghi_the-singing-lesson","The singing lesson","Federico Zandomeneghi","Impressionism","data/archive/Impressionism/federico-zandomeneghi_the-singing-lesson.jpg"
"ferdinand-hodler_seated-bearded-man-1884","Seated bearded man 1884","Ferdinand Hodler","Impressionism","data/archive/Impressionism/ferdinand-hodler_seated-bearded-man-1884.jpg"
"fern-coppedge_unknown-title","Unknown title","Fern Coppedge","Impressionism","data/archive/Impressionism/fern-coppedge_unknown-title.jpg"
"francis-picabia_landscape-paysage","Landscape paysage","Francis Picabia","Impressionism","data/archive/Impressionism/francis-picabia_landscape-paysage.jpg"
"francisc-sirato_mangalia-street-1930","Mangalia street 1930","Francisc Sirato","Impressionism","data/archive/Impressionism/francisc-sirato_mangalia-street-1930.jpg"
"franz-marc_self-portrait-1905","Self portrait 1905","Franz Marc","Impressionism","data/archive/Impressionism/franz-marc_self-portrait-1905.jpg"
"frederic-bazille_louis-auriol-fishing","Louis auriol fishing","Frederic Bazille","Impressionism","data/archive/Impressionism/frederic-bazille_louis-auriol-fishing.jpg"
"frederic-bazille_self-portrait-1866","Self portrait 1866","Frederic Bazille","Impressionism","data/archive/Impressionism/frederic-bazille_self-portrait-1866.jpg"
"frederic-bazille_the-terrace-at-m-ric-oleander","The terrace at m ric oleander","Frederic Bazille","Impressionism","data/archive/Impressionism/frederic-bazille_the-terrace-at-m-ric-oleander.jpg"
"frederic-remington_coming-to-the-call-1905","Coming to the call 1905","Frederic Remington","Impressionism","data/archive/Impressionism/frederic-remington_coming-to-the-call-1905.jpg"
"frederic-remington_the-scout-friends-or-foes-1905","The scout friends or foes 1905","Frederic Remington","Impressionism","data/archive/Impressionism/frederic-remington_the-scout-friends-or-foes-1905.jpg"
"frits-thaulow_cottage-by-a-canal-in-the-snow","Cottage by a canal in the snow","Frits Thaulow","Impressionism","data/archive/Impressionism/frits-thaulow_cottage-by-a-canal-in-the-snow.jpg"
"frits-thaulow_river-landscape","River landscape","Frits Thaulow","Impressionism","data/archive/Impressionism/frits-thaulow_river-landscape.jpg"
"george-luks_girl-with-pink-ribbon","Girl with pink ribbon","George Luks","Impressionism","data/archive/Impressionism/george-luks_girl-with-pink-ribbon.jpg"
"georges-seurat_a-river-bank-the-seine-at-asnieres-1883","A river bank the seine at asnieres 1883","Georges Seurat","Impressionism","data/archive/Impressionism/georges-seurat_a-river-bank-the-seine-at-asnieres-1883.jpg"
"georges-seurat_riverman-1884","Riverman 1884","Georges Seurat","Impressionism","data/archive/Impressionism/georges-seurat_riverman-1884.jpg"
"georgios-jakobides_child-with-cart","Child with cart","Georgios Jakobides","Impressionism","data/archive/Impressionism/georgios-jakobides_child-with-cart.jpg"
"giovanni-boldini_crossing-the-street-1875","Crossing the street 1875","Giovanni Boldini","Impressionism","data/archive/Impressionism/giovanni-boldini_crossing-the-street-1875.jpg"
"giovanni-boldini_lady-in-red-dress-1916","Lady in red dress 1916","Giovanni Boldini","Impressionism","data/archive/Impressionism/giovanni-boldini_lady-in-red-dress-1916.jpg"
"giovanni-boldini_pink-palace-ibis-in-the-vesinet-1910","Pink palace ibis in the vesinet 1910","Giovanni Boldini","Impressionism","data/archive/Impressionism/giovanni-boldini_pink-palace-ibis-in-the-vesinet-1910.jpg"
"giovanni-boldini_princesse-de-caraman-chimay-later-madame-jourdan-1889","Princesse de caraman chimay later madame jourdan 1889","Giovanni Boldini","Impressionism","data/archive/Impressionism/giovanni-boldini_princesse-de-caraman-chimay-later-madame-jourdan-1889.jpg"
"giovanni-boldini_symphony-in-gray-1931","Symphony in gray 1931","Giovanni Boldini","Impressionism","data/archive/Impressionism/giovanni-boldini_symphony-in-gray-1931.jpg"
"giovanni-boldini_the-letter-1873","The letter 1873","Giovanni Boldini","Impressionism","data/archive/Impressionism/giovanni-boldini_the-letter-1873.jpg"
"giovanni-boldini_venice","Venice","Giovanni Boldini","Impressionism","data/archive/Impressionism/giovanni-boldini_venice.jpg"
"giovanni-fattori_dame-im-wald-1875","Dame im wald 1875","Giovanni Fattori","Impressionism","data/archive/Impressionism/giovanni-fattori_dame-im-wald-1875.jpg"
"giovanni-fattori_pferd-vor-einem-wagen-1890","Pferd vor einem wagen 1890","Giovanni Fattori","Impressionism","data/archive/Impressionism/giovanni-fattori_pferd-vor-einem-wagen-1890.jpg"
"giuseppe-de-nittis_at-the-tribune-during-the-race","At the tribune during the race","Giuseppe De Nittis","Impressionism","data/archive/Impressionism/giuseppe-de-nittis_at-the-tribune-during-the-race.jpg"
"giuseppe-de-nittis_the-races-at-auteuil-paris","The races at auteuil paris","Giuseppe De Nittis","Impressionism","data/archive/Impressionism/giuseppe-de-nittis_the-races-at-auteuil-paris.jpg"
"gregoire-boonzaier_a-cape-cottage-tokai-1941","A cape cottage tokai 1941","Gregoire Boonzaier","Impressionism","data/archive/Impressionism/gregoire-boonzaier_a-cape-cottage-tokai-1941.jpg"
"gregoire-boonzaier_district-6-street-scene-with-figures-buildings-donkey-cart-1971","District 6 street scene with figures buildings donkey cart 1971","Gregoire Boonzaier","Impressionism","data/archive/Impressionism/gregoire-boonzaier_district-6-street-scene-with-figures-buildings-donkey-cart-1971.jpg"
"gregoire-boonzaier_landscape-with-grey-clouds-1935","Landscape with grey clouds 1935","Gregoire Boonzaier","Impressionism","data/archive/Impressionism/gregoire-boonzaier_landscape-with-grey-clouds-1935.jpg"
"gregoire-boonzaier_skull-1970","Skull 1970","Gregoire Boonzaier","Impressionism","data/archive/Impressionism/gregoire-boonzaier_skull-1970.jpg"
"gregoire-boonzaier_venice-scene-1971","Venice scene 1971","Gregoire Boonzaier","Impressionism","data/archive/Impressionism/gregoire-boonzaier_venice-scene-1971.jpg"
"gustave-caillebotte_billiards","Billiards","Gustave Caillebotte","Impressionism","data/archive/Impressionism/gustave-caillebotte_billiards.jpg"
"gustave-caillebotte_clump-of-chrysanthemums-garden-at-petit-gennevilliers","Clump of chrysanthemums garden at petit gennevilliers","Gustave Caillebotte","Impressionism","data/archive/Impressionism/gustave-caillebotte_clump-of-chrysanthemums-garden-at-petit-gennevilliers.jpg"
"gustave-caillebotte_horses-in-the-stable","Horses in the stable","Gustave Caillebotte","Impressionism","data/archive/Impressionism/gustave-caillebotte_horses-in-the-stable.jpg"
"gustave-caillebotte_loaded-haycart","Loaded haycart","Gustave Caillebotte","Impressionism","data/archive/Impressionism/gustave-caillebotte_loaded-haycart.jpg"
"gustave-caillebotte_orchids","Orchids","Gustave Caillebotte","Impressionism","data/archive/Impressionism/gustave-caillebotte_orchids.jpg"
"gustave-caillebotte_portrait-of-camille-daurelle","Portrait of camille daurelle","Gustave Caillebotte","Impressionism","data/archive/Impressionism/gustave-caillebotte_portrait-of-camille-daurelle.jpg"
"gustave-caillebotte_richard-gallo-and-his-dog-at-petit-gennevilliers","Richard gallo and his dog at petit gennevilliers","Gustave Caillebotte","Impressionism","data/archive/Impressionism/gustave-caillebotte_richard-gallo-and-his-dog-at-petit-gennevilliers.jpg"
"gustave-caillebotte_self-portrait","Self portrait","Gustave Caillebotte","Impressionism","data/archive/Impressionism/gustave-caillebotte_self-portrait.jpg"
"gustave-caillebotte_the-boulevard-viewed-from-above-1880","The boulevard viewed from above 1880","Gustave Caillebotte","Impressionism","data/archive/Impressionism/gustave-caillebotte_the-boulevard-viewed-from-above-1880.jpg"
"gustave-caillebotte_the-orange-trees-or-the-artist-s-brother-in-his-garden-1878","The orange trees or the artist s brother in his garden 1878","Gustave Caillebotte","Impressionism","data/archive/Impressionism/gustave-caillebotte_the-orange-trees-or-the-artist-s-brother-in-his-garden-1878.jpg"
"gustave-caillebotte_the-wall-of-the-kitchen-garden-yerres","The wall of the kitchen garden yerres","Gustave Caillebotte","Impressionism","data/archive/Impressionism/gustave-caillebotte_the-wall-of-the-kitchen-garden-yerres.jpg"
"gustave-caillebotte_willows-by-the-yerres","Willows by the yerres","Gustave Caillebotte","Impressionism","data/archive/Impressionism/gustave-caillebotte_willows-by-the-yerres.jpg"
"gustave-caillebotte_yerres-the-lawn-in-the-park-seen-from-a-path","Yerres the lawn in the park seen from a path","Gustave Caillebotte","Impressionism","data/archive/Impressionism/gustave-caillebotte_yerres-the-lawn-in-the-park-seen-from-a-path.jpg"
"guy-rose_carmel-seascape","Carmel seascape","Guy Rose","Impressionism","data/archive/Impressionism/guy-rose_carmel-seascape.jpg"
"guy-rose_in-the-studio","In the studio","Guy Rose","Impressionism","data/archive/Impressionism/guy-rose_in-the-studio.jpg"
"guy-rose_laguna","Laguna","Guy Rose","Impressionism","data/archive/Impressionism/guy-rose_laguna.jpg"
"guy-rose_my-sister-maud","My sister maud","Guy Rose","Impressionism","data/archive/Impressionism/guy-rose_my-sister-maud.jpg"
"guy-rose_portrait-of-an-algerian-1900","Portrait of an algerian 1900","Guy Rose","Impressionism","data/archive/Impressionism/guy-rose_portrait-of-an-algerian-1900.jpg"
"guy-rose_the-blue-pool-near-mt-whitney","The blue pool near mt whitney","Guy Rose","Impressionism","data/archive/Impressionism/guy-rose_the-blue-pool-near-mt-whitney.jpg"
"guy-rose_the-potato-gatherers-1891","The potato gatherers 1891","Guy Rose","Impressionism","data/archive/Impressionism/guy-rose_the-potato-gatherers-1891.jpg"
"helene-schjerfbeck_portrait-of-a-child-1883","Portrait of a child 1883","Helene Schjerfbeck","Impressionism","data/archive/Impressionism/helene-schjerfbeck_portrait-of-a-child-1883.jpg"
"henri-catargi_still-life-with-fruit-1965","Still life with fruit 1965","Henri Catargi","Impressionism","data/archive/Impressionism/henri-catargi_still-life-with-fruit-1965.jpg"
"henri-de-toulouse-lautrec_hunting-1880","Hunting 1880","Henri De Toulouse Lautrec","Impressionism","data/archive/Impressionism/henri-de-toulouse-lautrec_hunting-1880.jpg"
"henri-de-toulouse-lautrec_the-general-at-the-river-1882","The general at the river 1882","Henri De Toulouse Lautrec","Impressionism","data/archive/Impressionism/henri-de-toulouse-lautrec_the-general-at-the-river-1882.jpg"
"henri-martin_farmer-1920","Farmer 1920","Henri Martin","Impressionism","data/archive/Impressionism/henri-martin_farmer-1920.jpg"
"henri-martin_port-of-marseille-2","Port of marseille 2","Henri Martin","Impressionism","data/archive/Impressionism/henri-martin_port-of-marseille-2.jpg"
"henri-martin_valley-verde-in-crepuscule","Valley verde in crepuscule","Henri Martin","Impressionism","data/archive/Impressionism/henri-martin_valley-verde-in-crepuscule.jpg"
"henri-martin_young-peasant-girl-and-her-dog","Young peasant girl and her dog","Henri Martin","Impressionism","data/archive/Impressionism/henri-martin_young-peasant-girl-and-her-dog.jpg"
"henri-matisse_the-pot-saint-michel-in-paris-1900","The pot saint michel in paris 1900","Henri Matisse","Impressionism","data/archive/Impressionism/henri-matisse_the-pot-saint-michel-in-paris-1900.jpg"
"henry-herbert-la-thangue_a-ligurian-valley-italy-1910","A ligurian valley italy 1910","Henry Herbert La Thangue","Impressionism","data/archive/Impressionism/henry-herbert-la-thangue_a-ligurian-valley-italy-1910.jpg"
"henry-herbert-la-thangue_goats-at-a-fountain-1926","Goats at a fountain 1926","Henry Herbert La Thangue","Impressionism","data/archive/Impressionism/henry-herbert-la-thangue_goats-at-a-fountain-1926.jpg"
"henry-herbert-la-thangue_the-appian-way-1920","The appian way 1920","Henry Herbert La Thangue","Impressionism","data/archive/Impressionism/henry-herbert-la-thangue_the-appian-way-1920.jpg"
"hoca-ali-riza_k-zkulesi-maiden-s-tower","K zkulesi maiden s tower","Hoca Ali Riza","Impressionism","data/archive/Impressionism/hoca-ali-riza_k-zkulesi-maiden-s-tower.jpg"
"hoca-ali-riza_unknown-title(5)","Unknown title(5)","Hoca Ali Riza","Impressionism","data/archive/Impressionism/hoca-ali-riza_unknown-title(5).jpg"
"homer-watson_study-for-red-oak-1917","Study for red oak 1917","Homer Watson","Impressionism","data/archive/Impressionism/homer-watson_study-for-red-oak-1917.jpg"
"ilya-mashkov_dulber-sanatorium-krasnye-zori","Dulber sanatorium krasnye zori","Ilya Mashkov","Impressionism","data/archive/Impressionism/ilya-mashkov_dulber-sanatorium-krasnye-zori.jpg"
"ilya-mashkov_steppe-bur","Steppe bur","Ilya Mashkov","Impressionism","data/archive/Impressionism/ilya-mashkov_steppe-bur.jpg"
"ilya-repin_sleeping-cossack-1914","Sleeping cossack 1914","Ilya Repin","Impressionism","data/archive/Impressionism/ilya-repin_sleeping-cossack-1914.jpg"
"ion-andreescu_pansies","Pansies","Ion Andreescu","Impressionism","data/archive/Impressionism/ion-andreescu_pansies.jpg"
"ion-theodorescu-sion_hackberry-flowers","Hackberry flowers","Ion Theodorescu Sion","Impressionism","data/archive/Impressionism/ion-theodorescu-sion_hackberry-flowers.jpg"
"iosif-iser_baletist","Baletist","Iosif Iser","Impressionism","data/archive/Impressionism/iosif-iser_baletist.jpg"
"iosif-iser_southern-france-beach","Southern france beach","Iosif Iser","Impressionism","data/archive/Impressionism/iosif-iser_southern-france-beach.jpg"
"ipolit-strambu_in-the-garden-1930-1","In the garden 1930 1","Ipolit Strambu","Impressionism","data/archive/Impressionism/ipolit-strambu_in-the-garden-1930-1.jpg"
"ipolit-strambu_vase-with-flowers-1909","Vase with flowers 1909","Ipolit Strambu","Impressionism","data/archive/Impressionism/ipolit-strambu_vase-with-flowers-1909.jpg"
"isaac-levitan_corniche-southern-france-1894","Corniche southern france 1894","Isaac Levitan","Impressionism","data/archive/Impressionism/isaac-levitan_corniche-southern-france-1894.jpg"
"isaac-levitan_spring-in-italy-1890","Spring in italy 1890","Isaac Levitan","Impressionism","data/archive/Impressionism/isaac-levitan_spring-in-italy-1890.jpg"
"istvan-nagy_still-life-with-flowers","Still life with flowers","Istvan Nagy","Impressionism","data/archive/Impressionism/istvan-nagy_still-life-with-flowers.jpg"
"ivan-albright_view-from-room-603-watergate-washington-d-c-1974","View from room 603 watergate washington d c 1974","Ivan Albright","Impressionism","data/archive/Impressionism/ivan-albright_view-from-room-603-watergate-washington-d-c-1974.jpg"
"ivan-grohar_portrait-of-france-preseren","Portrait of france preseren","Ivan Grohar","Impressionism","data/archive/Impressionism/ivan-grohar_portrait-of-france-preseren.jpg"
"jacek-malczewski_self-portrait-2","Self portrait 2","Jacek Malczewski","Impressionism","data/archive/Impressionism/jacek-malczewski_self-portrait-2.jpg"
"james-mcneill-whistler_arrangement-in-blue-and-silver-the-great-sea","Arrangement in blue and silver the great sea","James Mcneill Whistler","Impressionism","data/archive/Impressionism/james-mcneill-whistler_arrangement-in-blue-and-silver-the-great-sea.jpg"
"james-mcneill-whistler_green-and-silver-the-bright-sea-dieppe","Green and silver the bright sea dieppe","James Mcneill Whistler","Impressionism","data/archive/Impressionism/james-mcneill-whistler_green-and-silver-the-bright-sea-dieppe.jpg"
"james-mcneill-whistler_nocturne-san-giorgio","Nocturne san giorgio","James Mcneill Whistler","Impressionism","data/archive/Impressionism/james-mcneill-whistler_nocturne-san-giorgio.jpg"
"james-mcneill-whistler_red-and-black-the-fan-1894","Red and black the fan 1894","James Mcneill Whistler","Impressionism","data/archive/Impressionism/james-mcneill-whistler_red-and-black-the-fan-1894.jpg"
"james-mcneill-whistler_the-balcony-1880","The balcony 1880","James Mcneill Whistler","Impressionism","data/archive/Impressionism/james-mcneill-whistler_the-balcony-1880.jpg"
"james-tissot_a-declaration-of-love","A declaration of love","James Tissot","Impressionism","data/archive/Impressionism/james-tissot_a-declaration-of-love.jpg"
"james-tissot_older-sister","Older sister","James Tissot","Impressionism","data/archive/Impressionism/james-tissot_older-sister.jpg"
"janos-tornyai_interior-1934","Interior 1934","Janos Tornyai","Impressionism","data/archive/Impressionism/janos-tornyai_interior-1934.jpg"
"jean-alexandru-steriadi_portul-roscoff-1928","Portul roscoff 1928","Jean Alexandru Steriadi","Impressionism","data/archive/Impressionism/jean-alexandru-steriadi_portul-roscoff-1928.jpg"
"joaqu├г┬нn-sorolla_after-the-bath-valencia-1916","After the bath valencia 1916","Joaqu├г┬нn Sorolla","Impressionism","data/archive/Impressionism/joaqu├г┬нn-sorolla_after-the-bath-valencia-1916.jpg"
"joaqu├г┬нn-sorolla_bathing-at-la-granja-1907","Bathing at la granja 1907","Joaqu├г┬нn Sorolla","Impressionism","data/archive/Impressionism/joaqu├г┬нn-sorolla_bathing-at-la-granja-1907.jpg"
"joaqu├г┬нn-sorolla_boats-in-the-port-valencia-1904","Boats in the port valencia 1904","Joaqu├г┬нn Sorolla","Impressionism","data/archive/Impressionism/joaqu├г┬нn-sorolla_boats-in-the-port-valencia-1904.jpg"
"joaqu├г┬нn-sorolla_children-bathing-in-the-afternoon-sun-1910","Children bathing in the afternoon sun 1910","Joaqu├г┬нn Sorolla","Impressionism","data/archive/Impressionism/joaqu├г┬нn-sorolla_children-bathing-in-the-afternoon-sun-1910.jpg"
"joaqu├г┬нn-sorolla_covachuelas-toledo-1906","Covachuelas toledo 1906","Joaqu├г┬нn Sorolla","Impressionism","data/archive/Impressionism/joaqu├г┬нn-sorolla_covachuelas-toledo-1906.jpg"
"joaqu├г┬нn-sorolla_fisherman-in-valencia-1904","Fisherman in valencia 1904","Joaqu├г┬нn Sorolla","Impressionism","data/archive/Impressionism/joaqu├г┬нn-sorolla_fisherman-in-valencia-1904.jpg"
"joaqu├г┬нn-sorolla_gardens-at-san-ildefonso-1907","Gardens at san ildefonso 1907","Joaqu├г┬нn Sorolla","Impressionism","data/archive/Impressionism/joaqu├г┬нn-sorolla_gardens-at-san-ildefonso-1907.jpg"
"joaqu├г┬нn-sorolla_in-the-racing-shell-1910","In the racing shell 1910","Joaqu├г┬нn Sorolla","Impressionism","data/archive/Impressionism/joaqu├г┬нn-sorolla_in-the-racing-shell-1910.jpg"
"joaqu├г┬нn-sorolla_lunch-on-the-boat-1898","Lunch on the boat 1898","Joaqu├г┬нn Sorolla","Impressionism","data/archive/Impressionism/joaqu├г┬нn-sorolla_lunch-on-the-boat-1898.jpg"
"joaqu├г┬нn-sorolla_morning-sun-1901","Morning sun 1901","Joaqu├г┬нn Sorolla","Impressionism","data/archive/Impressionism/joaqu├г┬нn-sorolla_morning-sun-1901.jpg"
"joaqu├г┬нn-sorolla_on-the-beach-valencia-1905","On the beach valencia 1905","Joaqu├г┬нn Sorolla","Impressionism","data/archive/Impressionism/joaqu├г┬нn-sorolla_on-the-beach-valencia-1905.jpg"
"joaqu├г┬нn-sorolla_pine-trees-1902","Pine trees 1902","Joaqu├г┬нn Sorolla","Impressionism","data/archive/Impressionism/joaqu├г┬нn-sorolla_pine-trees-1902.jpg"
"joaqu├г┬нn-sorolla_portrait-of-lawyer-don-silverio-de-la-torre-y-eguia-1893","Portrait of lawyer don silverio de la torre y eguia 1893","Joaqu├г┬нn Sorolla","Impressionism","data/archive/Impressionism/joaqu├г┬нn-sorolla_portrait-of-lawyer-don-silverio-de-la-torre-y-eguia-1893.jpg"
"joaqu├г┬нn-sorolla_roads-of-alijales-toledo-1906","Roads of alijales toledo 1906","Joaqu├г┬нn Sorolla","Impressionism","data/archive/Impressionism/joaqu├г┬нn-sorolla_roads-of-alijales-toledo-1906.jpg"
"joaqu├г┬нn-sorolla_sea-and-rocks-in-san-esteban-asturias-1903","Sea and rocks in san esteban asturias 1903","Joaqu├г┬нn Sorolla","Impressionism","data/archive/Impressionism/joaqu├г┬нn-sorolla_sea-and-rocks-in-san-esteban-asturias-1903.jpg"
"joaqu├г┬нn-sorolla_snapshot-at-biarritz-1906","Snapshot at biarritz 1906","Joaqu├г┬нn Sorolla","Impressionism","data/archive/Impressionism/joaqu├г┬нn-sorolla_snapshot-at-biarritz-1906.jpg"
"joaqu├г┬нn-sorolla_the-beach-at-biarritz-sketch","The beach at biarritz sketch","Joaqu├г┬нn Sorolla","Impressionism","data/archive/Impressionism/joaqu├г┬нn-sorolla_the-beach-at-biarritz-sketch.jpg"
"joaqu├г┬нn-sorolla_the-los-adarves-gardens-the-alhambra-granada","The los adarves gardens the alhambra granada","Joaqu├г┬нn Sorolla","Impressionism","data/archive/Impressionism/joaqu├г┬нn-sorolla_the-los-adarves-gardens-the-alhambra-granada.jpg"
"joaqu├г┬нn-sorolla_the-small-cove-javea-1898","The small cove javea 1898","Joaqu├г┬нn Sorolla","Impressionism","data/archive/Impressionism/joaqu├г┬нn-sorolla_the-small-cove-javea-1898.jpg"
"joaqu├г┬нn-sorolla_to-the-water-1902","To the water 1902","Joaqu├г┬нn Sorolla","Impressionism","data/archive/Impressionism/joaqu├г┬нn-sorolla_to-the-water-1902.jpg"
"joaqu├г┬нn-sorolla_valencia-street-with-awnings","Valencia street with awnings","Joaqu├г┬нn Sorolla","Impressionism","data/archive/Impressionism/joaqu├г┬нn-sorolla_valencia-street-with-awnings.jpg"
"joaqu├г┬нn-sorolla_watching-the-fish-1907","Watching the fish 1907","Joaqu├г┬нn Sorolla","Impressionism","data/archive/Impressionism/joaqu├г┬нn-sorolla_watching-the-fish-1907.jpg"
"john-atkinson-grimshaw_humber-dockside-hull","Humber dockside hull","John Atkinson Grimshaw","Impressionism","data/archive/Impressionism/john-atkinson-grimshaw_humber-dockside-hull.jpg"
"john-henry-twachtman_a-garden-path-1899","A garden path 1899","John Henry Twachtman","Impressionism","data/archive/Impressionism/john-henry-twachtman_a-garden-path-1899.jpg"
"john-henry-twachtman_bark-and-schooner-also-known-as-an-italian-barque","Bark and schooner also known as an italian barque","John Henry Twachtman","Impressionism","data/archive/Impressionism/john-henry-twachtman_bark-and-schooner-also-known-as-an-italian-barque.jpg"
"john-henry-twachtman_coastal-view","Coastal view","John Henry Twachtman","Impressionism","data/archive/Impressionism/john-henry-twachtman_coastal-view.jpg"
"john-henry-twachtman_falls-in-january","Falls in january","John Henry Twachtman","Impressionism","data/archive/Impressionism/john-henry-twachtman_falls-in-january.jpg"
"john-henry-twachtman_gloucester-harbor-1","Gloucester harbor 1","John Henry Twachtman","Impressionism","data/archive/Impressionism/john-henry-twachtman_gloucester-harbor-1.jpg"
"john-henry-twachtman_house-in-snow","House in snow","John Henry Twachtman","Impressionism","data/archive/Impressionism/john-henry-twachtman_house-in-snow.jpg"
"john-henry-twachtman_middlebrook-farm","Middlebrook farm","John Henry Twachtman","Impressionism","data/archive/Impressionism/john-henry-twachtman_middlebrook-farm.jpg"
"john-henry-twachtman_niagara-gorge","Niagara gorge","John Henry Twachtman","Impressionism","data/archive/Impressionism/john-henry-twachtman_niagara-gorge.jpg"
"john-henry-twachtman_sailing-in-the-mist","Sailing in the mist","John Henry Twachtman","Impressionism","data/archive/Impressionism/john-henry-twachtman_sailing-in-the-mist.jpg"
"john-henry-twachtman_study-of-a-head","Study of a head","John Henry Twachtman","Impressionism","data/archive/Impressionism/john-henry-twachtman_study-of-a-head.jpg"
"john-henry-twachtman_the-inlet","The inlet","John Henry Twachtman","Impressionism","data/archive/Impressionism/john-henry-twachtman_the-inlet.jpg"
"john-henry-twachtman_the-winding-brook-1890","The winding brook 1890","John Henry Twachtman","Impressionism","data/archive/Impressionism/john-henry-twachtman_the-winding-brook-1890.jpg"
"john-henry-twachtman_view-near-polling","View near polling","John Henry Twachtman","Impressionism","data/archive/Impressionism/john-henry-twachtman_view-near-polling.jpg"
"john-henry-twachtman_winter-1","Winter 1","John Henry Twachtman","Impressionism","data/archive/Impressionism/john-henry-twachtman_winter-1.jpg"
"john-henry-twachtman_yellowstone-park-1","Yellowstone park 1","John Henry Twachtman","Impressionism","data/archive/Impressionism/john-henry-twachtman_yellowstone-park-1.jpg"
"john-lavery_the-jockeys-dressing-room-at-ascot-1923","The jockeys dressing room at ascot 1923","John Lavery","Impressionism","data/archive/Impressionism/john-lavery_the-jockeys-dressing-room-at-ascot-1923.jpg"
"john-singer-sargent_a-hotel-room","A hotel room","John Singer Sargent","Impressionism","data/archive/Impressionism/john-singer-sargent_a-hotel-room.jpg"
"john-singer-sargent_arab-street-scene","Arab street scene","John Singer Sargent","Impressionism","data/archive/Impressionism/john-singer-sargent_arab-street-scene.jpg"
"john-singer-sargent_boat-in-the-waters-off-capri","Boat in the waters off capri","John Singer Sargent","Impressionism","data/archive/Impressionism/john-singer-sargent_boat-in-the-waters-off-capri.jpg"
"john-singer-sargent_capri-girl-1878","Capri girl 1878","John Singer Sargent","Impressionism","data/archive/Impressionism/john-singer-sargent_capri-girl-1878.jpg"
"john-singer-sargent_dennis-miller-bunker-painting-at-calcot-1888","Dennis miller bunker painting at calcot 1888","John Singer Sargent","Impressionism","data/archive/Impressionism/john-singer-sargent_dennis-miller-bunker-painting-at-calcot-1888.jpg"
"john-singer-sargent_figure-and-pool-1917","Figure and pool 1917","John Singer Sargent","Impressionism","data/archive/Impressionism/john-singer-sargent_figure-and-pool-1917.jpg"
"john-singer-sargent_granada-1912","Granada 1912","John Singer Sargent","Impressionism","data/archive/Impressionism/john-singer-sargent_granada-1912.jpg"
"john-singer-sargent_in-a-levantine-port","In a levantine port","John Singer Sargent","Impressionism","data/archive/Impressionism/john-singer-sargent_in-a-levantine-port.jpg"
"john-singer-sargent_landscape-near-florence-1907","Landscape near florence 1907","John Singer Sargent","Impressionism","data/archive/Impressionism/john-singer-sargent_landscape-near-florence-1907.jpg"
"john-singer-sargent_moraine","Moraine","John Singer Sargent","Impressionism","data/archive/Impressionism/john-singer-sargent_moraine.jpg"
"john-singer-sargent_palazzo-labia-venice-1913","Palazzo labia venice 1913","John Singer Sargent","Impressionism","data/archive/Impressionism/john-singer-sargent_palazzo-labia-venice-1913.jpg"
"john-singer-sargent_princess-nouronihar-1910","Princess nouronihar 1910","John Singer Sargent","Impressionism","data/archive/Impressionism/john-singer-sargent_princess-nouronihar-1910.jpg"
"john-singer-sargent_rosina-capri-1878","Rosina capri 1878","John Singer Sargent","Impressionism","data/archive/Impressionism/john-singer-sargent_rosina-capri-1878.jpg"
"john-singer-sargent_side-canal-in-venice-1902","Side canal in venice 1902","John Singer Sargent","Impressionism","data/archive/Impressionism/john-singer-sargent_side-canal-in-venice-1902.jpg"
"john-singer-sargent_street-in-arras-1918","Street in arras 1918","John Singer Sargent","Impressionism","data/archive/Impressionism/john-singer-sargent_street-in-arras-1918.jpg"
"john-singer-sargent_the-fence-1914","The fence 1914","John Singer Sargent","Impressionism","data/archive/Impressionism/john-singer-sargent_the-fence-1914.jpg"
"john-singer-sargent_the-rialto-1911","The rialto 1911","John Singer Sargent","Impressionism","data/archive/Impressionism/john-singer-sargent_the-rialto-1911.jpg"
"john-singer-sargent_two-girls-with-parasols-at-fladbury-1889","Two girls with parasols at fladbury 1889","John Singer Sargent","Impressionism","data/archive/Impressionism/john-singer-sargent_two-girls-with-parasols-at-fladbury-1889.jpg"
"john-singer-sargent_venice-the-prison","Venice the prison","John Singer Sargent","Impressionism","data/archive/Impressionism/john-singer-sargent_venice-the-prison.jpg"
"john-singer-sargent_violet-sleeping","Violet sleeping","John Singer Sargent","Impressionism","data/archive/Impressionism/john-singer-sargent_violet-sleeping.jpg"
"julian-alden-weir_autumn-rain-1890","Autumn rain 1890","Julian Alden Weir","Impressionism","data/archive/Impressionism/julian-alden-weir_autumn-rain-1890.jpg"
"julian-alden-weir_loading-ice","Loading ice","Julian Alden Weir","Impressionism","data/archive/Impressionism/julian-alden-weir_loading-ice.jpg"
"julian-alden-weir_summer-1898","Summer 1898","Julian Alden Weir","Impressionism","data/archive/Impressionism/julian-alden-weir_summer-1898.jpg"
"julian-alden-weir_the-statue-of-liberty","The statue of liberty","Julian Alden Weir","Impressionism","data/archive/Impressionism/julian-alden-weir_the-statue-of-liberty.jpg"
"karoly-ferenczy_evening-in-march-1902","Evening in march 1902","Karoly Ferenczy","Impressionism","data/archive/Impressionism/karoly-ferenczy_evening-in-march-1902.jpg"
"karoly-ferenczy_red-wall-1910","Red wall 1910","Karoly Ferenczy","Impressionism","data/archive/Impressionism/karoly-ferenczy_red-wall-1910.jpg"
"kazimir-malevich_laundress-1","Laundress 1","Kazimir Malevich","Impressionism","data/archive/Impressionism/kazimir-malevich_laundress-1.jpg"
"kimon-loghi_autumn","Autumn","Kimon Loghi","Impressionism","data/archive/Impressionism/kimon-loghi_autumn.jpg"
"kimon-loghi_springtime-1","Springtime 1","Kimon Loghi","Impressionism","data/archive/Impressionism/kimon-loghi_springtime-1.jpg"
"konstantin-korovin_a-muse-1887","A muse 1887","Konstantin Korovin","Impressionism","data/archive/Impressionism/konstantin-korovin_a-muse-1887.jpg"
"konstantin-korovin_at-the-open-window-1916","At the open window 1916","Konstantin Korovin","Impressionism","data/archive/Impressionism/konstantin-korovin_at-the-open-window-1916.jpg"
"konstantin-korovin_black-cat-on-a-windowsill-1902","Black cat on a windowsill 1902","Konstantin Korovin","Impressionism","data/archive/Impressionism/konstantin-korovin_black-cat-on-a-windowsill-1902.jpg"
"konstantin-korovin_creek-1902","Creek 1902","Konstantin Korovin","Impressionism","data/archive/Impressionism/konstantin-korovin_creek-1902.jpg"
"konstantin-korovin_gursuf-evening-1912","Gursuf evening 1912","Konstantin Korovin","Impressionism","data/archive/Impressionism/konstantin-korovin_gursuf-evening-1912.jpg"
"konstantin-korovin_in-the-boat-1888","In the boat 1888","Konstantin Korovin","Impressionism","data/archive/Impressionism/konstantin-korovin_in-the-boat-1888.jpg"
"konstantin-korovin_lilacs-1915","Lilacs 1915","Konstantin Korovin","Impressionism","data/archive/Impressionism/konstantin-korovin_lilacs-1915.jpg"
"konstantin-korovin_north","North","Konstantin Korovin","Impressionism","data/archive/Impressionism/konstantin-korovin_north.jpg"
"konstantin-korovin_paris-after-rain-1900","Paris after rain 1900","Konstantin Korovin","Impressionism","data/archive/Impressionism/konstantin-korovin_paris-after-rain-1900.jpg"
"konstantin-korovin_paris-seine-1902","Paris seine 1902","Konstantin Korovin","Impressionism","data/archive/Impressionism/konstantin-korovin_paris-seine-1902.jpg"
"konstantin-korovin_portrait-of-chaliapin-1921","Portrait of chaliapin 1921","Konstantin Korovin","Impressionism","data/archive/Impressionism/konstantin-korovin_portrait-of-chaliapin-1921.jpg"
"konstantin-korovin_river-in-menshov-1885","River in menshov 1885","Konstantin Korovin","Impressionism","data/archive/Impressionism/konstantin-korovin_river-in-menshov-1885.jpg"
"konstantin-korovin_self-portrait-1938","Self portrait 1938","Konstantin Korovin","Impressionism","data/archive/Impressionism/konstantin-korovin_self-portrait-1938.jpg"
"konstantin-korovin_still-life","Still life","Konstantin Korovin","Impressionism","data/archive/Impressionism/konstantin-korovin_still-life.jpg"
"konstantin-korovin_the-pomors-1894","The pomors 1894","Konstantin Korovin","Impressionism","data/archive/Impressionism/konstantin-korovin_the-pomors-1894.jpg"
"konstantin-korovin_vichy-at-night","Vichy at night","Konstantin Korovin","Impressionism","data/archive/Impressionism/konstantin-korovin_vichy-at-night.jpg"
"konstantin-korovin_woman-with-guitar-1919","Woman with guitar 1919","Konstantin Korovin","Impressionism","data/archive/Impressionism/konstantin-korovin_woman-with-guitar-1919.jpg"
"konstantin-makovsky_portrait-of-a-kuzhetsov","Portrait of a kuzhetsov","Konstantin Makovsky","Impressionism","data/archive/Impressionism/konstantin-makovsky_portrait-of-a-kuzhetsov.jpg"
"konstantinos-volanakis_along-the-coast(9)","Along the coast(9)","Konstantinos Volanakis","Impressionism","data/archive/Impressionism/konstantinos-volanakis_along-the-coast(9).jpg"
"laszlo-mednyanszky_angler-1890","Angler 1890","Laszlo Mednyanszky","Impressionism","data/archive/Impressionism/laszlo-mednyanszky_angler-1890.jpg"
"laszlo-mednyanszky_landscape-in-the-alps-view-from-the-rax-1900","Landscape in the alps view from the rax 1900","Laszlo Mednyanszky","Impressionism","data/archive/Impressionism/laszlo-mednyanszky_landscape-in-the-alps-view-from-the-rax-1900.jpg"
"leon-dabo_along-the-lake","Along the lake","Leon Dabo","Impressionism","data/archive/Impressionism/leon-dabo_along-the-lake.jpg"
"lovis-corinth_in-a-black-coat-1908","In a black coat 1908","Lovis Corinth","Impressionism","data/archive/Impressionism/lovis-corinth_in-a-black-coat-1908.jpg"
"lovis-corinth_orchids-1923","Orchids 1923","Lovis Corinth","Impressionism","data/archive/Impressionism/lovis-corinth_orchids-1923.jpg"
"lovis-corinth_schlossfreiheit-berlin-1923","Schlossfreiheit berlin 1923","Lovis Corinth","Impressionism","data/archive/Impressionism/lovis-corinth_schlossfreiheit-berlin-1923.jpg"
"lovis-corinth_the-family-of-the-painter-fritz-rumpf-1901","The family of the painter fritz rumpf 1901","Lovis Corinth","Impressionism","data/archive/Impressionism/lovis-corinth_the-family-of-the-painter-fritz-rumpf-1901.jpg"
"lovis-corinth_the-walchensee-with-a-larch-tree-1921","The walchensee with a larch tree 1921","Lovis Corinth","Impressionism","data/archive/Impressionism/lovis-corinth_the-walchensee-with-a-larch-tree-1921.jpg"
"lucia-demetriade-balacescu_mangalia-veche-1945","Mangalia veche 1945","Lucia Demetriade Balacescu","Impressionism","data/archive/Impressionism/lucia-demetriade-balacescu_mangalia-veche-1945.jpg"
"lucian-grigorescu_balcic","Balcic","Lucian Grigorescu","Impressionism","data/archive/Impressionism/lucian-grigorescu_balcic.jpg"
"lucian-grigorescu_peisaj-din-bucure-ti-1946","Peisaj din bucure ti 1946","Lucian Grigorescu","Impressionism","data/archive/Impressionism/lucian-grigorescu_peisaj-din-bucure-ti-1946.jpg"
"marianne-north_a-bush-fire-at-sunset-queensland-1880","A bush fire at sunset queensland 1880","Marianne North","Impressionism","data/archive/Impressionism/marianne-north_a-bush-fire-at-sunset-queensland-1880.jpg"
"marianne-north_ulwar-india-1878","Ulwar india 1878","Marianne North","Impressionism","data/archive/Impressionism/marianne-north_ulwar-india-1878.jpg"
"marie-bracquemond_woman-with-an-umbrella-1880","Woman with an umbrella 1880","Marie Bracquemond","Impressionism","data/archive/Impressionism/marie-bracquemond_woman-with-an-umbrella-1880.jpg"
"mary-cassatt_baby-lying-on-his-mother-s-lap-reaching-to-hold-a-scarf-1914","Baby lying on his mother s lap reaching to hold a scarf 1914","Mary Cassatt","Impressionism","data/archive/Impressionism/mary-cassatt_baby-lying-on-his-mother-s-lap-reaching-to-hold-a-scarf-1914.jpg"
"mary-cassatt_children-in-a-garden-1878","Children in a garden 1878","Mary Cassatt","Impressionism","data/archive/Impressionism/mary-cassatt_children-in-a-garden-1878.jpg"
"mary-cassatt_girl-s-head-green-background","Girl s head green background","Mary Cassatt","Impressionism","data/archive/Impressionism/mary-cassatt_girl-s-head-green-background.jpg"
"mary-cassatt_jules-being-dried-by-his-mother-1900","Jules being dried by his mother 1900","Mary Cassatt","Impressionism","data/archive/Impressionism/mary-cassatt_jules-being-dried-by-his-mother-1900.jpg"
"mary-cassatt_lydia-reading-on-a-divan-1881","Lydia reading on a divan 1881","Mary Cassatt","Impressionism","data/archive/Impressionism/mary-cassatt_lydia-reading-on-a-divan-1881.jpg"
"mary-cassatt_matertiny-1897","Matertiny 1897","Mary Cassatt","Impressionism","data/archive/Impressionism/mary-cassatt_matertiny-1897.jpg"
"mary-cassatt_mother-and-child-reading-1913","Mother and child reading 1913","Mary Cassatt","Impressionism","data/archive/Impressionism/mary-cassatt_mother-and-child-reading-1913.jpg"
"mary-cassatt_mother-sara-and-the-baby-1","Mother sara and the baby 1","Mary Cassatt","Impressionism","data/archive/Impressionism/mary-cassatt_mother-sara-and-the-baby-1.jpg"
"mary-cassatt_portrait-of-a-lady","Portrait of a lady","Mary Cassatt","Impressionism","data/archive/Impressionism/mary-cassatt_portrait-of-a-lady.jpg"
"mary-cassatt_portrait-of-mie-louise-durand-ruel-1911","Portrait of mie louise durand ruel 1911","Mary Cassatt","Impressionism","data/archive/Impressionism/mary-cassatt_portrait-of-mie-louise-durand-ruel-1911.jpg"
"mary-cassatt_roman-girl","Roman girl","Mary Cassatt","Impressionism","data/archive/Impressionism/mary-cassatt_roman-girl.jpg"
"mary-cassatt_sketch-of-anne-and-her-nurse","Sketch of anne and her nurse","Mary Cassatt","Impressionism","data/archive/Impressionism/mary-cassatt_sketch-of-anne-and-her-nurse.jpg"
"mary-cassatt_susan-seated-outdoors-wearing-a-purple-hat","Susan seated outdoors wearing a purple hat","Mary Cassatt","Impressionism","data/archive/Impressionism/mary-cassatt_susan-seated-outdoors-wearing-a-purple-hat.jpg"
"mary-cassatt_the-gden-reading-1898","The gden reading 1898","Mary Cassatt","Impressionism","data/archive/Impressionism/mary-cassatt_the-gden-reading-1898.jpg"
"mary-cassatt_woman-and-child-1888","Woman and child 1888","Mary Cassatt","Impressionism","data/archive/Impressionism/mary-cassatt_woman-and-child-1888.jpg"
"mary-cassatt_woman-with-a-red-zinnia-1891","Woman with a red zinnia 1891","Mary Cassatt","Impressionism","data/archive/Impressionism/mary-cassatt_woman-with-a-red-zinnia-1891.jpg"
"mary-cassatt_young-woman-reflecting","Young woman reflecting","Mary Cassatt","Impressionism","data/archive/Impressionism/mary-cassatt_young-woman-reflecting.jpg"
"matej-sternen_the-red-parasol-1904","The red parasol 1904","Matej Sternen","Impressionism","data/archive/Impressionism/matej-sternen_the-red-parasol-1904.jpg"
"maurice-prendergast_children-on-a-raft-1896","Children on a raft 1896","Maurice Prendergast","Impressionism","data/archive/Impressionism/maurice-prendergast_children-on-a-raft-1896.jpg"
"maurice-prendergast_italian-flower-market-1898","Italian flower market 1898","Maurice Prendergast","Impressionism","data/archive/Impressionism/maurice-prendergast_italian-flower-market-1898.jpg"
"maurice-prendergast_maine-beach","Maine beach","Maurice Prendergast","Impressionism","data/archive/Impressionism/maurice-prendergast_maine-beach.jpg"
"maurice-prendergast_revere-beach-1896-2","Revere beach 1896 2","Maurice Prendergast","Impressionism","data/archive/Impressionism/maurice-prendergast_revere-beach-1896-2.jpg"
"maurice-prendergast_skipping-rope-1895","Skipping rope 1895","Maurice Prendergast","Impressionism","data/archive/Impressionism/maurice-prendergast_skipping-rope-1895.jpg"
"maurice-prendergast_the-race","The race","Maurice Prendergast","Impressionism","data/archive/Impressionism/maurice-prendergast_the-race.jpg"
"max-kurzweil_tip-of-the-bay","Tip of the bay","Max Kurzweil","Impressionism","data/archive/Impressionism/max-kurzweil_tip-of-the-bay.jpg"
"max-liebermann_horse-races","Horse races","Max Liebermann","Impressionism","data/archive/Impressionism/max-liebermann_horse-races.jpg"
"max-liebermann_portrait-of-professor-sauerbruch","Portrait of professor sauerbruch","Max Liebermann","Impressionism","data/archive/Impressionism/max-liebermann_portrait-of-professor-sauerbruch.jpg"
"max-liebermann_sketch-for-the-portrait-of-friedrich-naumann","Sketch for the portrait of friedrich naumann","Max Liebermann","Impressionism","data/archive/Impressionism/max-liebermann_sketch-for-the-portrait-of-friedrich-naumann.jpg"
"max-liebermann_women-plucking-geese-1871","Women plucking geese 1871","Max Liebermann","Impressionism","data/archive/Impressionism/max-liebermann_women-plucking-geese-1871.jpg"
"max-slevogt_portrait-of-julius-freund","Portrait of julius freund","Max Slevogt","Impressionism","data/archive/Impressionism/max-slevogt_portrait-of-julius-freund.jpg"
"maxime-maufra_bridge-over-the-loire-1892","Bridge over the loire 1892","Maxime Maufra","Impressionism","data/archive/Impressionism/maxime-maufra_bridge-over-the-loire-1892.jpg"
"maxime-maufra_isle-of-brehat-1892","Isle of brehat 1892","Maxime Maufra","Impressionism","data/archive/Impressionism/maxime-maufra_isle-of-brehat-1892.jpg"
"maxime-maufra_the-waterfall-nemours","The waterfall nemours","Maxime Maufra","Impressionism","data/archive/Impressionism/maxime-maufra_the-waterfall-nemours.jpg"
"micaela-eleutheriade_cules-de-vie","Cules de vie","Micaela Eleutheriade","Impressionism","data/archive/Impressionism/micaela-eleutheriade_cules-de-vie.jpg"
"micaela-eleutheriade_peisaj-pe-valea-prahovei-1948","Peisaj pe valea prahovei 1948","Micaela Eleutheriade","Impressionism","data/archive/Impressionism/micaela-eleutheriade_peisaj-pe-valea-prahovei-1948.jpg"
"mikhail-nesterov_a-hand-with-flowers","A hand with flowers","Mikhail Nesterov","Impressionism","data/archive/Impressionism/mikhail-nesterov_a-hand-with-flowers.jpg"
"mykola-pymonenko_boy-with-a-basket","Boy with a basket","Mykola Pymonenko","Impressionism","data/archive/Impressionism/mykola-pymonenko_boy-with-a-basket.jpg"
"nicolae-darascu_self-portrait-1958","Self portrait 1958","Nicolae Darascu","Impressionism","data/archive/Impressionism/nicolae-darascu_self-portrait-1958.jpg"
"nicolae-grigorescu_andreescu-at-barbizon-1880","Andreescu at barbizon 1880","Nicolae Grigorescu","Impressionism","data/archive/Impressionism/nicolae-grigorescu_andreescu-at-barbizon-1880.jpg"
"nicolae-grigorescu_peasant-woman-head-1905","Peasant woman head 1905","Nicolae Grigorescu","Impressionism","data/archive/Impressionism/nicolae-grigorescu_peasant-woman-head-1905.jpg"
"nicolae-vermont_a-walk-through-the-park-1915","A walk through the park 1915","Nicolae Vermont","Impressionism","data/archive/Impressionism/nicolae-vermont_a-walk-through-the-park-1915.jpg"
"nicolae-vermont_gipsy-woman-with-red-scarf-1930","Gipsy woman with red scarf 1930","Nicolae Vermont","Impressionism","data/archive/Impressionism/nicolae-vermont_gipsy-woman-with-red-scarf-1930.jpg"
"nicolae-vermont_peasant-woman-with-white-headscarf-1930","Peasant woman with white headscarf 1930","Nicolae Vermont","Impressionism","data/archive/Impressionism/nicolae-vermont_peasant-woman-with-white-headscarf-1930.jpg"
"nicolae-vermont_the-way-home-1919","The way home 1919","Nicolae Vermont","Impressionism","data/archive/Impressionism/nicolae-vermont_the-way-home-1919.jpg"
"nikolay-bogdanov-belsky_celebration-on-a-steps","Celebration on a steps","Nikolay Bogdanov Belsky","Impressionism","data/archive/Impressionism/nikolay-bogdanov-belsky_celebration-on-a-steps.jpg"
"nikolay-bogdanov-belsky_cowboy","Cowboy","Nikolay Bogdanov Belsky","Impressionism","data/archive/Impressionism/nikolay-bogdanov-belsky_cowboy.jpg"
"nikolay-bogdanov-belsky_in-the-boat","In the boat","Nikolay Bogdanov Belsky","Impressionism","data/archive/Impressionism/nikolay-bogdanov-belsky_in-the-boat.jpg"
"nikolay-bogdanov-belsky_on-a-visit-to-the-grandmother","On a visit to the grandmother","Nikolay Bogdanov Belsky","Impressionism","data/archive/Impressionism/nikolay-bogdanov-belsky_on-a-visit-to-the-grandmother.jpg"
"nikolay-bogdanov-belsky_sbitenshchiks","Sbitenshchiks","Nikolay Bogdanov Belsky","Impressionism","data/archive/Impressionism/nikolay-bogdanov-belsky_sbitenshchiks.jpg"
"nikolay-bogdanov-belsky_the-latern","The latern","Nikolay Bogdanov Belsky","Impressionism","data/archive/Impressionism/nikolay-bogdanov-belsky_the-latern.jpg"
"nutzi-acontz_dobrujan-street","Dobrujan street","Nutzi Acontz","Impressionism","data/archive/Impressionism/nutzi-acontz_dobrujan-street.jpg"
"octav-angheluta_copil-cu-beret-verde","Copil cu beret verde","Octav Angheluta","Impressionism","data/archive/Impressionism/octav-angheluta_copil-cu-beret-verde.jpg"
"octav-angheluta_versailles","Versailles","Octav Angheluta","Impressionism","data/archive/Impressionism/octav-angheluta_versailles.jpg"
"octav-bancila_ig-ncu-1920","Ig ncu 1920","Octav Bancila","Impressionism","data/archive/Impressionism/octav-bancila_ig-ncu-1920.jpg"
"odilon-redon_landscape-in-brittany-peyrelebade","Landscape in brittany peyrelebade","Odilon Redon","Impressionism","data/archive/Impressionism/odilon-redon_landscape-in-brittany-peyrelebade.jpg"
"othon-friesz_self-portrait-1899","Self portrait 1899","Othon Friesz","Impressionism","data/archive/Impressionism/othon-friesz_self-portrait-1899.jpg"
"pablo-picasso_portrait-of-minguell","Portrait of minguell","Pablo Picasso","Impressionism","data/archive/Impressionism/pablo-picasso_portrait-of-minguell.jpg"
"paul-cezanne_a-modern-olympia-1874","A modern olympia 1874","Paul Cezanne","Impressionism","data/archive/Impressionism/paul-cezanne_a-modern-olympia-1874.jpg"
"paul-cezanne_cottages-of-auvers","Cottages of auvers","Paul Cezanne","Impressionism","data/archive/Impressionism/paul-cezanne_cottages-of-auvers.jpg"
"paul-cezanne_l-estaque-view-through-the-trees-1879","L estaque view through the trees 1879","Paul Cezanne","Impressionism","data/archive/Impressionism/paul-cezanne_l-estaque-view-through-the-trees-1879.jpg"
"paul-cezanne_portrait-of-victor-chocquet-1877-1","Portrait of victor chocquet 1877 1","Paul Cezanne","Impressionism","data/archive/Impressionism/paul-cezanne_portrait-of-victor-chocquet-1877-1.jpg"
"paul-cezanne_still-life-with-apples-and-biscuits-1877","Still life with apples and biscuits 1877","Paul Cezanne","Impressionism","data/archive/Impressionism/paul-cezanne_still-life-with-apples-and-biscuits-1877.jpg"
"paul-cezanne_the-feast-the-banquet-of-nebuchadnezzar","The feast the banquet of nebuchadnezzar","Paul Cezanne","Impressionism","data/archive/Impressionism/paul-cezanne_the-feast-the-banquet-of-nebuchadnezzar.jpg"
"paul-cezanne_the-temptation-of-st-anthony-1","The temptation of st anthony 1","Paul Cezanne","Impressionism","data/archive/Impressionism/paul-cezanne_the-temptation-of-st-anthony-1.jpg"
"paul-gauguin_bare-trees-1885","Bare trees 1885","Paul Gauguin","Impressionism","data/archive/Impressionism/paul-gauguin_bare-trees-1885.jpg"
"paul-gauguin_clearing-1873","Clearing 1873","Paul Gauguin","Impressionism","data/archive/Impressionism/paul-gauguin_clearing-1873.jpg"
"paul-gauguin_garden-under-snow-1879","Garden under snow 1879","Paul Gauguin","Impressionism","data/archive/Impressionism/paul-gauguin_garden-under-snow-1879.jpg"
"paul-gauguin_landscape-with-poplars-1875","Landscape with poplars 1875","Paul Gauguin","Impressionism","data/archive/Impressionism/paul-gauguin_landscape-with-poplars-1875.jpg"
"paul-gauguin_osny-the-gate-of-busagny-farm-1884","Osny the gate of busagny farm 1884","Paul Gauguin","Impressionism","data/archive/Impressionism/paul-gauguin_osny-the-gate-of-busagny-farm-1884.jpg"
"paul-gauguin_portrait-of-isidore-gauguin-1884","Portrait of isidore gauguin 1884","Paul Gauguin","Impressionism","data/archive/Impressionism/paul-gauguin_portrait-of-isidore-gauguin-1884.jpg"
"paul-gauguin_still-life-vase-with-flowers-on-the-window-1881","Still life vase with flowers on the window 1881","Paul Gauguin","Impressionism","data/archive/Impressionism/paul-gauguin_still-life-vase-with-flowers-on-the-window-1881.jpg"
"paul-gauguin_the-farm-in-grue-1883","The farm in grue 1883","Paul Gauguin","Impressionism","data/archive/Impressionism/paul-gauguin_the-farm-in-grue-1883.jpg"
"paul-gauguin_tree-in-the-farm-yard-1874","Tree in the farm yard 1874","Paul Gauguin","Impressionism","data/archive/Impressionism/paul-gauguin_tree-in-the-farm-yard-1874.jpg"
"paul-gauguin_young-woman-lying-in-a-grass-1884","Young woman lying in a grass 1884","Paul Gauguin","Impressionism","data/archive/Impressionism/paul-gauguin_young-woman-lying-in-a-grass-1884.jpg"
"paul-signac_paris-quai-de-la-tournelle-1886","Paris quai de la tournelle 1886","Paul Signac","Impressionism","data/archive/Impressionism/paul-signac_paris-quai-de-la-tournelle-1886.jpg"
"paul-signac_the-bonaventure-pine-1893","The bonaventure pine 1893","Paul Signac","Impressionism","data/archive/Impressionism/paul-signac_the-bonaventure-pine-1893.jpg"
"peder-severin-kroyer_boys-bathing-1892","Boys bathing 1892","Peder Severin Kroyer","Impressionism","data/archive/Impressionism/peder-severin-kroyer_boys-bathing-1892.jpg"
"peder-severin-kroyer_sea-at-skagen-1882","Sea at skagen 1882","Peder Severin Kroyer","Impressionism","data/archive/Impressionism/peder-severin-kroyer_sea-at-skagen-1882.jpg"
"pericles-pantazis_l-enfant-a-la-toupie","L enfant a la toupie","Pericles Pantazis","Impressionism","data/archive/Impressionism/pericles-pantazis_l-enfant-a-la-toupie.jpg"
"pericles-pantazis_village-sous-la-neige-vall-e-de-la-meuse-1878","Village sous la neige vall e de la meuse 1878","Pericles Pantazis","Impressionism","data/archive/Impressionism/pericles-pantazis_village-sous-la-neige-vall-e-de-la-meuse-1878.jpg"
"petre-abrudan_astonishment","Astonishment","Petre Abrudan","Impressionism","data/archive/Impressionism/petre-abrudan_astonishment.jpg"
"philip-de-laszlo_john-loader-maffey-1st-baron-rugby-1923","John loader maffey 1st baron rugby 1923","Philip De Laszlo","Impressionism","data/archive/Impressionism/philip-de-laszlo_john-loader-maffey-1st-baron-rugby-1923.jpg"
"philip-wilson-steer_girl-and-st-bernard-dog","Girl and st bernard dog","Philip Wilson Steer","Impressionism","data/archive/Impressionism/philip-wilson-steer_girl-and-st-bernard-dog.jpg"
"philip-wilson-steer_portrait-of-miss-scobell-in-a-bathchair-the-convalescent","Portrait of miss scobell in a bathchair the convalescent","Philip Wilson Steer","Impressionism","data/archive/Impressionism/philip-wilson-steer_portrait-of-miss-scobell-in-a-bathchair-the-convalescent.jpg"
"philip-wilson-steer_young-woman-at-the-beach","Young woman at the beach","Philip Wilson Steer","Impressionism","data/archive/Impressionism/philip-wilson-steer_young-woman-at-the-beach.jpg"
"pierre-auguste-renoir_after-bathing","After bathing","Pierre Auguste Renoir","Impressionism","data/archive/Impressionism/pierre-auguste-renoir_after-bathing.jpg"
"pierre-auguste-renoir_aline-charigot-future-madame-renoir-1885","Aline charigot future madame renoir 1885","Pierre Auguste Renoir","Impressionism","data/archive/Impressionism/pierre-auguste-renoir_aline-charigot-future-madame-renoir-1885.jpg"
"pierre-auguste-renoir_antibes-1893","Antibes 1893","Pierre Auguste Renoir","Impressionism","data/archive/Impressionism/pierre-auguste-renoir_antibes-1893.jpg"
"pierre-auguste-renoir_ball-at-the-moulin-de-la-galette-1876(1)","Ball at the moulin de la galette 1876(1)","Pierre Auguste Renoir","Impressionism","data/archive/Impressionism/pierre-auguste-renoir_ball-at-the-moulin-de-la-galette-1876(1).jpg"
"pierre-auguste-renoir_bather-arranging-her-hair-1893","Bather arranging her hair 1893","Pierre Auguste Renoir","Impressionism","data/archive/Impressionism/pierre-auguste-renoir_bather-arranging-her-hair-1893.jpg"
"pierre-auguste-renoir_bathers-1916","Bathers 1916","Pierre Auguste Renoir","Impressionism","data/archive/Impressionism/pierre-auguste-renoir_bathers-1916.jpg"
"pierre-auguste-renoir_bouquet-in-a-theater-box","Bouquet in a theater box","Pierre Auguste Renoir","Impressionism","data/archive/Impressionism/pierre-auguste-renoir_bouquet-in-a-theater-box.jpg"
"pierre-auguste-renoir_breakfast-at-berneval-1898","Breakfast at berneval 1898","Pierre Auguste Renoir","Impressionism","data/archive/Impressionism/pierre-auguste-renoir_breakfast-at-berneval-1898.jpg"
"pierre-auguste-renoir_bust-of-a-young-woman-1913","Bust of a young woman 1913","Pierre Auguste Renoir","Impressionism","data/archive/Impressionism/pierre-auguste-renoir_bust-of-a-young-woman-1913.jpg"
"pierre-auguste-renoir_cagnes-landscape-3","Cagnes landscape 3","Pierre Auguste Renoir","Impressionism","data/archive/Impressionism/pierre-auguste-renoir_cagnes-landscape-3.jpg"
"pierre-auguste-renoir_chestnut-tree-blooming-1881","Chestnut tree blooming 1881","Pierre Auguste Renoir","Impressionism","data/archive/Impressionism/pierre-auguste-renoir_chestnut-tree-blooming-1881.jpg"
"pierre-auguste-renoir_claude-and-renee-claude-1903","Claude and renee claude 1903","Pierre Auguste Renoir","Impressionism","data/archive/Impressionism/pierre-auguste-renoir_claude-and-renee-claude-1903.jpg"
"pierre-auguste-renoir_coco-s-head","Coco s head","Pierre Auguste Renoir","Impressionism","data/archive/Impressionism/pierre-auguste-renoir_coco-s-head.jpg"
"pierre-auguste-renoir_dame-en-toilette-de-ville-1875","Dame en toilette de ville 1875","Pierre Auguste Renoir","Impressionism","data/archive/Impressionism/pierre-auguste-renoir_dame-en-toilette-de-ville-1875.jpg"
"pierre-auguste-renoir_essoyes-landscape-1884","Essoyes landscape 1884","Pierre Auguste Renoir","Impressionism","data/archive/Impressionism/pierre-auguste-renoir_essoyes-landscape-1884.jpg"
"pierre-auguste-renoir_flag-decorated-street-1906","Flag decorated street 1906","Pierre Auguste Renoir","Impressionism","data/archive/Impressionism/pierre-auguste-renoir_flag-decorated-street-1906.jpg"
"pierre-auguste-renoir_forest-path-1875","Forest path 1875","Pierre Auguste Renoir","Impressionism","data/archive/Impressionism/pierre-auguste-renoir_forest-path-1875.jpg"
"pierre-auguste-renoir_gabrielle-reading-1906","Gabrielle reading 1906","Pierre Auguste Renoir","Impressionism","data/archive/Impressionism/pierre-auguste-renoir_gabrielle-reading-1906.jpg"
"pierre-auguste-renoir_georges-riviere-and-margot-1876","Georges riviere and margot 1876","Pierre Auguste Renoir","Impressionism","data/archive/Impressionism/pierre-auguste-renoir_georges-riviere-and-margot-1876.jpg"
"pierre-auguste-renoir_girl-wiping-her-feet","Girl wiping her feet","Pierre Auguste Renoir","Impressionism","data/archive/Impressionism/pierre-auguste-renoir_girl-wiping-her-feet.jpg"
"pierre-auguste-renoir_girl-with-brown-hair","Girl with brown hair","Pierre Auguste Renoir","Impressionism","data/archive/Impressionism/pierre-auguste-renoir_girl-with-brown-hair.jpg"
"pierre-auguste-renoir_glass-of-wine-1908","Glass of wine 1908","Pierre Auguste Renoir","Impressionism","data/archive/Impressionism/pierre-auguste-renoir_glass-of-wine-1908.jpg"
"pierre-auguste-renoir_head-of-a-young-girl-1880","Head of a young girl 1880","Pierre Auguste Renoir","Impressionism","data/archive/Impressionism/pierre-auguste-renoir_head-of-a-young-girl-1880.jpg"
"pierre-auguste-renoir_hills-around-moulin-huet-bay-1883","Hills around moulin huet bay 1883","Pierre Auguste Renoir","Impressionism","data/archive/Impressionism/pierre-auguste-renoir_hills-around-moulin-huet-bay-1883.jpg"
"pierre-auguste-renoir_in-the-garden-of-collettes-at-cagnes","In the garden of collettes at cagnes","Pierre Auguste Renoir","Impressionism","data/archive/Impressionism/pierre-auguste-renoir_in-the-garden-of-collettes-at-cagnes.jpg"
"pierre-auguste-renoir_joseph-durand-ruel-1882","Joseph durand ruel 1882","Pierre Auguste Renoir","Impressionism","data/archive/Impressionism/pierre-auguste-renoir_joseph-durand-ruel-1882.jpg"
"pierre-auguste-renoir_landscape-15","Landscape 15","Pierre Auguste Renoir","Impressionism","data/archive/Impressionism/pierre-auguste-renoir_landscape-15.jpg"
"pierre-auguste-renoir_landscape-1915","Landscape 1915","Pierre Auguste Renoir","Impressionism","data/archive/Impressionism/pierre-auguste-renoir_landscape-1915.jpg"
"pierre-auguste-renoir_landscape-at-collettes","Landscape at collettes","Pierre Auguste Renoir","Impressionism","data/archive/Impressionism/pierre-auguste-renoir_landscape-at-collettes.jpg"
"pierre-auguste-renoir_landscape-near-pont-aven","Landscape near pont aven","Pierre Auguste Renoir","Impressionism","data/archive/Impressionism/pierre-auguste-renoir_landscape-near-pont-aven.jpg"
"pierre-auguste-renoir_landscape-with-snow","Landscape with snow","Pierre Auguste Renoir","Impressionism","data/archive/Impressionism/pierre-auguste-renoir_landscape-with-snow.jpg"
"pierre-auguste-renoir_leaving-the-conservatoire-1877","Leaving the conservatoire 1877","Pierre Auguste Renoir","Impressionism","data/archive/Impressionism/pierre-auguste-renoir_leaving-the-conservatoire-1877.jpg"
"pierre-auguste-renoir_madame-charpentier-1878","Madame charpentier 1878","Pierre Auguste Renoir","Impressionism","data/archive/Impressionism/pierre-auguste-renoir_madame-charpentier-1878.jpg"
"pierre-auguste-renoir_madame-monet-1872","Madame monet 1872","Pierre Auguste Renoir","Impressionism","data/archive/Impressionism/pierre-auguste-renoir_madame-monet-1872.jpg"
"pierre-auguste-renoir_mademoiselle-grimprel-in-a-blue-ribbon-1880","Mademoiselle grimprel in a blue ribbon 1880","Pierre Auguste Renoir","Impressionism","data/archive/Impressionism/pierre-auguste-renoir_mademoiselle-grimprel-in-a-blue-ribbon-1880.jpg"
"pierre-auguste-renoir_melon-and-tomatos-1903","Melon and tomatos 1903","Pierre Auguste Renoir","Impressionism","data/archive/Impressionism/pierre-auguste-renoir_melon-and-tomatos-1903.jpg"
"pierre-auguste-renoir_mother-goose-1898","Mother goose 1898","Pierre Auguste Renoir","Impressionism","data/archive/Impressionism/pierre-auguste-renoir_mother-goose-1898.jpg"
"pierre-auguste-renoir_nude-boys-on-the-rocks-at-guernsey-1883","Nude boys on the rocks at guernsey 1883","Pierre Auguste Renoir","Impressionism","data/archive/Impressionism/pierre-auguste-renoir_nude-boys-on-the-rocks-at-guernsey-1883.jpg"
"pierre-auguste-renoir_nude-study-for-the-large-bathers-1887","Nude study for the large bathers 1887","Pierre Auguste Renoir","Impressionism","data/archive/Impressionism/pierre-auguste-renoir_nude-study-for-the-large-bathers-1887.jpg"
"pierre-auguste-renoir_orchard-at-louveciennes-the-english-pear-tree-1875","Orchard at louveciennes the english pear tree 1875","Pierre Auguste Renoir","Impressionism","data/archive/Impressionism/pierre-auguste-renoir_orchard-at-louveciennes-the-english-pear-tree-1875.jpg"
"pierre-auguste-renoir_pears-and-apples-1890","Pears and apples 1890","Pierre Auguste Renoir","Impressionism","data/archive/Impressionism/pierre-auguste-renoir_pears-and-apples-1890.jpg"
"pierre-auguste-renoir_place-de-la-trinite-1875-1","Place de la trinite 1875 1","Pierre Auguste Renoir","Impressionism","data/archive/Impressionism/pierre-auguste-renoir_place-de-la-trinite-1875-1.jpg"
"pierre-auguste-renoir_portrait-of-a-woman-1877","Portrait of a woman 1877","Pierre Auguste Renoir","Impressionism","data/archive/Impressionism/pierre-auguste-renoir_portrait-of-a-woman-1877.jpg"
"pierre-auguste-renoir_portrait-of-a-young-woman-1876","Portrait of a young woman 1876","Pierre Auguste Renoir","Impressionism","data/archive/Impressionism/pierre-auguste-renoir_portrait-of-a-young-woman-1876.jpg"
"pierre-auguste-renoir_portrait-of-coco","Portrait of coco","Pierre Auguste Renoir","Impressionism","data/archive/Impressionism/pierre-auguste-renoir_portrait-of-coco.jpg"
"pierre-auguste-renoir_portrait-of-madame-claude-monet-1872","Portrait of madame claude monet 1872","Pierre Auguste Renoir","Impressionism","data/archive/Impressionism/pierre-auguste-renoir_portrait-of-madame-claude-monet-1872.jpg"
"pierre-auguste-renoir_portrait-of-the-couple-sisley-1868","Portrait of the couple sisley 1868","Pierre Auguste Renoir","Impressionism","data/archive/Impressionism/pierre-auguste-renoir_portrait-of-the-couple-sisley-1868.jpg"
"pierre-auguste-renoir_reading-the-part-1876","Reading the part 1876","Pierre Auguste Renoir","Impressionism","data/archive/Impressionism/pierre-auguste-renoir_reading-the-part-1876.jpg"
"pierre-auguste-renoir_roche-goyon-1885","Roche goyon 1885","Pierre Auguste Renoir","Impressionism","data/archive/Impressionism/pierre-auguste-renoir_roche-goyon-1885.jpg"
"pierre-auguste-renoir_roses-in-a-vase-1876","Roses in a vase 1876","Pierre Auguste Renoir","Impressionism","data/archive/Impressionism/pierre-auguste-renoir_roses-in-a-vase-1876.jpg"
"pierre-auguste-renoir_scene-antique-femmes-aux-peplums-1895","Scene antique femmes aux peplums 1895","Pierre Auguste Renoir","Impressionism","data/archive/Impressionism/pierre-auguste-renoir_scene-antique-femmes-aux-peplums-1895.jpg"
"pierre-auguste-renoir_seated-nude-1913-1","Seated nude 1913 1","Pierre Auguste Renoir","Impressionism","data/archive/Impressionism/pierre-auguste-renoir_seated-nude-1913-1.jpg"
"pierre-auguste-renoir_self-portrait-1","Self portrait 1","Pierre Auguste Renoir","Impressionism","data/archive/Impressionism/pierre-auguste-renoir_self-portrait-1.jpg"
"pierre-auguste-renoir_small-nude-in-blue-1879","Small nude in blue 1879","Pierre Auguste Renoir","Impressionism","data/archive/Impressionism/pierre-auguste-renoir_small-nude-in-blue-1879.jpg"
"pierre-auguste-renoir_still-life-3","Still life 3","Pierre Auguste Renoir","Impressionism","data/archive/Impressionism/pierre-auguste-renoir_still-life-3.jpg"
"pierre-auguste-renoir_still-life-with-figs","Still life with figs","Pierre Auguste Renoir","Impressionism","data/archive/Impressionism/pierre-auguste-renoir_still-life-with-figs.jpg"
"pierre-auguste-renoir_still-life-with-onions-1917","Still life with onions 1917","Pierre Auguste Renoir","Impressionism","data/archive/Impressionism/pierre-auguste-renoir_still-life-with-onions-1917.jpg"
"pierre-auguste-renoir_still-life-with-strawberries","Still life with strawberries","Pierre Auguste Renoir","Impressionism","data/archive/Impressionism/pierre-auguste-renoir_still-life-with-strawberries.jpg"
"pierre-auguste-renoir_study-of-a-woman-in-a-yellow-hat","Study of a woman in a yellow hat","Pierre Auguste Renoir","Impressionism","data/archive/Impressionism/pierre-auguste-renoir_study-of-a-woman-in-a-yellow-hat.jpg"
"pierre-auguste-renoir_sunny-landscape","Sunny landscape","Pierre Auguste Renoir","Impressionism","data/archive/Impressionism/pierre-auguste-renoir_sunny-landscape.jpg"
"pierre-auguste-renoir_the-banks-of-the-seine-1875","The banks of the seine 1875","Pierre Auguste Renoir","Impressionism","data/archive/Impressionism/pierre-auguste-renoir_the-banks-of-the-seine-1875.jpg"
"pierre-auguste-renoir_the-bridge-at-chatou","The bridge at chatou","Pierre Auguste Renoir","Impressionism","data/archive/Impressionism/pierre-auguste-renoir_the-bridge-at-chatou.jpg"
"pierre-auguste-renoir_the-dancer-1874","The dancer 1874","Pierre Auguste Renoir","Impressionism","data/archive/Impressionism/pierre-auguste-renoir_the-dancer-1874.jpg"
"pierre-auguste-renoir_the-footpath-1917","The footpath 1917","Pierre Auguste Renoir","Impressionism","data/archive/Impressionism/pierre-auguste-renoir_the-footpath-1917.jpg"
"pierre-auguste-renoir_the-ingenue-1877","The ingenue 1877","Pierre Auguste Renoir","Impressionism","data/archive/Impressionism/pierre-auguste-renoir_the-ingenue-1877.jpg"
"pierre-auguste-renoir_the-little-theater-box-1874","The little theater box 1874","Pierre Auguste Renoir","Impressionism","data/archive/Impressionism/pierre-auguste-renoir_the-little-theater-box-1874.jpg"
"pierre-auguste-renoir_the-port-of-rochelle-1896","The port of rochelle 1896","Pierre Auguste Renoir","Impressionism","data/archive/Impressionism/pierre-auguste-renoir_the-port-of-rochelle-1896.jpg"
"pierre-auguste-renoir_the-seine-at-asnieres-the-skiff-1879","The seine at asnieres the skiff 1879","Pierre Auguste Renoir","Impressionism","data/archive/Impressionism/pierre-auguste-renoir_the-seine-at-asnieres-the-skiff-1879.jpg"
"pierre-auguste-renoir_the-varangeville-church-and-the-cliffs-1880","The varangeville church and the cliffs 1880","Pierre Auguste Renoir","Impressionism","data/archive/Impressionism/pierre-auguste-renoir_the-varangeville-church-and-the-cliffs-1880.jpg"
"pierre-auguste-renoir_tree-blooming","Tree blooming","Pierre Auguste Renoir","Impressionism","data/archive/Impressionism/pierre-auguste-renoir_tree-blooming.jpg"
"pierre-auguste-renoir_two-women-and-a-child","Two women and a child","Pierre Auguste Renoir","Impressionism","data/archive/Impressionism/pierre-auguste-renoir_two-women-and-a-child.jpg"
"pierre-auguste-renoir_vase-of-chrysanthemums-1890","Vase of chrysanthemums 1890","Pierre Auguste Renoir","Impressionism","data/archive/Impressionism/pierre-auguste-renoir_vase-of-chrysanthemums-1890.jpg"
"pierre-auguste-renoir_vera-sertine-renoir-1914","Vera sertine renoir 1914","Pierre Auguste Renoir","Impressionism","data/archive/Impressionism/pierre-auguste-renoir_vera-sertine-renoir-1914.jpg"
"pierre-auguste-renoir_walls-in-spain","Walls in spain","Pierre Auguste Renoir","Impressionism","data/archive/Impressionism/pierre-auguste-renoir_walls-in-spain.jpg"
"pierre-auguste-renoir_woman-combing-her-hair-1887","Woman combing her hair 1887","Pierre Auguste Renoir","Impressionism","data/archive/Impressionism/pierre-auguste-renoir_woman-combing-her-hair-1887.jpg"
"pierre-auguste-renoir_woman-in-a-rocking-chair","Woman in a rocking chair","Pierre Auguste Renoir","Impressionism","data/archive/Impressionism/pierre-auguste-renoir_woman-in-a-rocking-chair.jpg"
"pierre-auguste-renoir_woman-picking-flowers-1912","Woman picking flowers 1912","Pierre Auguste Renoir","Impressionism","data/archive/Impressionism/pierre-auguste-renoir_woman-picking-flowers-1912.jpg"
"pierre-auguste-renoir_woman-sleeping","Woman sleeping","Pierre Auguste Renoir","Impressionism","data/archive/Impressionism/pierre-auguste-renoir_woman-sleeping.jpg"
"pierre-auguste-renoir_woman-with-a-guitar-1897-1","Woman with a guitar 1897 1","Pierre Auguste Renoir","Impressionism","data/archive/Impressionism/pierre-auguste-renoir_woman-with-a-guitar-1897-1.jpg"
"pierre-auguste-renoir_women-bathing","Women bathing","Pierre Auguste Renoir","Impressionism","data/archive/Impressionism/pierre-auguste-renoir_women-bathing.jpg"
"pierre-auguste-renoir_young-girl-in-a-straw-hat","Young girl in a straw hat","Pierre Auguste Renoir","Impressionism","data/archive/Impressionism/pierre-auguste-renoir_young-girl-in-a-straw-hat.jpg"
"pierre-auguste-renoir_young-girl-with-daisies-1889","Young girl with daisies 1889","Pierre Auguste Renoir","Impressionism","data/archive/Impressionism/pierre-auguste-renoir_young-girl-with-daisies-1889.jpg"
"pierre-auguste-renoir_young-woman-at-her-toilette","Young woman at her toilette","Pierre Auguste Renoir","Impressionism","data/archive/Impressionism/pierre-auguste-renoir_young-woman-at-her-toilette.jpg"
"pierre-auguste-renoir_young-woman-in-bright-blue-at-the-conservatory-1877","Young woman in bright blue at the conservatory 1877","Pierre Auguste Renoir","Impressionism","data/archive/Impressionism/pierre-auguste-renoir_young-woman-in-bright-blue-at-the-conservatory-1877.jpg"
"pierre-auguste-renoir_young-woman-standing-near-a-farmhouse-in-milly-1892","Young woman standing near a farmhouse in milly 1892","Pierre Auguste Renoir","Impressionism","data/archive/Impressionism/pierre-auguste-renoir_young-woman-standing-near-a-farmhouse-in-milly-1892.jpg"
"pierre-auguste-renoir_yvonne-grimpel-1880","Yvonne grimpel 1880","Pierre Auguste Renoir","Impressionism","data/archive/Impressionism/pierre-auguste-renoir_yvonne-grimpel-1880.jpg"
"piet-mondrian_lonely-tree-at-the-gein-sun","Lonely tree at the gein sun","Piet Mondrian","Impressionism","data/archive/Impressionism/piet-mondrian_lonely-tree-at-the-gein-sun.jpg"
"pieter-wenning_buddha-with-two-vases","Buddha with two vases","Pieter Wenning","Impressionism","data/archive/Impressionism/pieter-wenning_buddha-with-two-vases.jpg"
"pyotr-konchalovsky_belkino-birch-1907","Belkino birch 1907","Pyotr Konchalovsky","Impressionism","data/archive/Impressionism/pyotr-konchalovsky_belkino-birch-1907.jpg"
"raoul-dufy_the-beach-of-sainte-adresse-1904","The beach of sainte adresse 1904","Raoul Dufy","Impressionism","data/archive/Impressionism/raoul-dufy_the-beach-of-sainte-adresse-1904.jpg"
"robert-julian-onderdonk_a-white-road-at-late-afternoon-1921","A white road at late afternoon 1921","Robert Julian Onderdonk","Impressionism","data/archive/Impressionism/robert-julian-onderdonk_a-white-road-at-late-afternoon-1921.jpg"
"robert-julian-onderdonk_bluebonnet-scene","Bluebonnet scene","Robert Julian Onderdonk","Impressionism","data/archive/Impressionism/robert-julian-onderdonk_bluebonnet-scene.jpg"
"robert-julian-onderdonk_crashing-surf","Crashing surf","Robert Julian Onderdonk","Impressionism","data/archive/Impressionism/robert-julian-onderdonk_crashing-surf.jpg"
"robert-julian-onderdonk_goat-herder-at-the-san-antonio-quarry-1909","Goat herder at the san antonio quarry 1909","Robert Julian Onderdonk","Impressionism","data/archive/Impressionism/robert-julian-onderdonk_goat-herder-at-the-san-antonio-quarry-1909.jpg"
"robert-julian-onderdonk_last-rays-of-sunlight-early-spring-in-san-antonio-1922","Last rays of sunlight early spring in san antonio 1922","Robert Julian Onderdonk","Impressionism","data/archive/Impressionism/robert-julian-onderdonk_last-rays-of-sunlight-early-spring-in-san-antonio-1922.jpg"
"robert-julian-onderdonk_october-day-1908","October day 1908","Robert Julian Onderdonk","Impressionism","data/archive/Impressionism/robert-julian-onderdonk_october-day-1908.jpg"
"robert-julian-onderdonk_road-through-the-trees-1915","Road through the trees 1915","Robert Julian Onderdonk","Impressionism","data/archive/Impressionism/robert-julian-onderdonk_road-through-the-trees-1915.jpg"
"robert-julian-onderdonk_the-family-at-cards-unfinished","The family at cards unfinished","Robert Julian Onderdonk","Impressionism","data/archive/Impressionism/robert-julian-onderdonk_the-family-at-cards-unfinished.jpg"
"roger-fry_spring-1921","Spring 1921","Roger Fry","Impressionism","data/archive/Impressionism/roger-fry_spring-1921.jpg"
"rudolf-schweitzer-cumpana_hydra-port-1929","Hydra port 1929","Rudolf Schweitzer Cumpana","Impressionism","data/archive/Impressionism/rudolf-schweitzer-cumpana_hydra-port-1929.jpg"
"rudolf-schweitzer-cumpana_natur-static-cu-sifon-r-ni-i-ardei-iute-1943","Natur static cu sifon r ni i ardei iute 1943","Rudolf Schweitzer Cumpana","Impressionism","data/archive/Impressionism/rudolf-schweitzer-cumpana_natur-static-cu-sifon-r-ni-i-ardei-iute-1943.jpg"
"rudolf-schweitzer-cumpana_str-du-spre-montmartre","Str du spre montmartre","Rudolf Schweitzer Cumpana","Impressionism","data/archive/Impressionism/rudolf-schweitzer-cumpana_str-du-spre-montmartre.jpg"
"salvador-dali_boat","Boat","Salvador Dali","Impressionism","data/archive/Impressionism/salvador-dali_boat.jpg"
"salvador-dali_llaner-beach-in-cadaques","Llaner beach in cadaques","Salvador Dali","Impressionism","data/archive/Impressionism/salvador-dali_llaner-beach-in-cadaques.jpg"
"samuel-mutzner_cartier-din-tunis-1920-1","Cartier din tunis 1920 1","Samuel Mutzner","Impressionism","data/archive/Impressionism/samuel-mutzner_cartier-din-tunis-1920-1.jpg"
"samuel-mutzner_intimitate-1925","Intimitate 1925","Samuel Mutzner","Impressionism","data/archive/Impressionism/samuel-mutzner_intimitate-1925.jpg"
"samuel-mutzner_prim-var-1930","Prim var 1930","Samuel Mutzner","Impressionism","data/archive/Impressionism/samuel-mutzner_prim-var-1930.jpg"
"santiago-rusinol_before-the-morphine-1890","Before the morphine 1890","Santiago Rusinol","Impressionism","data/archive/Impressionism/santiago-rusinol_before-the-morphine-1890.jpg"
"santiago-rusinol_la-butte","La butte","Santiago Rusinol","Impressionism","data/archive/Impressionism/santiago-rusinol_la-butte.jpg"
"santiago-rusinol_the-shooting-gallery-moulin-de-la-galette","The shooting gallery moulin de la galette","Santiago Rusinol","Impressionism","data/archive/Impressionism/santiago-rusinol_the-shooting-gallery-moulin-de-la-galette.jpg"
"sever-burada_the-way-home","The way home","Sever Burada","Impressionism","data/archive/Impressionism/sever-burada_the-way-home.jpg"
"stefan-dimitrescu_seashore","Seashore","Stefan Dimitrescu","Impressionism","data/archive/Impressionism/stefan-dimitrescu_seashore.jpg"
"stefan-luchian_car-cu-boi","Car cu boi","Stefan Luchian","Impressionism","data/archive/Impressionism/stefan-luchian_car-cu-boi.jpg"
"stefan-luchian_house-with-fence","House with fence","Stefan Luchian","Impressionism","data/archive/Impressionism/stefan-luchian_house-with-fence.jpg"
"stefan-luchian_p-r-lu-e","P r lu e","Stefan Luchian","Impressionism","data/archive/Impressionism/stefan-luchian_p-r-lu-e.jpg"
"stefan-luchian_summertime-flowers","Summertime flowers","Stefan Luchian","Impressionism","data/archive/Impressionism/stefan-luchian_summertime-flowers.jpg"
"stefan-popescu_at-the-shadow-of-walnut-trees","At the shadow of walnut trees","Stefan Popescu","Impressionism","data/archive/Impressionism/stefan-popescu_at-the-shadow-of-walnut-trees.jpg"
"stefan-popescu_inessential-store","Inessential store","Stefan Popescu","Impressionism","data/archive/Impressionism/stefan-popescu_inessential-store.jpg"
"stefan-popescu_veranda-with-flowers","Veranda with flowers","Stefan Popescu","Impressionism","data/archive/Impressionism/stefan-popescu_veranda-with-flowers.jpg"
"t.-c.-steele_cows-by-the-stream-1895","Cows by the stream 1895","T. C. Steele","Impressionism","data/archive/Impressionism/t.-c.-steele_cows-by-the-stream-1895.jpg"
"t.-c.-steele_meridian-street-thawing-weather-1887","Meridian street thawing weather 1887","T. C. Steele","Impressionism","data/archive/Impressionism/t.-c.-steele_meridian-street-thawing-weather-1887.jpg"
"t.-c.-steele_roan-mountain","Roan mountain","T. C. Steele","Impressionism","data/archive/Impressionism/t.-c.-steele_roan-mountain.jpg"
"t.-c.-steele_the-house-of-the-singing-winds","The house of the singing winds","T. C. Steele","Impressionism","data/archive/Impressionism/t.-c.-steele_the-house-of-the-singing-winds.jpg"
"thalia-flora-karavia_aquifer","Aquifer","Thalia Flora Karavia","Impressionism","data/archive/Impressionism/thalia-flora-karavia_aquifer.jpg"
"theo-van-rysselberghe_encampment-near-a-moroccan-village","Encampment near a moroccan village","Theo Van Rysselberghe","Impressionism","data/archive/Impressionism/theo-van-rysselberghe_encampment-near-a-moroccan-village.jpg"
"theo-van-rysselberghe_portrait-of-camille-van-mons-1886","Portrait of camille van mons 1886","Theo Van Rysselberghe","Impressionism","data/archive/Impressionism/theo-van-rysselberghe_portrait-of-camille-van-mons-1886.jpg"
"theodor-aman_costume-party-in-the-workshop-1885","Costume party in the workshop 1885","Theodor Aman","Impressionism","data/archive/Impressionism/theodor-aman_costume-party-in-the-workshop-1885.jpg"
"theodor-pallady_juan-les-pins-landscape","Juan les pins landscape","Theodor Pallady","Impressionism","data/archive/Impressionism/theodor-pallady_juan-les-pins-landscape.jpg"
"theodor-pallady_pont-du-diable-st-palais-sur-mer-cliffs-1928","Pont du diable st palais sur mer cliffs 1928","Theodor Pallady","Impressionism","data/archive/Impressionism/theodor-pallady_pont-du-diable-st-palais-sur-mer-cliffs-1928.jpg"
"theodor-pallady_thinking-woman","Thinking woman","Theodor Pallady","Impressionism","data/archive/Impressionism/theodor-pallady_thinking-woman.jpg"
"theophrastos-triantafyllidis_menidi","Menidi","Theophrastos Triantafyllidis","Impressionism","data/archive/Impressionism/theophrastos-triantafyllidis_menidi.jpg"
"thomas-eakins_compositional-study-for-william-rush-carving-his-allegorical-figure-of-the-schuylkill-river","Compositional study for william rush carving his allegorical figure of the schuylkill river","Thomas Eakins","Impressionism","data/archive/Impressionism/thomas-eakins_compositional-study-for-william-rush-carving-his-allegorical-figure-of-the-schuylkill-river.jpg"
"valentin-serov_a-woman-with-a-jug","A woman with a jug","Valentin Serov","Impressionism","data/archive/Impressionism/valentin-serov_a-woman-with-a-jug.jpg"
"valentin-serov_pomors-1894","Pomors 1894","Valentin Serov","Impressionism","data/archive/Impressionism/valentin-serov_pomors-1894.jpg"
"valentin-serov_portrait-of-emperor-nicholas-ii-1900","Portrait of emperor nicholas ii 1900","Valentin Serov","Impressionism","data/archive/Impressionism/valentin-serov_portrait-of-emperor-nicholas-ii-1900.jpg"
"valentin-serov_portrait-of-praskovya-mamontova-1889","Portrait of praskovya mamontova 1889","Valentin Serov","Impressionism","data/archive/Impressionism/valentin-serov_portrait-of-praskovya-mamontova-1889.jpg"
"valentin-serov_portrait-of-the-writer-leonid-andreev-1907","Portrait of the writer leonid andreev 1907","Valentin Serov","Impressionism","data/archive/Impressionism/valentin-serov_portrait-of-the-writer-leonid-andreev-1907.jpg"
"valentin-serov_sheds-1901","Sheds 1901","Valentin Serov","Impressionism","data/archive/Impressionism/valentin-serov_sheds-1901.jpg"
"vanessa-bell_the-memoir-club-1943","The memoir club 1943","Vanessa Bell","Impressionism","data/archive/Impressionism/vanessa-bell_the-memoir-club-1943.jpg"
"vasile-popescu_sewer","Sewer","Vasile Popescu","Impressionism","data/archive/Impressionism/vasile-popescu_sewer.jpg"
"vasily-surikov_portrait-of-e-v-surikova-1908","Portrait of e v surikova 1908","Vasily Surikov","Impressionism","data/archive/Impressionism/vasily-surikov_portrait-of-e-v-surikova-1908.jpg"
"victor-borisov-musatov_boy-seated-1901","Boy seated 1901","Victor Borisov Musatov","Impressionism","data/archive/Impressionism/victor-borisov-musatov_boy-seated-1901.jpg"
"victor-borisov-musatov_roses-and-catkins","Roses and catkins","Victor Borisov Musatov","Impressionism","data/archive/Impressionism/victor-borisov-musatov_roses-and-catkins.jpg"
"walter-battiss_landscape-near-the-hekpoort-road","Landscape near the hekpoort road","Walter Battiss","Impressionism","data/archive/Impressionism/walter-battiss_landscape-near-the-hekpoort-road.jpg"
"walter-sickert_home-life","Home life","Walter Sickert","Impressionism","data/archive/Impressionism/walter-sickert_home-life.jpg"
"walter-sickert_sketch-of-a-female-figure-1888","Sketch of a female figure 1888","Walter Sickert","Impressionism","data/archive/Impressionism/walter-sickert_sketch-of-a-female-figure-1888.jpg"
"walter-sickert_young-belgium-women","Young belgium women","Walter Sickert","Impressionism","data/archive/Impressionism/walter-sickert_young-belgium-women.jpg"
"willard-metcalf_boys-fishing","Boys fishing","Willard Metcalf","Impressionism","data/archive/Impressionism/willard-metcalf_boys-fishing.jpg"
"willard-metcalf_east-boothbay-harbor","East boothbay harbor","Willard Metcalf","Impressionism","data/archive/Impressionism/willard-metcalf_east-boothbay-harbor.jpg"
"willard-metcalf_icebound-brook-aka-winter-s-mantle","Icebound brook aka winter s mantle","Willard Metcalf","Impressionism","data/archive/Impressionism/willard-metcalf_icebound-brook-aka-winter-s-mantle.jpg"
"willard-metcalf_mountain-lakes-olden-norwas","Mountain lakes olden norwas","Willard Metcalf","Impressionism","data/archive/Impressionism/willard-metcalf_mountain-lakes-olden-norwas.jpg"
"willard-metcalf_pasture-old-lyme","Pasture old lyme","Willard Metcalf","Impressionism","data/archive/Impressionism/willard-metcalf_pasture-old-lyme.jpg"
"willard-metcalf_summer-night-no-2","Summer night no 2","Willard Metcalf","Impressionism","data/archive/Impressionism/willard-metcalf_summer-night-no-2.jpg"
"willard-metcalf_the-picnic","The picnic","Willard Metcalf","Impressionism","data/archive/Impressionism/willard-metcalf_the-picnic.jpg"
"willi-baumeister_self-portrait-1910","Self portrait 1910","Willi Baumeister","Impressionism","data/archive/Impressionism/willi-baumeister_self-portrait-1910.jpg"
"william-james-glackens_east-point-gloucester-1919","East point gloucester 1919","William James Glackens","Impressionism","data/archive/Impressionism/william-james-glackens_east-point-gloucester-1919.jpg"
"william-james-glackens_nude-on-a-red-sofa","Nude on a red sofa","William James Glackens","Impressionism","data/archive/Impressionism/william-james-glackens_nude-on-a-red-sofa.jpg"
"william-james-glackens_the-hammock","The hammock","William James Glackens","Impressionism","data/archive/Impressionism/william-james-glackens_the-hammock.jpg"
"william-merritt-chase_a-gypsy-swell-aka-a-spanish-gypsy","A gypsy swell aka a spanish gypsy","William Merritt Chase","Impressionism","data/archive/Impressionism/william-merritt-chase_a-gypsy-swell-aka-a-spanish-gypsy.jpg"
"william-merritt-chase_afternoon-by-the-sea-aka-gravesend-bay","Afternoon by the sea aka gravesend bay","William Merritt Chase","Impressionism","data/archive/Impressionism/william-merritt-chase_afternoon-by-the-sea-aka-gravesend-bay.jpg"
"william-merritt-chase_back-of-a-male-figure","Back of a male figure","William Merritt Chase","Impressionism","data/archive/Impressionism/william-merritt-chase_back-of-a-male-figure.jpg"
"william-merritt-chase_contemplation","Contemplation","William Merritt Chase","Impressionism","data/archive/Impressionism/william-merritt-chase_contemplation.jpg"
"william-merritt-chase_gathering-autumn-flowers","Gathering autumn flowers","William Merritt Chase","Impressionism","data/archive/Impressionism/william-merritt-chase_gathering-autumn-flowers.jpg"
"william-merritt-chase_hunting-game-in-shinnecock-hills","Hunting game in shinnecock hills","William Merritt Chase","Impressionism","data/archive/Impressionism/william-merritt-chase_hunting-game-in-shinnecock-hills.jpg"
"william-merritt-chase_keying-up-the-court-jester","Keying up the court jester","William Merritt Chase","Impressionism","data/archive/Impressionism/william-merritt-chase_keying-up-the-court-jester.jpg"
"william-merritt-chase_modern-magdalen","Modern magdalen","William Merritt Chase","Impressionism","data/archive/Impressionism/william-merritt-chase_modern-magdalen.jpg"
"william-merritt-chase_on-the-beach-shinnecock","On the beach shinnecock","William Merritt Chase","Impressionism","data/archive/Impressionism/william-merritt-chase_on-the-beach-shinnecock.jpg"
"william-merritt-chase_portrait-of-a-woman","Portrait of a woman","William Merritt Chase","Impressionism","data/archive/Impressionism/william-merritt-chase_portrait-of-a-woman.jpg"
"william-merritt-chase_portrait-of-martha-walter","Portrait of martha walter","William Merritt Chase","Impressionism","data/archive/Impressionism/william-merritt-chase_portrait-of-martha-walter.jpg"
"william-merritt-chase_portrait-of-virginia-gerson-1","Portrait of virginia gerson 1","William Merritt Chase","Impressionism","data/archive/Impressionism/william-merritt-chase_portrait-of-virginia-gerson-1.jpg"
"william-merritt-chase_reflections-aka-canal-scene","Reflections aka canal scene","William Merritt Chase","Impressionism","data/archive/Impressionism/william-merritt-chase_reflections-aka-canal-scene.jpg"
"william-merritt-chase_shinnecock-hills-1","Shinnecock hills 1","William Merritt Chase","Impressionism","data/archive/Impressionism/william-merritt-chase_shinnecock-hills-1.jpg"
"william-merritt-chase_shinnecock-landscape-1","Shinnecock landscape 1","William Merritt Chase","Impressionism","data/archive/Impressionism/william-merritt-chase_shinnecock-landscape-1.jpg"
"william-merritt-chase_still-liife-with-china-vase-copper-pot-an-apple-and-a-bunch-of-grapes","Still liife with china vase copper pot an apple and a bunch of grapes","William Merritt Chase","Impressionism","data/archive/Impressionism/william-merritt-chase_still-liife-with-china-vase-copper-pot-an-apple-and-a-bunch-of-grapes.jpg"
"william-merritt-chase_the-back-yard-shinnecock-long-island-new-york","The back yard shinnecock long island new york","William Merritt Chase","Impressionism","data/archive/Impressionism/william-merritt-chase_the-back-yard-shinnecock-long-island-new-york.jpg"
"william-merritt-chase_the-fairy-tale","The fairy tale","William Merritt Chase","Impressionism","data/archive/Impressionism/william-merritt-chase_the-fairy-tale.jpg"
"william-merritt-chase_the-moorish-warrior-1876","The moorish warrior 1876","William Merritt Chase","Impressionism","data/archive/Impressionism/william-merritt-chase_the-moorish-warrior-1876.jpg"
"william-merritt-chase_the-red-roofs-of-haarlem-aka-a-street-in-holland","The red roofs of haarlem aka a street in holland","William Merritt Chase","Impressionism","data/archive/Impressionism/william-merritt-chase_the-red-roofs-of-haarlem-aka-a-street-in-holland.jpg"
"william-merritt-chase_weary-aka-who-rang","Weary aka who rang","William Merritt Chase","Impressionism","data/archive/Impressionism/william-merritt-chase_weary-aka-who-rang.jpg"
"winston-churchill_a-view-at-mimizan(1)","A view at mimizan(1)","Winston Churchill","Impressionism","data/archive/Impressionism/winston-churchill_a-view-at-mimizan(1).jpg"
"winston-churchill_garden-scene-at-breccles(1)","Garden scene at breccles(1)","Winston Churchill","Impressionism","data/archive/Impressionism/winston-churchill_garden-scene-at-breccles(1).jpg"
"winston-churchill_mimizan(1)","Mimizan(1)","Winston Churchill","Impressionism","data/archive/Impressionism/winston-churchill_mimizan(1).jpg"
"winston-churchill_shadows-on-a-staircase-in-southern-france(1)","Shadows on a staircase in southern france(1)","Winston Churchill","Impressionism","data/archive/Impressionism/winston-churchill_shadows-on-a-staircase-in-southern-france(1).jpg"
"winston-churchill_trees-near-breccles","Trees near breccles","Winston Churchill","Impressionism","data/archive/Impressionism/winston-churchill_trees-near-breccles.jpg"
"winston-churchill_west-front-of-blenheim-palace","West front of blenheim palace","Winston Churchill","Impressionism","data/archive/Impressionism/winston-churchill_west-front-of-blenheim-palace.jpg"
"zinaida-serebriakova_autumn-landscape-1909","Autumn landscape 1909","Zinaida Serebriakova","Impressionism","data/archive/Impressionism/zinaida-serebriakova_autumn-landscape-1909.jpg"
"zinaida-serebriakova_neskuchnoye-calf-house","Neskuchnoye calf house","Zinaida Serebriakova","Impressionism","data/archive/Impressionism/zinaida-serebriakova_neskuchnoye-calf-house.jpg"
"agnolo-bronzino_adoration-of-the-cross-with-the-brazen-serpent","Adoration of the cross with the brazen serpent","Agnolo Bronzino","Mannerism Late Renaissance","data/archive/Mannerism_Late_Renaissance/agnolo-bronzino_adoration-of-the-cross-with-the-brazen-serpent.jpg"
"agnolo-bronzino_francesco-i-de-medici-grand-duke-of-tuscany","Francesco i de medici grand duke of tuscany","Agnolo Bronzino","Mannerism Late Renaissance","data/archive/Mannerism_Late_Renaissance/agnolo-bronzino_francesco-i-de-medici-grand-duke-of-tuscany.jpg"
"agnolo-bronzino_portrait-of-a-girl-with-book-1545","Portrait of a girl with book 1545","Agnolo Bronzino","Mannerism Late Renaissance","data/archive/Mannerism_Late_Renaissance/agnolo-bronzino_portrait-of-a-girl-with-book-1545.jpg"
"agnolo-bronzino_portrait-of-francesco-i-de-medici-1551","Portrait of francesco i de medici 1551","Agnolo Bronzino","Mannerism Late Renaissance","data/archive/Mannerism_Late_Renaissance/agnolo-bronzino_portrait-of-francesco-i-de-medici-1551.jpg"
"agnolo-bronzino_portrait-of-young-woman-with-her-son","Portrait of young woman with her son","Agnolo Bronzino","Mannerism Late Renaissance","data/archive/Mannerism_Late_Renaissance/agnolo-bronzino_portrait-of-young-woman-with-her-son.jpg"
"agnolo-bronzino_venus-cupid-and-envy","Venus cupid and envy","Agnolo Bronzino","Mannerism Late Renaissance","data/archive/Mannerism_Late_Renaissance/agnolo-bronzino_venus-cupid-and-envy.jpg"
"correggio_christ-presented-to-the-people-ecce-homo(2)","Christ presented to the people ecce homo(2)","Correggio","Mannerism Late Renaissance","data/archive/Mannerism_Late_Renaissance/correggio_christ-presented-to-the-people-ecce-homo(2).jpg"
"correggio_the-assumption-of-the-virgin-1530","The assumption of the virgin 1530","Correggio","Mannerism Late Renaissance","data/archive/Mannerism_Late_Renaissance/correggio_the-assumption-of-the-virgin-1530.jpg"
"cristovao-de-figueiredo_menino-jesus-entre-os-doutores-1520","Menino jesus entre os doutores 1520","Cristovao De Figueiredo","Mannerism Late Renaissance","data/archive/Mannerism_Late_Renaissance/cristovao-de-figueiredo_menino-jesus-entre-os-doutores-1520.jpg"
"el-greco_apostle-st-andrew-1","Apostle st andrew 1","El Greco","Mannerism Late Renaissance","data/archive/Mannerism_Late_Renaissance/el-greco_apostle-st-andrew-1.jpg"
"el-greco_baptism-of-christ-1568","Baptism of christ 1568","El Greco","Mannerism Late Renaissance","data/archive/Mannerism_Late_Renaissance/el-greco_baptism-of-christ-1568.jpg"
"el-greco_christ-on-the-cross-adored-by-two-donors","Christ on the cross adored by two donors","El Greco","Mannerism Late Renaissance","data/archive/Mannerism_Late_Renaissance/el-greco_christ-on-the-cross-adored-by-two-donors.jpg"
"el-greco_marriage-at-cana","Marriage at cana","El Greco","Mannerism Late Renaissance","data/archive/Mannerism_Late_Renaissance/el-greco_marriage-at-cana.jpg"
"el-greco_portrait-of-alonso-de-herrera","Portrait of alonso de herrera","El Greco","Mannerism Late Renaissance","data/archive/Mannerism_Late_Renaissance/el-greco_portrait-of-alonso-de-herrera.jpg"
"el-greco_st-bartholomew","St bartholomew","El Greco","Mannerism Late Renaissance","data/archive/Mannerism_Late_Renaissance/el-greco_st-bartholomew.jpg"
"el-greco_st-jerome-as-cardinal","St jerome as cardinal","El Greco","Mannerism Late Renaissance","data/archive/Mannerism_Late_Renaissance/el-greco_st-jerome-as-cardinal.jpg"
"el-greco_st-peter-in-penitence","St peter in penitence","El Greco","Mannerism Late Renaissance","data/archive/Mannerism_Late_Renaissance/el-greco_st-peter-in-penitence.jpg"
"el-greco_the-dream-of-philip-ii-1579","The dream of philip ii 1579","El Greco","Mannerism Late Renaissance","data/archive/Mannerism_Late_Renaissance/el-greco_the-dream-of-philip-ii-1579.jpg"
"el-greco_the-virgin-of-the-immaculate-conception-and-st-john-1585","The virgin of the immaculate conception and st john 1585","El Greco","Mannerism Late Renaissance","data/archive/Mannerism_Late_Renaissance/el-greco_the-virgin-of-the-immaculate-conception-and-st-john-1585.jpg"
"giorgio-vasari_catherine-of-siena-escorted-pope-gregory-xi-at-rome-on-17th-january-1377","Catherine of siena escorted pope gregory xi at rome on 17th january 1377","Giorgio Vasari","Mannerism Late Renaissance","data/archive/Mannerism_Late_Renaissance/giorgio-vasari_catherine-of-siena-escorted-pope-gregory-xi-at-rome-on-17th-january-1377.jpg"
"giorgio-vasari_entombment-1532","Entombment 1532","Giorgio Vasari","Mannerism Late Renaissance","data/archive/Mannerism_Late_Renaissance/giorgio-vasari_entombment-1532.jpg"
"giorgio-vasari_paul-iii-farnese-directing-the-continuance-of-st-peter-s-1546","Paul iii farnese directing the continuance of st peter s 1546","Giorgio Vasari","Mannerism Late Renaissance","data/archive/Mannerism_Late_Renaissance/giorgio-vasari_paul-iii-farnese-directing-the-continuance-of-st-peter-s-1546.jpg"
"giorgio-vasari_the-annunciation-1571","The annunciation 1571","Giorgio Vasari","Mannerism Late Renaissance","data/archive/Mannerism_Late_Renaissance/giorgio-vasari_the-annunciation-1571.jpg"
"giorgio-vasari_vulcan-s-forge-1565","Vulcan s forge 1565","Giorgio Vasari","Mannerism Late Renaissance","data/archive/Mannerism_Late_Renaissance/giorgio-vasari_vulcan-s-forge-1565.jpg"
"giuseppe-arcimboldo_the-dinner(1)","The dinner(1)","Giuseppe Arcimboldo","Mannerism Late Renaissance","data/archive/Mannerism_Late_Renaissance/giuseppe-arcimboldo_the-dinner(1).jpg"
"gregorio-lopes_mart-rio-de-s-o-sebasti-o-1536","Mart rio de s o sebasti o 1536","Gregorio Lopes","Mannerism Late Renaissance","data/archive/Mannerism_Late_Renaissance/gregorio-lopes_mart-rio-de-s-o-sebasti-o-1536.jpg"
"hans-von-aachen_allegory-on-the-conquest-of-stuhlwei-enburg-sz-kesfeh-rv-r-1604","Allegory on the conquest of stuhlwei enburg sz kesfeh rv r 1604","Hans Von Aachen","Mannerism Late Renaissance","data/archive/Mannerism_Late_Renaissance/hans-von-aachen_allegory-on-the-conquest-of-stuhlwei-enburg-sz-kesfeh-rv-r-1604.jpg"
"hans-von-aachen_pallas-athena-venus-and-juno-1593","Pallas athena venus and juno 1593","Hans Von Aachen","Mannerism Late Renaissance","data/archive/Mannerism_Late_Renaissance/hans-von-aachen_pallas-athena-venus-and-juno-1593.jpg"
"hans-von-aachen_venus-cupid-and-a-satyr-1598","Venus cupid and a satyr 1598","Hans Von Aachen","Mannerism Late Renaissance","data/archive/Mannerism_Late_Renaissance/hans-von-aachen_venus-cupid-and-a-satyr-1598.jpg"
"jacopo-pontormo_female-nude","Female nude","Jacopo Pontormo","Mannerism Late Renaissance","data/archive/Mannerism_Late_Renaissance/jacopo-pontormo_female-nude.jpg"
"jacopo-pontormo_madonna-and-child-with-the-young-saint-john-1524","Madonna and child with the young saint john 1524","Jacopo Pontormo","Mannerism Late Renaissance","data/archive/Mannerism_Late_Renaissance/jacopo-pontormo_madonna-and-child-with-the-young-saint-john-1524.jpg"
"jacopo-pontormo_portrait-of-a-youth","Portrait of a youth","Jacopo Pontormo","Mannerism Late Renaissance","data/archive/Mannerism_Late_Renaissance/jacopo-pontormo_portrait-of-a-youth.jpg"
"jacopo-pontormo_st-anthony-abbot-1519","St anthony abbot 1519","Jacopo Pontormo","Mannerism Late Renaissance","data/archive/Mannerism_Late_Renaissance/jacopo-pontormo_st-anthony-abbot-1519.jpg"
"jacopo-pontormo_study-of-the-nailing-of-christ-to-the-cross","Study of the nailing of christ to the cross","Jacopo Pontormo","Mannerism Late Renaissance","data/archive/Mannerism_Late_Renaissance/jacopo-pontormo_study-of-the-nailing-of-christ-to-the-cross.jpg"
"jacopo-pontormo_visitation-1","Visitation 1","Jacopo Pontormo","Mannerism Late Renaissance","data/archive/Mannerism_Late_Renaissance/jacopo-pontormo_visitation-1.jpg"
"lavinia-fontana_pope-gregory-xiii","Pope gregory xiii","Lavinia Fontana","Mannerism Late Renaissance","data/archive/Mannerism_Late_Renaissance/lavinia-fontana_pope-gregory-xiii.jpg"
"maerten-van-heemskerck_colossus-of-rhodes-1570","Colossus of rhodes 1570","Maerten Van Heemskerck","Mannerism Late Renaissance","data/archive/Mannerism_Late_Renaissance/maerten-van-heemskerck_colossus-of-rhodes-1570.jpg"
"maerten-van-heemskerck_jesus-christ-crowned-with-thorns-1550","Jesus christ crowned with thorns 1550","Maerten Van Heemskerck","Mannerism Late Renaissance","data/archive/Mannerism_Late_Renaissance/maerten-van-heemskerck_jesus-christ-crowned-with-thorns-1550.jpg"
"maerten-van-heemskerck_portrait-of-reinerus-frisius-gemma","Portrait of reinerus frisius gemma","Maerten Van Heemskerck","Mannerism Late Renaissance","data/archive/Mannerism_Late_Renaissance/maerten-van-heemskerck_portrait-of-reinerus-frisius-gemma.jpg"
"maerten-van-heemskerck_the-erythraean-sibyl-1564","The erythraean sibyl 1564","Maerten Van Heemskerck","Mannerism Late Renaissance","data/archive/Mannerism_Late_Renaissance/maerten-van-heemskerck_the-erythraean-sibyl-1564.jpg"
"paolo-veronese_adoration-of-the-shepherds-1583","Adoration of the shepherds 1583","Paolo Veronese","Mannerism Late Renaissance","data/archive/Mannerism_Late_Renaissance/paolo-veronese_adoration-of-the-shepherds-1583.jpg"
"paolo-veronese_baptism-of-christ","Baptism of christ","Paolo Veronese","Mannerism Late Renaissance","data/archive/Mannerism_Late_Renaissance/paolo-veronese_baptism-of-christ.jpg"
"paolo-veronese_crucifixion-1582","Crucifixion 1582","Paolo Veronese","Mannerism Late Renaissance","data/archive/Mannerism_Late_Renaissance/paolo-veronese_crucifixion-1582.jpg"
"paolo-veronese_healing-of-the-lame-man-at-the-pool-of-bethesda-1560","Healing of the lame man at the pool of bethesda 1560","Paolo Veronese","Mannerism Late Renaissance","data/archive/Mannerism_Late_Renaissance/paolo-veronese_healing-of-the-lame-man-at-the-pool-of-bethesda-1560.jpg"
"paolo-veronese_landscape","Landscape","Paolo Veronese","Mannerism Late Renaissance","data/archive/Mannerism_Late_Renaissance/paolo-veronese_landscape.jpg"
"paolo-veronese_minerva-between-the-geometry-and-arithmetic-1551","Minerva between the geometry and arithmetic 1551","Paolo Veronese","Mannerism Late Renaissance","data/archive/Mannerism_Late_Renaissance/paolo-veronese_minerva-between-the-geometry-and-arithmetic-1551.jpg"
"paolo-veronese_portrait-of-a-gentlemen","Portrait of a gentlemen","Paolo Veronese","Mannerism Late Renaissance","data/archive/Mannerism_Late_Renaissance/paolo-veronese_portrait-of-a-gentlemen.jpg"
"paolo-veronese_rebecca-and-eliezer","Rebecca and eliezer","Paolo Veronese","Mannerism Late Renaissance","data/archive/Mannerism_Late_Renaissance/paolo-veronese_rebecca-and-eliezer.jpg"
"paolo-veronese_st-john-the-evangelist-1555","St john the evangelist 1555","Paolo Veronese","Mannerism Late Renaissance","data/archive/Mannerism_Late_Renaissance/paolo-veronese_st-john-the-evangelist-1555.jpg"
"paolo-veronese_the-angel-appears-to-hagar-in-the-desert","The angel appears to hagar in the desert","Paolo Veronese","Mannerism Late Renaissance","data/archive/Mannerism_Late_Renaissance/paolo-veronese_the-angel-appears-to-hagar-in-the-desert.jpg"
"paolo-veronese_the-rape-of-europa-1","The rape of europa 1","Paolo Veronese","Mannerism Late Renaissance","data/archive/Mannerism_Late_Renaissance/paolo-veronese_the-rape-of-europa-1.jpg"
"paolo-veronese_virgin-and-child-with-saints-1565","Virgin and child with saints 1565","Paolo Veronese","Mannerism Late Renaissance","data/archive/Mannerism_Late_Renaissance/paolo-veronese_virgin-and-child-with-saints-1565.jpg"
"parmigianino_helmet-with-wavy-brim","Helmet with wavy brim","Parmigianino","Mannerism Late Renaissance","data/archive/Mannerism_Late_Renaissance/parmigianino_helmet-with-wavy-brim.jpg"
"parmigianino_portrait-of-a-man-1530","Portrait of a man 1530","Parmigianino","Mannerism Late Renaissance","data/archive/Mannerism_Late_Renaissance/parmigianino_portrait-of-a-man-1530.jpg"
"parmigianino_wise-virgins-allegorical-figures-and-plants","Wise virgins allegorical figures and plants","Parmigianino","Mannerism Late Renaissance","data/archive/Mannerism_Late_Renaissance/parmigianino_wise-virgins-allegorical-figures-and-plants.jpg"
"piero-di-cosimo_the-fight-between-the-lapiths-and-the-centaurs-1500","The fight between the lapiths and the centaurs 1500","Piero Di Cosimo","Mannerism Late Renaissance","data/archive/Mannerism_Late_Renaissance/piero-di-cosimo_the-fight-between-the-lapiths-and-the-centaurs-1500.jpg"
"rosso-fiorentino_madonna-enthroned-and-ten-saints-1522","Madonna enthroned and ten saints 1522","Rosso Fiorentino","Mannerism Late Renaissance","data/archive/Mannerism_Late_Renaissance/rosso-fiorentino_madonna-enthroned-and-ten-saints-1522.jpg"
"sofonisba-anguissola_portrait-of-a-boy-at-the-spanish-court-1570","Portrait of a boy at the spanish court 1570","Sofonisba Anguissola","Mannerism Late Renaissance","data/archive/Mannerism_Late_Renaissance/sofonisba-anguissola_portrait-of-a-boy-at-the-spanish-court-1570.jpg"
"tintoretto_a-philosopher-1570","A philosopher 1570","Tintoretto","Mannerism Late Renaissance","data/archive/Mannerism_Late_Renaissance/tintoretto_a-philosopher-1570.jpg"
"tintoretto_aretino-in-the-studio-of-tintoretto","Aretino in the studio of tintoretto","Tintoretto","Mannerism Late Renaissance","data/archive/Mannerism_Late_Renaissance/tintoretto_aretino-in-the-studio-of-tintoretto.jpg"
"tintoretto_christ-in-the-house-of-the-pharisee","Christ in the house of the pharisee","Tintoretto","Mannerism Late Renaissance","data/archive/Mannerism_Late_Renaissance/tintoretto_christ-in-the-house-of-the-pharisee.jpg"
"tintoretto_do-not-touch-me","Do not touch me","Tintoretto","Mannerism Late Renaissance","data/archive/Mannerism_Late_Renaissance/tintoretto_do-not-touch-me.jpg"
"tintoretto_frederick-ii-conquered-parma-in-1521-1579","Frederick ii conquered parma in 1521 1579","Tintoretto","Mannerism Late Renaissance","data/archive/Mannerism_Late_Renaissance/tintoretto_frederick-ii-conquered-parma-in-1521-1579.jpg"
"tintoretto_minerva-sending-away-mars-from-peace-and-prosperity-1577","Minerva sending away mars from peace and prosperity 1577","Tintoretto","Mannerism Late Renaissance","data/archive/Mannerism_Late_Renaissance/tintoretto_minerva-sending-away-mars-from-peace-and-prosperity-1577.jpg"
"tintoretto_portrait-of-a-man","Portrait of a man","Tintoretto","Mannerism Late Renaissance","data/archive/Mannerism_Late_Renaissance/tintoretto_portrait-of-a-man.jpg"
"tintoretto_portrait-of-doge-pietro-loredano","Portrait of doge pietro loredano","Tintoretto","Mannerism Late Renaissance","data/archive/Mannerism_Late_Renaissance/tintoretto_portrait-of-doge-pietro-loredano.jpg"
"tintoretto_recovery-of-the-corpse-of-st-mark-1566","Recovery of the corpse of st mark 1566","Tintoretto","Mannerism Late Renaissance","data/archive/Mannerism_Late_Renaissance/tintoretto_recovery-of-the-corpse-of-st-mark-1566.jpg"
"tintoretto_st-louis-st-george-and-the-princess","St louis st george and the princess","Tintoretto","Mannerism Late Renaissance","data/archive/Mannerism_Late_Renaissance/tintoretto_st-louis-st-george-and-the-princess.jpg"
"tintoretto_the-annunciation-1587","The annunciation 1587","Tintoretto","Mannerism Late Renaissance","data/archive/Mannerism_Late_Renaissance/tintoretto_the-annunciation-1587.jpg"
"tintoretto_the-deposition-1559","The deposition 1559","Tintoretto","Mannerism Late Renaissance","data/archive/Mannerism_Late_Renaissance/tintoretto_the-deposition-1559.jpg"
"tintoretto_the-miracle-of-st-augustine","The miracle of st augustine","Tintoretto","Mannerism Late Renaissance","data/archive/Mannerism_Late_Renaissance/tintoretto_the-miracle-of-st-augustine.jpg"
"tintoretto_the-temptation-of-adam-1552","The temptation of adam 1552","Tintoretto","Mannerism Late Renaissance","data/archive/Mannerism_Late_Renaissance/tintoretto_the-temptation-of-adam-1552.jpg"
"tintoretto_winter","Winter","Tintoretto","Mannerism Late Renaissance","data/archive/Mannerism_Late_Renaissance/tintoretto_winter.jpg"
"titian_christ-crowned-with-thorns","Christ crowned with thorns","Titian","Mannerism Late Renaissance","data/archive/Mannerism_Late_Renaissance/titian_christ-crowned-with-thorns.jpg"
"titian_filippo-archinto","Filippo archinto","Titian","Mannerism Late Renaissance","data/archive/Mannerism_Late_Renaissance/titian_filippo-archinto.jpg"
"titian_penitent-st-mary-magdalene","Penitent st mary magdalene","Titian","Mannerism Late Renaissance","data/archive/Mannerism_Late_Renaissance/titian_penitent-st-mary-magdalene.jpg"
"titian_portrait-of-count-antonio-porcia","Portrait of count antonio porcia","Titian","Mannerism Late Renaissance","data/archive/Mannerism_Late_Renaissance/titian_portrait-of-count-antonio-porcia.jpg"
"titian_portrait-of-the-great-elector-john-frederick-of-saxony","Portrait of the great elector john frederick of saxony","Titian","Mannerism Late Renaissance","data/archive/Mannerism_Late_Renaissance/titian_portrait-of-the-great-elector-john-frederick-of-saxony.jpg"
"titian_st-nicholas-1563","St nicholas 1563","Titian","Mannerism Late Renaissance","data/archive/Mannerism_Late_Renaissance/titian_st-nicholas-1563.jpg"
"titian_the-vendramin-family-venerating-a-relic-of-the-true-cross-1545","The vendramin family venerating a relic of the true cross 1545","Titian","Mannerism Late Renaissance","data/archive/Mannerism_Late_Renaissance/titian_the-vendramin-family-venerating-a-relic-of-the-true-cross-1545.jpg"
"agnes-martin_columns","Columns","Agnes Martin","Minimalism","data/archive/Minimalism/agnes-martin_columns.jpg"
"agnes-martin_petal-1964","Petal 1964","Agnes Martin","Minimalism","data/archive/Minimalism/agnes-martin_petal-1964.jpg"
"agnes-martin_untitled-1959","Untitled 1959","Agnes Martin","Minimalism","data/archive/Minimalism/agnes-martin_untitled-1959.jpg"
"agnes-martin_untitled-number-5-1975","Untitled number 5 1975","Agnes Martin","Minimalism","data/archive/Minimalism/agnes-martin_untitled-number-5-1975.jpg"
"alex-hay_long-time-brown-2008","Long time brown 2008","Alex Hay","Minimalism","data/archive/Minimalism/alex-hay_long-time-brown-2008.jpg"
"alighiero-boetti_pier-piet-1974","Pier piet 1974","Alighiero Boetti","Minimalism","data/archive/Minimalism/alighiero-boetti_pier-piet-1974.jpg"
"andrei-cadere_round-wooden-bar-1","Round wooden bar 1","Andrei Cadere","Minimalism","data/archive/Minimalism/andrei-cadere_round-wooden-bar-1.jpg"
"angelo-de-sousa_pintura-1972","Pintura 1972","Angelo De Sousa","Minimalism","data/archive/Minimalism/angelo-de-sousa_pintura-1972.jpg"
"anne-truitt_come-unto-these-yellow-sands-ii-1979","Come unto these yellow sands ii 1979","Anne Truitt","Minimalism","data/archive/Minimalism/anne-truitt_come-unto-these-yellow-sands-ii-1979.jpg"
"anne-truitt_sea-garden-1964","Sea garden 1964","Anne Truitt","Minimalism","data/archive/Minimalism/anne-truitt_sea-garden-1964.jpg"
"blinky-palermo_butterfly-ii-1969","Butterfly ii 1969","Blinky Palermo","Minimalism","data/archive/Minimalism/blinky-palermo_butterfly-ii-1969.jpg"
"brice-marden_focus-ii-1980","Focus ii 1980","Brice Marden","Minimalism","data/archive/Minimalism/brice-marden_focus-ii-1980.jpg"
"brice-marden_mirabelle-addenda-2-1979","Mirabelle addenda 2 1979","Brice Marden","Minimalism","data/archive/Minimalism/brice-marden_mirabelle-addenda-2-1979.jpg"
"brice-marden_the-dylan-painting-1966(1)","The dylan painting 1966(1)","Brice Marden","Minimalism","data/archive/Minimalism/brice-marden_the-dylan-painting-1966(1).jpg"
"brice-marden_untitled-1973","Untitled 1973","Brice Marden","Minimalism","data/archive/Minimalism/brice-marden_untitled-1973.jpg"
"bruce-nauman_my-name-as-though-it-were-written-on-the-surface-of-the-moon-1968","My name as though it were written on the surface of the moon 1968","Bruce Nauman","Minimalism","data/archive/Minimalism/bruce-nauman_my-name-as-though-it-were-written-on-the-surface-of-the-moon-1968.jpg"
"conrad-marca-relli_untitled-1969","Untitled 1969","Conrad Marca Relli","Minimalism","data/archive/Minimalism/conrad-marca-relli_untitled-1969.jpg"
"dan-flavin_greens-crossing-greens-to-piet-mondrian-who-lacked-green-1966","Greens crossing greens to piet mondrian who lacked green 1966","Dan Flavin","Minimalism","data/archive/Minimalism/dan-flavin_greens-crossing-greens-to-piet-mondrian-who-lacked-green-1966.jpg"
"dan-flavin_untitled-to-the-innovator-of-wheeling-peachblow-1968","Untitled to the innovator of wheeling peachblow 1968","Dan Flavin","Minimalism","data/archive/Minimalism/dan-flavin_untitled-to-the-innovator-of-wheeling-peachblow-1968.jpg"
"daniel-dezeuze_beading-painting-1","Beading painting 1","Daniel Dezeuze","Minimalism","data/archive/Minimalism/daniel-dezeuze_beading-painting-1.jpg"
"david-batchelor_against-nature-detail-2005","Against nature detail 2005","David Batchelor","Minimalism","data/archive/Minimalism/david-batchelor_against-nature-detail-2005.jpg"
"denise-green_blu-lascaux-1999","Blu lascaux 1999","Denise Green","Minimalism","data/archive/Minimalism/denise-green_blu-lascaux-1999.jpg"
"doug-wheeler_untitled-1964","Untitled 1964","Doug Wheeler","Minimalism","data/archive/Minimalism/doug-wheeler_untitled-1964.jpg"
"ellsworth-kelly_circle-form-1951","Circle form 1951","Ellsworth Kelly","Minimalism","data/archive/Minimalism/ellsworth-kelly_circle-form-1951.jpg"
"ellsworth-kelly_sculpture-for-a-large-wall-1957","Sculpture for a large wall 1957","Ellsworth Kelly","Minimalism","data/archive/Minimalism/ellsworth-kelly_sculpture-for-a-large-wall-1957.jpg"
"enrico-castellani_no-827-1963","No 827 1963","Enrico Castellani","Minimalism","data/archive/Minimalism/enrico-castellani_no-827-1963.jpg"
"eva-hesse_untitled-1966(1)","Untitled 1966(1)","Eva Hesse","Minimalism","data/archive/Minimalism/eva-hesse_untitled-1966(1).jpg"
"fernando-calhau_this-is-not-a-landscape-2002","This is not a landscape 2002","Fernando Calhau","Minimalism","data/archive/Minimalism/fernando-calhau_this-is-not-a-landscape-2002.jpg"
"frank-stella_arbeit-macht-frei-1967","Arbeit macht frei 1967","Frank Stella","Minimalism","data/archive/Minimalism/frank-stella_arbeit-macht-frei-1967.jpg"
"frank-stella_lake-city-1962","Lake city 1962","Frank Stella","Minimalism","data/archive/Minimalism/frank-stella_lake-city-1962.jpg"
"fred-sandback_untitled-1972","Untitled 1972","Fred Sandback","Minimalism","data/archive/Minimalism/fred-sandback_untitled-1972.jpg"
"gene-davis_peach-glow-1958","Peach glow 1958","Gene Davis","Minimalism","data/archive/Minimalism/gene-davis_peach-glow-1958.jpg"
"genevieve-asse_ouverture-de-la-nuit-1973","Ouverture de la nuit 1973","Genevieve Asse","Minimalism","data/archive/Minimalism/genevieve-asse_ouverture-de-la-nuit-1973.jpg"
"helio-oiticica_b11-box-b-lide-09-1964","B11 box b lide 09 1964","Helio Oiticica","Minimalism","data/archive/Minimalism/helio-oiticica_b11-box-b-lide-09-1964.jpg"
"henk-peeters_veronica-lam-1998","Veronica lam 1998","Henk Peeters","Minimalism","data/archive/Minimalism/henk-peeters_veronica-lam-1998.jpg"
"imi-knoebel_venera-1996","Venera 1996","Imi Knoebel","Minimalism","data/archive/Minimalism/imi-knoebel_venera-1996.jpg"
"jean-degottex_dia-noir-ii-1979","Dia noir ii 1979","Jean Degottex","Minimalism","data/archive/Minimalism/jean-degottex_dia-noir-ii-1979.jpg"
"jean-degottex_unknown-title-5","Unknown title 5","Jean Degottex","Minimalism","data/archive/Minimalism/jean-degottex_unknown-title-5.jpg"
"jiro-yoshihara_red-circle-on-black-1965","Red circle on black 1965","Jiro Yoshihara","Minimalism","data/archive/Minimalism/jiro-yoshihara_red-circle-on-black-1965.jpg"
"jo-baer_rook-1962","Rook 1962","Jo Baer","Minimalism","data/archive/Minimalism/jo-baer_rook-1962.jpg"
"joan-hernandez-pijuan_dibuix-n-146-1991","Dibuix n 146 1991","Joan Hernandez Pijuan","Minimalism","data/archive/Minimalism/joan-hernandez-pijuan_dibuix-n-146-1991.jpg"
"joan-hernandez-pijuan_nuvol-rosa-2-1990","Nuvol rosa 2 1990","Joan Hernandez Pijuan","Minimalism","data/archive/Minimalism/joan-hernandez-pijuan_nuvol-rosa-2-1990.jpg"
"john-mccracken_energy-2007","Energy 2007","John Mccracken","Minimalism","data/archive/Minimalism/john-mccracken_energy-2007.jpg"
"john-mccracken_warp-drive-1990","Warp drive 1990","John Mccracken","Minimalism","data/archive/Minimalism/john-mccracken_warp-drive-1990.jpg"
"john-mclaughlin_number-6-1963","Number 6 1963","John Mclaughlin","Minimalism","data/archive/Minimalism/john-mclaughlin_number-6-1963.jpg"
"judy-chicago_domes-1-1968","Domes 1 1968","Judy Chicago","Minimalism","data/archive/Minimalism/judy-chicago_domes-1-1968.jpg"
"kazuo-nakamura_number-structure-5-1983","Number structure 5 1983","Kazuo Nakamura","Minimalism","data/archive/Minimalism/kazuo-nakamura_number-structure-5-1983.jpg"
"keith-sonnier_longhorn-study-2006","Longhorn study 2006","Keith Sonnier","Minimalism","data/archive/Minimalism/keith-sonnier_longhorn-study-2006.jpg"
"lee-ufan_from-line-1978","From line 1978","Lee Ufan","Minimalism","data/archive/Minimalism/lee-ufan_from-line-1978.jpg"
"leo-villareal_devil-s-playground-2005","Devil s playground 2005","Leo Villareal","Minimalism","data/archive/Minimalism/leo-villareal_devil-s-playground-2005.jpg"
"luciano-bartolini_kleenex-1974","Kleenex 1974","Luciano Bartolini","Minimalism","data/archive/Minimalism/luciano-bartolini_kleenex-1974.jpg"
"mark-rothko_no-5-1964","No 5 1964","Mark Rothko","Minimalism","data/archive/Minimalism/mark-rothko_no-5-1964.jpg"
"martin-barre_59-80-75-c-1959","59 80 75 c 1959","Martin Barre","Minimalism","data/archive/Minimalism/martin-barre_59-80-75-c-1959.jpg"
"martin-barre_76-77-c-147-5x140-1977","76 77 c 147 5x140 1977","Martin Barre","Minimalism","data/archive/Minimalism/martin-barre_76-77-c-147-5x140-1977.jpg"
"mira-schendel_untitled-from-splints-1987(1)","Untitled from splints 1987(1)","Mira Schendel","Minimalism","data/archive/Minimalism/mira-schendel_untitled-from-splints-1987(1).jpg"
"park-seo-bo_ecriture-no-22-79-81-1981","Ecriture no 22 79 81 1981","Park Seo Bo","Minimalism","data/archive/Minimalism/park-seo-bo_ecriture-no-22-79-81-1981.jpg"
"paul-brach_silver-series-1965","Silver series 1965","Paul Brach","Minimalism","data/archive/Minimalism/paul-brach_silver-series-1965.jpg"
"perle-fine_oblique-reference-1973","Oblique reference 1973","Perle Fine","Minimalism","data/archive/Minimalism/perle-fine_oblique-reference-1973.jpg"
"pierre-soulages_peinture-11-juillet-1987-1987","Peinture 11 juillet 1987 1987","Pierre Soulages","Minimalism","data/archive/Minimalism/pierre-soulages_peinture-11-juillet-1987-1987.jpg"
"pino-pinelli_pittura-b-g-1991","Pittura b g 1991","Pino Pinelli","Minimalism","data/archive/Minimalism/pino-pinelli_pittura-b-g-1991.jpg"
"pino-pinelli_pittura-r-bl-1986","Pittura r bl 1986","Pino Pinelli","Minimalism","data/archive/Minimalism/pino-pinelli_pittura-r-bl-1986.jpg"
"richard-artschwager_description-of-table-1964","Description of table 1964","Richard Artschwager","Minimalism","data/archive/Minimalism/richard-artschwager_description-of-table-1964.jpg"
"richard-serra_one-ton-prop-house-of-cards-1969","One ton prop house of cards 1969","Richard Serra","Minimalism","data/archive/Minimalism/richard-serra_one-ton-prop-house-of-cards-1969.jpg"
"richard-tuttle_20-pearls-9-2003-minimalism","20 pearls 9 2003","Richard Tuttle","Minimalism","data/archive/Minimalism/richard-tuttle_20-pearls-9-2003.jpg"
"richard-tuttle_red-canvas-1967","Red canvas 1967","Richard Tuttle","Minimalism","data/archive/Minimalism/richard-tuttle_red-canvas-1967.jpg"
"robert-mangold_1-2-manilla-curved-area-1967","1 2 manilla curved area 1967","Robert Mangold","Minimalism","data/archive/Minimalism/robert-mangold_1-2-manilla-curved-area-1967.jpg"
"robert-mangold_fragments-i-vii-1998","Fragments i vii 1998","Robert Mangold","Minimalism","data/archive/Minimalism/robert-mangold_fragments-i-vii-1998.jpg"
"robert-mangold_untitled-fcpa-1995","Untitled fcpa 1995","Robert Mangold","Minimalism","data/archive/Minimalism/robert-mangold_untitled-fcpa-1995.jpg"
"robert-morris_voice-1974","Voice 1974","Robert Morris","Minimalism","data/archive/Minimalism/robert-morris_voice-1974.jpg"
"robert-ryman_record-1983","Record 1983","Robert Ryman","Minimalism","data/archive/Minimalism/robert-ryman_record-1983.jpg"
"robert-ryman_untitled-1965","Untitled 1965","Robert Ryman","Minimalism","data/archive/Minimalism/robert-ryman_untitled-1965.jpg"
"rodolfo-arico_anomalia-1969","Anomalia 1969","Rodolfo Arico","Minimalism","data/archive/Minimalism/rodolfo-arico_anomalia-1969.jpg"
"rodolfo-arico_untitled-1965-1","Untitled 1965 1","Rodolfo Arico","Minimalism","data/archive/Minimalism/rodolfo-arico_untitled-1965-1.jpg"
"ronald-davis_small-aqua-1965","Small aqua 1965","Ronald Davis","Minimalism","data/archive/Minimalism/ronald-davis_small-aqua-1965.jpg"
"ruth-vollmer_in-relation-three-to-four-1968","In relation three to four 1968","Ruth Vollmer","Minimalism","data/archive/Minimalism/ruth-vollmer_in-relation-three-to-four-1968.jpg"
"ruth-vollmer_unknown-title","Unknown title","Ruth Vollmer","Minimalism","data/archive/Minimalism/ruth-vollmer_unknown-title.jpg"
"sol-lewitt_black-with-white-lines-vertical-not-touching-1970","Black with white lines vertical not touching 1970","Sol Lewitt","Minimalism","data/archive/Minimalism/sol-lewitt_black-with-white-lines-vertical-not-touching-1970.jpg"
"sol-lewitt_untitled-structure","Untitled structure","Sol Lewitt","Minimalism","data/archive/Minimalism/sol-lewitt_untitled-structure.jpg"
"tony-smith_tau-1962","Tau 1962","Tony Smith","Minimalism","data/archive/Minimalism/tony-smith_tau-1962.jpg"
"walter-darby-bannard_the-sheet-1960","The sheet 1960","Walter Darby Bannard","Minimalism","data/archive/Minimalism/walter-darby-bannard_the-sheet-1960.jpg"
"william-scott_morning-in-mykonos-1960","Morning in mykonos 1960","William Scott","Minimalism","data/archive/Minimalism/william-scott_morning-in-mykonos-1960.jpg"
"yves-gaucher_thg-n-d-68-1968","Thg n d 68 1968","Yves Gaucher","Minimalism","data/archive/Minimalism/yves-gaucher_thg-n-d-68-1968.jpg"
"yves-klein_untitled-blue-monochrome-1956-1","Untitled blue monochrome 1956 1","Yves Klein","Minimalism","data/archive/Minimalism/yves-klein_untitled-blue-monochrome-1956-1.jpg"
"yves-klein_untitled-pink-monochrome-1957","Untitled pink monochrome 1957","Yves Klein","Minimalism","data/archive/Minimalism/yves-klein_untitled-pink-monochrome-1957.jpg"
"andre-bauchant_animals-crossing-a-flooded-river-with-a-distant-waterfall-1924","Animals crossing a flooded river with a distant waterfall 1924","Andre Bauchant","Naive Art Primitivism","data/archive/Naive_Art_Primitivism/andre-bauchant_animals-crossing-a-flooded-river-with-a-distant-waterfall-1924.jpg"
"andre-bauchant_monaco-1930","Monaco 1930","Andre Bauchant","Naive Art Primitivism","data/archive/Naive_Art_Primitivism/andre-bauchant_monaco-1930.jpg"
"antonio-ligabue_head-of-tiger","Head of tiger","Antonio Ligabue","Naive Art Primitivism","data/archive/Naive_Art_Primitivism/antonio-ligabue_head-of-tiger.jpg"
"antonio-ligabue_self-portrait-with-red-scarf-1956","Self portrait with red scarf 1956","Antonio Ligabue","Naive Art Primitivism","data/archive/Naive_Art_Primitivism/antonio-ligabue_self-portrait-with-red-scarf-1956.jpg"
"arman-manookian_hawaiian-landscape-1928","Hawaiian landscape 1928","Arman Manookian","Naive Art Primitivism","data/archive/Naive_Art_Primitivism/arman-manookian_hawaiian-landscape-1928.jpg"
"arman-manookian_unknown-title-1","Unknown title 1","Arman Manookian","Naive Art Primitivism","data/archive/Naive_Art_Primitivism/arman-manookian_unknown-title-1.jpg"
"boris-kustodiev_poster-of-the-play-flea-1926-2","Poster of the play flea 1926 2","Boris Kustodiev","Naive Art Primitivism","data/archive/Naive_Art_Primitivism/boris-kustodiev_poster-of-the-play-flea-1926-2.jpg"
"camille-bombois_la-parade","La parade","Camille Bombois","Naive Art Primitivism","data/archive/Naive_Art_Primitivism/camille-bombois_la-parade.jpg"
"camille-bombois_yellow-street-1925","Yellow street 1925","Camille Bombois","Naive Art Primitivism","data/archive/Naive_Art_Primitivism/camille-bombois_yellow-street-1925.jpg"
"david-burliuk_a-hearty-supper(1)","A hearty supper(1)","David Burliuk","Naive Art Primitivism","data/archive/Naive_Art_Primitivism/david-burliuk_a-hearty-supper(1).jpg"
"david-burliuk_bound-to-the-mill-1948","Bound to the mill 1948","David Burliuk","Naive Art Primitivism","data/archive/Naive_Art_Primitivism/david-burliuk_bound-to-the-mill-1948.jpg"
"david-burliuk_gypsies-with-horse","Gypsies with horse","David Burliuk","Naive Art Primitivism","data/archive/Naive_Art_Primitivism/david-burliuk_gypsies-with-horse.jpg"
"david-burliuk_new-england-1929","New england 1929","David Burliuk","Naive Art Primitivism","data/archive/Naive_Art_Primitivism/david-burliuk_new-england-1929.jpg"
"david-burliuk_reclining-nude-in-a-landscape(1)","Reclining nude in a landscape(1)","David Burliuk","Naive Art Primitivism","data/archive/Naive_Art_Primitivism/david-burliuk_reclining-nude-in-a-landscape(1).jpg"
"david-burliuk_tea-party-1960","Tea party 1960","David Burliuk","Naive Art Primitivism","data/archive/Naive_Art_Primitivism/david-burliuk_tea-party-1960.jpg"
"david-burliuk_two-girls-in-a-farmyard-with-ducks-and-a-windmill","Two girls in a farmyard with ducks and a windmill","David Burliuk","Naive Art Primitivism","data/archive/Naive_Art_Primitivism/david-burliuk_two-girls-in-a-farmyard-with-ducks-and-a-windmill.jpg"
"david-burliuk_woman-with-yellow-scarf","Woman with yellow scarf","David Burliuk","Naive Art Primitivism","data/archive/Naive_Art_Primitivism/david-burliuk_woman-with-yellow-scarf.jpg"
"edith-vonnegut_action-figures","Action figures","Edith Vonnegut","Naive Art Primitivism","data/archive/Naive_Art_Primitivism/edith-vonnegut_action-figures.jpg"
"edith-vonnegut_sunblock","Sunblock","Edith Vonnegut","Naive Art Primitivism","data/archive/Naive_Art_Primitivism/edith-vonnegut_sunblock.jpg"
"fernand-leger_builder-character-in-the-framework","Builder character in the framework","Fernand Leger","Naive Art Primitivism","data/archive/Naive_Art_Primitivism/fernand-leger_builder-character-in-the-framework.jpg"
"fernand-leger_manufacturers-on-a-blue-background-1950","Manufacturers on a blue background 1950","Fernand Leger","Naive Art Primitivism","data/archive/Naive_Art_Primitivism/fernand-leger_manufacturers-on-a-blue-background-1950.jpg"
"fernand-leger_pylons-study-for-the-city","Pylons study for the city","Fernand Leger","Naive Art Primitivism","data/archive/Naive_Art_Primitivism/fernand-leger_pylons-study-for-the-city.jpg"
"fernand-leger_study-for-builders","Study for builders","Fernand Leger","Naive Art Primitivism","data/archive/Naive_Art_Primitivism/fernand-leger_study-for-builders.jpg"
"fernand-leger_the-album-circus-1950-21","The album circus 1950 21","Fernand Leger","Naive Art Primitivism","data/archive/Naive_Art_Primitivism/fernand-leger_the-album-circus-1950-21.jpg"
"fernand-leger_the-album-circus-1950-59","The album circus 1950 59","Fernand Leger","Naive Art Primitivism","data/archive/Naive_Art_Primitivism/fernand-leger_the-album-circus-1950-59.jpg"
"fernand-leger_the-outing-in-the-country-1954-1","The outing in the country 1954 1","Fernand Leger","Naive Art Primitivism","data/archive/Naive_Art_Primitivism/fernand-leger_the-outing-in-the-country-1954-1.jpg"
"fernando-botero_adam-and-eve-adam","Adam and eve adam","Fernando Botero","Naive Art Primitivism","data/archive/Naive_Art_Primitivism/fernando-botero_adam-and-eve-adam.jpg"
"fernando-botero_concert-in-the-countryside","Concert in the countryside","Fernando Botero","Naive Art Primitivism","data/archive/Naive_Art_Primitivism/fernando-botero_concert-in-the-countryside.jpg"
"fernando-botero_four-women","Four women","Fernando Botero","Naive Art Primitivism","data/archive/Naive_Art_Primitivism/fernando-botero_four-women.jpg"
"fernando-botero_lovers-1","Lovers 1","Fernando Botero","Naive Art Primitivism","data/archive/Naive_Art_Primitivism/fernando-botero_lovers-1.jpg"
"fernando-botero_menina-after-velazquez","Menina after velazquez","Fernando Botero","Naive Art Primitivism","data/archive/Naive_Art_Primitivism/fernando-botero_menina-after-velazquez.jpg"
"fernando-botero_portrait-of-a-family","Portrait of a family","Fernando Botero","Naive Art Primitivism","data/archive/Naive_Art_Primitivism/fernando-botero_portrait-of-a-family.jpg"
"fernando-botero_spanish","Spanish","Fernando Botero","Naive Art Primitivism","data/archive/Naive_Art_Primitivism/fernando-botero_spanish.jpg"
"fernando-botero_the-card-player","The card player","Fernando Botero","Naive Art Primitivism","data/archive/Naive_Art_Primitivism/fernando-botero_the-card-player.jpg"
"fernando-botero_the-maid","The maid","Fernando Botero","Naive Art Primitivism","data/archive/Naive_Art_Primitivism/fernando-botero_the-maid.jpg"
"fernando-botero_the-study-of-vermeer","The study of vermeer","Fernando Botero","Naive Art Primitivism","data/archive/Naive_Art_Primitivism/fernando-botero_the-study-of-vermeer.jpg"
"fernando-botero_woman-with-flowers","Woman with flowers","Fernando Botero","Naive Art Primitivism","data/archive/Naive_Art_Primitivism/fernando-botero_woman-with-flowers.jpg"
"fred-yates_the-beach-1992","The beach 1992","Fred Yates","Naive Art Primitivism","data/archive/Naive_Art_Primitivism/fred-yates_the-beach-1992.jpg"
"grandma-moses_halloween-1955","Halloween 1955","Grandma Moses","Naive Art Primitivism","data/archive/Naive_Art_Primitivism/grandma-moses_halloween-1955.jpg"
"grandma-moses_not_detected_251657(1)","Sem título (251657(1))","Grandma Moses","Naive Art Primitivism","data/archive/Naive_Art_Primitivism/grandma-moses_not_detected_251657(1).jpg"
"gr├г┬йgoire-michonze_family-1960(1)","Family 1960(1)","Gr├г┬йgoire Michonze","Naive Art Primitivism","data/archive/Naive_Art_Primitivism/gr├г┬йgoire-michonze_family-1960(1).jpg"
"gr├г┬йgoire-michonze_goats-grazing-in-a-landscape-1961","Goats grazing in a landscape 1961","Gr├г┬йgoire Michonze","Naive Art Primitivism","data/archive/Naive_Art_Primitivism/gr├г┬йgoire-michonze_goats-grazing-in-a-landscape-1961.jpg"
"gr├г┬йgoire-michonze_scene-paysanne","Scene paysanne","Gr├г┬йgoire Michonze","Naive Art Primitivism","data/archive/Naive_Art_Primitivism/gr├г┬йgoire-michonze_scene-paysanne.jpg"
"henri-rousseau_bathing-at-alfortville","Bathing at alfortville","Henri Rousseau","Naive Art Primitivism","data/archive/Naive_Art_Primitivism/henri-rousseau_bathing-at-alfortville.jpg"
"henri-rousseau_in-the-fields-1910","In the fields 1910","Henri Rousseau","Naive Art Primitivism","data/archive/Naive_Art_Primitivism/henri-rousseau_in-the-fields-1910.jpg"
"henri-rousseau_not_detected_191345","Sem título (191345)","Henri Rousseau","Naive Art Primitivism","data/archive/Naive_Art_Primitivism/henri-rousseau_not_detected_191345.jpg"
"henri-rousseau_promeneurs-dans-un-parc-1908","Promeneurs dans un parc 1908","Henri Rousseau","Naive Art Primitivism","data/archive/Naive_Art_Primitivism/henri-rousseau_promeneurs-dans-un-parc-1908.jpg"
"henri-rousseau_the-dam-1893","The dam 1893","Henri Rousseau","Naive Art Primitivism","data/archive/Naive_Art_Primitivism/henri-rousseau_the-dam-1893.jpg"
"henri-rousseau_the-pink-candle-1910","The pink candle 1910","Henri Rousseau","Naive Art Primitivism","data/archive/Naive_Art_Primitivism/henri-rousseau_the-pink-candle-1910.jpg"
"henri-rousseau_vase-of-flowers","Vase of flowers","Henri Rousseau","Naive Art Primitivism","data/archive/Naive_Art_Primitivism/henri-rousseau_vase-of-flowers.jpg"
"horace-pippin_abe-lincoln-the-good-samaritan-1943","Abe lincoln the good samaritan 1943","Horace Pippin","Naive Art Primitivism","data/archive/Naive_Art_Primitivism/horace-pippin_abe-lincoln-the-good-samaritan-1943.jpg"
"horace-pippin_mr-prejudice-1943","Mr prejudice 1943","Horace Pippin","Naive Art Primitivism","data/archive/Naive_Art_Primitivism/horace-pippin_mr-prejudice-1943.jpg"
"ivan-generalic_deer-in-the-forest-1956","Deer in the forest 1956","Ivan Generalic","Naive Art Primitivism","data/archive/Naive_Art_Primitivism/ivan-generalic_deer-in-the-forest-1956.jpg"
"jean-hugo_fighting-centaurs-1947","Fighting centaurs 1947","Jean Hugo","Naive Art Primitivism","data/archive/Naive_Art_Primitivism/jean-hugo_fighting-centaurs-1947.jpg"
"jules-lefranc_bisquine-cancalaise-1929","Bisquine cancalaise 1929","Jules Lefranc","Naive Art Primitivism","data/archive/Naive_Art_Primitivism/jules-lefranc_bisquine-cancalaise-1929.jpg"
"jules-lefranc_les-sables-ls914","Les sables ls914","Jules Lefranc","Naive Art Primitivism","data/archive/Naive_Art_Primitivism/jules-lefranc_les-sables-ls914.jpg"
"kateryna-bilokur_apples-of-bogdanivka-1959","Apples of bogdanivka 1959","Kateryna Bilokur","Naive Art Primitivism","data/archive/Naive_Art_Primitivism/kateryna-bilokur_apples-of-bogdanivka-1959.jpg"
"kateryna-bilokur_flowers-and-birches-in-the-evening-1950","Flowers and birches in the evening 1950","Kateryna Bilokur","Naive Art Primitivism","data/archive/Naive_Art_Primitivism/kateryna-bilokur_flowers-and-birches-in-the-evening-1950.jpg"
"kateryna-bilokur_peonies-1946","Peonies 1946","Kateryna Bilokur","Naive Art Primitivism","data/archive/Naive_Art_Primitivism/kateryna-bilokur_peonies-1946.jpg"
"kateryna-bilokur_still-life-flowers-apples-tomatoes-1950","Still life flowers apples tomatoes 1950","Kateryna Bilokur","Naive Art Primitivism","data/archive/Naive_Art_Primitivism/kateryna-bilokur_still-life-flowers-apples-tomatoes-1950.jpg"
"kazimir-malevich_in-the-morning-went-from-lviv-1914","In the morning went from lviv 1914","Kazimir Malevich","Naive Art Primitivism","data/archive/Naive_Art_Primitivism/kazimir-malevich_in-the-morning-went-from-lviv-1914.jpg"
"kazimir-malevich_wilhelm-s-merry-go-round-1914","Wilhelm s merry go round 1914","Kazimir Malevich","Naive Art Primitivism","data/archive/Naive_Art_Primitivism/kazimir-malevich_wilhelm-s-merry-go-round-1914.jpg"
"louis-vivin_le-peintre-montmartre","Le peintre montmartre","Louis Vivin","Naive Art Primitivism","data/archive/Naive_Art_Primitivism/louis-vivin_le-peintre-montmartre.jpg"
"lyonel-feininger_houses-and-figures-birds-with-hats","Houses and figures birds with hats","Lyonel Feininger","Naive Art Primitivism","data/archive/Naive_Art_Primitivism/lyonel-feininger_houses-and-figures-birds-with-hats.jpg"
"marc-chagall_a-green-tree-with-lovers-1980","A green tree with lovers 1980","Marc Chagall","Naive Art Primitivism","data/archive/Naive_Art_Primitivism/marc-chagall_a-green-tree-with-lovers-1980.jpg"
"marc-chagall_abraham-and-three-angels-1","Abraham and three angels 1","Marc Chagall","Naive Art Primitivism","data/archive/Naive_Art_Primitivism/marc-chagall_abraham-and-three-angels-1.jpg"
"marc-chagall_after-the-flood-noah-offering-a-sacrifice-to-god-genesis-viii-20-22","After the flood noah offering a sacrifice to god genesis viii 20 22","Marc Chagall","Naive Art Primitivism","data/archive/Naive_Art_Primitivism/marc-chagall_after-the-flood-noah-offering-a-sacrifice-to-god-genesis-viii-20-22.jpg"
"marc-chagall_banquet-degenerates-into-brawl","Banquet degenerates into brawl","Marc Chagall","Naive Art Primitivism","data/archive/Naive_Art_Primitivism/marc-chagall_banquet-degenerates-into-brawl.jpg"
"marc-chagall_branch-and-flute-player-1957","Branch and flute player 1957","Marc Chagall","Naive Art Primitivism","data/archive/Naive_Art_Primitivism/marc-chagall_branch-and-flute-player-1957.jpg"
"marc-chagall_christ-study-to-vitrage-in-metz-cathedral-1964","Christ study to vitrage in metz cathedral 1964","Marc Chagall","Naive Art Primitivism","data/archive/Naive_Art_Primitivism/marc-chagall_christ-study-to-vitrage-in-metz-cathedral-1964.jpg"
"marc-chagall_coronated-nude-1984","Coronated nude 1984","Marc Chagall","Naive Art Primitivism","data/archive/Naive_Art_Primitivism/marc-chagall_coronated-nude-1984.jpg"
"marc-chagall_david-and-bathsheba-1956-1","David and bathsheba 1956 1","Marc Chagall","Naive Art Primitivism","data/archive/Naive_Art_Primitivism/marc-chagall_david-and-bathsheba-1956-1.jpg"
"marc-chagall_drawing-by-marc-chagall-for-vladimir-mayakovsky-s-70th-birthday-1963-2","Drawing by marc chagall for vladimir mayakovsky s 70th birthday 1963 2","Marc Chagall","Naive Art Primitivism","data/archive/Naive_Art_Primitivism/marc-chagall_drawing-by-marc-chagall-for-vladimir-mayakovsky-s-70th-birthday-1963-2.jpg"
"marc-chagall_fiancee-with-bouquet-1977","Fiancee with bouquet 1977","Marc Chagall","Naive Art Primitivism","data/archive/Naive_Art_Primitivism/marc-chagall_fiancee-with-bouquet-1977.jpg"
"marc-chagall_hannah-prays-to-the-lord-for-a-son-who-will-be-samuel-i-samuel-i-9-11","Hannah prays to the lord for a son who will be samuel i samuel i 9 11","Marc Chagall","Naive Art Primitivism","data/archive/Naive_Art_Primitivism/marc-chagall_hannah-prays-to-the-lord-for-a-son-who-will-be-samuel-i-samuel-i-9-11.jpg"
"marc-chagall_illustration-for-louis-aragon-s-work-one-who-says-things-without-saying-anything-1976-12","Illustration for louis aragon s work one who says things without saying anything 1976 12","Marc Chagall","Naive Art Primitivism","data/archive/Naive_Art_Primitivism/marc-chagall_illustration-for-louis-aragon-s-work-one-who-says-things-without-saying-anything-1976-12.jpg"
"marc-chagall_illustration-for-louis-aragon-s-work-one-who-says-things-without-saying-anything-1976-5","Illustration for louis aragon s work one who says things without saying anything 1976 5","Marc Chagall","Naive Art Primitivism","data/archive/Naive_Art_Primitivism/marc-chagall_illustration-for-louis-aragon-s-work-one-who-says-things-without-saying-anything-1976-5.jpg"
"marc-chagall_isaiah-s-oracle-on-the-ruins-of-babylon-isaiah-xiii","Isaiah s oracle on the ruins of babylon isaiah xiii","Marc Chagall","Naive Art Primitivism","data/archive/Naive_Art_Primitivism/marc-chagall_isaiah-s-oracle-on-the-ruins-of-babylon-isaiah-xiii.jpg"
"marc-chagall_jacob-wrestling-with-the-angel-6","Jacob wrestling with the angel 6","Marc Chagall","Naive Art Primitivism","data/archive/Naive_Art_Primitivism/marc-chagall_jacob-wrestling-with-the-angel-6.jpg"
"marc-chagall_joseph-explains-the-dreams-of-pharaoh-genesis-xli-25-28-32-1931","Joseph explains the dreams of pharaoh genesis xli 25 28 32 1931","Marc Chagall","Naive Art Primitivism","data/archive/Naive_Art_Primitivism/marc-chagall_joseph-explains-the-dreams-of-pharaoh-genesis-xli-25-28-32-1931.jpg"
"marc-chagall_king-david-1974","King david 1974","Marc Chagall","Naive Art Primitivism","data/archive/Naive_Art_Primitivism/marc-chagall_king-david-1974.jpg"
"marc-chagall_lovers-with-bouquet-under-the-trees-1957","Lovers with bouquet under the trees 1957","Marc Chagall","Naive Art Primitivism","data/archive/Naive_Art_Primitivism/marc-chagall_lovers-with-bouquet-under-the-trees-1957.jpg"
"marc-chagall_morning-tea","Morning tea","Marc Chagall","Naive Art Primitivism","data/archive/Naive_Art_Primitivism/marc-chagall_morning-tea.jpg"
"marc-chagall_moses-called-the-elders-and-presents-tablets-of-law-1966","Moses called the elders and presents tablets of law 1966","Marc Chagall","Naive Art Primitivism","data/archive/Naive_Art_Primitivism/marc-chagall_moses-called-the-elders-and-presents-tablets-of-law-1966.jpg"
"marc-chagall_moses-receiving-the-tablets-of-law-1966","Moses receiving the tablets of law 1966","Marc Chagall","Naive Art Primitivism","data/archive/Naive_Art_Primitivism/marc-chagall_moses-receiving-the-tablets-of-law-1966.jpg"
"marc-chagall_moses-with-the-burning-bush-3","Moses with the burning bush 3","Marc Chagall","Naive Art Primitivism","data/archive/Naive_Art_Primitivism/marc-chagall_moses-with-the-burning-bush-3.jpg"
"marc-chagall_near-gibeon-joshua-to-give-his-troops-time-to-gain-the-victory-stops-the-sun-joshua-x-12-14","Near gibeon joshua to give his troops time to gain the victory stops the sun joshua x 12 14","Marc Chagall","Naive Art Primitivism","data/archive/Naive_Art_Primitivism/marc-chagall_near-gibeon-joshua-to-give-his-troops-time-to-gain-the-victory-stops-the-sun-joshua-x-12-14.jpg"
"marc-chagall_nozdriov","Nozdriov","Marc Chagall","Naive Art Primitivism","data/archive/Naive_Art_Primitivism/marc-chagall_nozdriov.jpg"
"marc-chagall_peonies-and-lilacs-1926","Peonies and lilacs 1926","Marc Chagall","Naive Art Primitivism","data/archive/Naive_Art_Primitivism/marc-chagall_peonies-and-lilacs-1926.jpg"
"marc-chagall_proshka","Proshka","Marc Chagall","Naive Art Primitivism","data/archive/Naive_Art_Primitivism/marc-chagall_proshka.jpg"
"marc-chagall_ruth-at-the-feet-of-boaz-1960","Ruth at the feet of boaz 1960","Marc Chagall","Naive Art Primitivism","data/archive/Naive_Art_Primitivism/marc-chagall_ruth-at-the-feet-of-boaz-1960.jpg"
"marc-chagall_shop-1914","Shop 1914","Marc Chagall","Naive Art Primitivism","data/archive/Naive_Art_Primitivism/marc-chagall_shop-1914.jpg"
"marc-chagall_still-life-with-vase-of-flowers","Still life with vase of flowers","Marc Chagall","Naive Art Primitivism","data/archive/Naive_Art_Primitivism/marc-chagall_still-life-with-vase-of-flowers.jpg"
"marc-chagall_study-to-the-jacob-s-dream-2","Study to the jacob s dream 2","Marc Chagall","Naive Art Primitivism","data/archive/Naive_Art_Primitivism/marc-chagall_study-to-the-jacob-s-dream-2.jpg"
"marc-chagall_tchitchikov-s-arrival-to-town-n","Tchitchikov s arrival to town n","Marc Chagall","Naive Art Primitivism","data/archive/Naive_Art_Primitivism/marc-chagall_tchitchikov-s-arrival-to-town-n.jpg"
"marc-chagall_the-blue-nymph-1962","The blue nymph 1962","Marc Chagall","Naive Art Primitivism","data/archive/Naive_Art_Primitivism/marc-chagall_the-blue-nymph-1962.jpg"
"marc-chagall_the-creation-of-man-3","The creation of man 3","Marc Chagall","Naive Art Primitivism","data/archive/Naive_Art_Primitivism/marc-chagall_the-creation-of-man-3.jpg"
"marc-chagall_the-face-of-israel-1960","The face of israel 1960","Marc Chagall","Naive Art Primitivism","data/archive/Naive_Art_Primitivism/marc-chagall_the-face-of-israel-1960.jpg"
"marc-chagall_the-israelites-which-have-gone-from-egypt-with-angel-of-death-are-eating-the-easter-lamb-exodus","The israelites which have gone from egypt with angel of death are eating the easter lamb exodus","Marc Chagall","Naive Art Primitivism","data/archive/Naive_Art_Primitivism/marc-chagall_the-israelites-which-have-gone-from-egypt-with-angel-of-death-are-eating-the-easter-lamb-exodus.jpg"
"marc-chagall_the-mosaic-the-prophet-elijah-in-the-garden-of-marc-chagall-museum-in-nice-1970","The mosaic the prophet elijah in the garden of marc chagall museum in nice 1970","Marc Chagall","Naive Art Primitivism","data/archive/Naive_Art_Primitivism/marc-chagall_the-mosaic-the-prophet-elijah-in-the-garden-of-marc-chagall-museum-in-nice-1970.jpg"
"marc-chagall_the-sacrifice-offered-by-elijah-is-consumed-by-the-fire-from-the-lord-i-kings-xviii-36-38","The sacrifice offered by elijah is consumed by the fire from the lord i kings xviii 36 38","Marc Chagall","Naive Art Primitivism","data/archive/Naive_Art_Primitivism/marc-chagall_the-sacrifice-offered-by-elijah-is-consumed-by-the-fire-from-the-lord-i-kings-xviii-36-38.jpg"
"marc-chagall_the-tribe-of-benjamin-stained-glass-window-for-the-synagogue-of-the-hadassh-hebrew-university-1962","The tribe of benjamin stained glass window for the synagogue of the hadassh hebrew university 1962","Marc Chagall","Naive Art Primitivism","data/archive/Naive_Art_Primitivism/marc-chagall_the-tribe-of-benjamin-stained-glass-window-for-the-synagogue-of-the-hadassh-hebrew-university-1962.jpg"
"marc-chagall_title-page-angel-1956","Title page angel 1956","Marc Chagall","Naive Art Primitivism","data/archive/Naive_Art_Primitivism/marc-chagall_title-page-angel-1956.jpg"
"marc-chagall_view-from-a-window-vitebsk","View from a window vitebsk","Marc Chagall","Naive Art Primitivism","data/archive/Naive_Art_Primitivism/marc-chagall_view-from-a-window-vitebsk.jpg"
"marc-chagall_window-vitebsk-1908","Window vitebsk 1908","Marc Chagall","Naive Art Primitivism","data/archive/Naive_Art_Primitivism/marc-chagall_window-vitebsk-1908.jpg"
"maria-primachenko_beaver-1979","Beaver 1979","Maria Primachenko","Naive Art Primitivism","data/archive/Naive_Art_Primitivism/maria-primachenko_beaver-1979.jpg"
"maria-primachenko_fairy-bird-peacock-1936","Fairy bird peacock 1936","Maria Primachenko","Naive Art Primitivism","data/archive/Naive_Art_Primitivism/maria-primachenko_fairy-bird-peacock-1936.jpg"
"maria-primachenko_let-us-go-to-the-betrothal-party-1968","Let us go to the betrothal party 1968","Maria Primachenko","Naive Art Primitivism","data/archive/Naive_Art_Primitivism/maria-primachenko_let-us-go-to-the-betrothal-party-1968.jpg"
"maria-primachenko_my-flowers-to-those-who-love-peace-1983","My flowers to those who love peace 1983","Maria Primachenko","Naive Art Primitivism","data/archive/Naive_Art_Primitivism/maria-primachenko_my-flowers-to-those-who-love-peace-1983.jpg"
"maria-primachenko_stars-1978","Stars 1978","Maria Primachenko","Naive Art Primitivism","data/archive/Naive_Art_Primitivism/maria-primachenko_stars-1978.jpg"
"maria-primachenko_two-blue-tomties-two-sisters-walk-on-the-grass-1982","Two blue tomties two sisters walk on the grass 1982","Maria Primachenko","Naive Art Primitivism","data/archive/Naive_Art_Primitivism/maria-primachenko_two-blue-tomties-two-sisters-walk-on-the-grass-1982.jpg"
"maria-primachenko_wild-bull-and-raven-are-friends-1983","Wild bull and raven are friends 1983","Maria Primachenko","Naive Art Primitivism","data/archive/Naive_Art_Primitivism/maria-primachenko_wild-bull-and-raven-are-friends-1983.jpg"
"martiros-saryan_illustration-to-armenian-folk-tales-1937-10","Illustration to armenian folk tales 1937 10","Martiros Saryan","Naive Art Primitivism","data/archive/Naive_Art_Primitivism/martiros-saryan_illustration-to-armenian-folk-tales-1937-10.jpg"
"martiros-saryan_the-emblem-of-the-union-of-armenian-artists-1916","The emblem of the union of armenian artists 1916","Martiros Saryan","Naive Art Primitivism","data/archive/Naive_Art_Primitivism/martiros-saryan_the-emblem-of-the-union-of-armenian-artists-1916.jpg"
"maurice-prendergast_gloucester-park","Gloucester park","Maurice Prendergast","Naive Art Primitivism","data/archive/Naive_Art_Primitivism/maurice-prendergast_gloucester-park.jpg"
"menez_sem-t-tulo-1988","Sem t tulo 1988","Menez","Naive Art Primitivism","data/archive/Naive_Art_Primitivism/menez_sem-t-tulo-1988.jpg"
"mstislav-dobuzhinsky_kelm-gates-of-estate-1934","Kelm gates of estate 1934","Mstislav Dobuzhinsky","Naive Art Primitivism","data/archive/Naive_Art_Primitivism/mstislav-dobuzhinsky_kelm-gates-of-estate-1934.jpg"
"natalia-goncharova_peasant-women","Peasant women","Natalia Goncharova","Naive Art Primitivism","data/archive/Naive_Art_Primitivism/natalia-goncharova_peasant-women.jpg"
"niki-de-sainte-phalle_red-sun-1990","Red sun 1990","Niki De Sainte Phalle","Naive Art Primitivism","data/archive/Naive_Art_Primitivism/niki-de-sainte-phalle_red-sun-1990.jpg"
"niko-pirosmani_arsenalskaya-mountain-at-night-1908","Arsenalskaya mountain at night 1908","Niko Pirosmani","Naive Art Primitivism","data/archive/Naive_Art_Primitivism/niko-pirosmani_arsenalskaya-mountain-at-night-1908.jpg"
"niko-pirosmani_company-bego(5)","Company bego(5)","Niko Pirosmani","Naive Art Primitivism","data/archive/Naive_Art_Primitivism/niko-pirosmani_company-bego(5).jpg"
"niko-pirosmani_easter","Easter","Niko Pirosmani","Naive Art Primitivism","data/archive/Naive_Art_Primitivism/niko-pirosmani_easter.jpg"
"niko-pirosmani_girl-with-a-baloon","Girl with a baloon","Niko Pirosmani","Naive Art Primitivism","data/archive/Naive_Art_Primitivism/niko-pirosmani_girl-with-a-baloon.jpg"
"niko-pirosmani_kakheti-wine-kardanah(1)","Kakheti wine kardanah(1)","Niko Pirosmani","Naive Art Primitivism","data/archive/Naive_Art_Primitivism/niko-pirosmani_kakheti-wine-kardanah(1).jpg"
"niko-pirosmani_portrait-of-a-railway-worker-misha-meheteli","Portrait of a railway worker misha meheteli","Niko Pirosmani","Naive Art Primitivism","data/archive/Naive_Art_Primitivism/niko-pirosmani_portrait-of-a-railway-worker-misha-meheteli.jpg"
"niko-pirosmani_rich-merchant","Rich merchant","Niko Pirosmani","Naive Art Primitivism","data/archive/Naive_Art_Primitivism/niko-pirosmani_rich-merchant.jpg"
"niko-pirosmani_shota-rustaveli-and-queen-tamar-1915","Shota rustaveli and queen tamar 1915","Niko Pirosmani","Naive Art Primitivism","data/archive/Naive_Art_Primitivism/niko-pirosmani_shota-rustaveli-and-queen-tamar-1915.jpg"
"niko-pirosmani_still-life","Still life","Niko Pirosmani","Naive Art Primitivism","data/archive/Naive_Art_Primitivism/niko-pirosmani_still-life.jpg"
"niko-pirosmani_threshing-yard-evening","Threshing yard evening","Niko Pirosmani","Naive Art Primitivism","data/archive/Naive_Art_Primitivism/niko-pirosmani_threshing-yard-evening.jpg"
"niko-pirosmani_women-carrying-eggs-extant-part-of-the-painting","Women carrying eggs extant part of the painting","Niko Pirosmani","Naive Art Primitivism","data/archive/Naive_Art_Primitivism/niko-pirosmani_women-carrying-eggs-extant-part-of-the-painting.jpg"
"otto-gustav-carlsund_dresdens-spektrum-dresdens-hj-rta-1922","Dresdens spektrum dresdens hj rta 1922","Otto Gustav Carlsund","Naive Art Primitivism","data/archive/Naive_Art_Primitivism/otto-gustav-carlsund_dresdens-spektrum-dresdens-hj-rta-1922.jpg"
"pablo-picasso_bust-of-woman-1906","Bust of woman 1906","Pablo Picasso","Naive Art Primitivism","data/archive/Naive_Art_Primitivism/pablo-picasso_bust-of-woman-1906.jpg"
"pablo-picasso_head-of-a-girl-1950","Head of a girl 1950","Pablo Picasso","Naive Art Primitivism","data/archive/Naive_Art_Primitivism/pablo-picasso_head-of-a-girl-1950.jpg"
"pablo-picasso_man-and-woman-1958","Man and woman 1958","Pablo Picasso","Naive Art Primitivism","data/archive/Naive_Art_Primitivism/pablo-picasso_man-and-woman-1958.jpg"
"pablo-picasso_plat-ovale-1953","Plat ovale 1953","Pablo Picasso","Naive Art Primitivism","data/archive/Naive_Art_Primitivism/pablo-picasso_plat-ovale-1953.jpg"
"pablo-picasso_untitled-1937-2","Untitled 1937 2","Pablo Picasso","Naive Art Primitivism","data/archive/Naive_Art_Primitivism/pablo-picasso_untitled-1937-2.jpg"
"radi-nedelchev_not-from-earth-1973","Not from earth 1973","Radi Nedelchev","Naive Art Primitivism","data/archive/Naive_Art_Primitivism/radi-nedelchev_not-from-earth-1973.jpg"
"raoul-dufy_casino-of-nice-1927","Casino of nice 1927","Raoul Dufy","Naive Art Primitivism","data/archive/Naive_Art_Primitivism/raoul-dufy_casino-of-nice-1927.jpg"
"raoul-dufy_oarsmen-on-the-marne-1925","Oarsmen on the marne 1925","Raoul Dufy","Naive Art Primitivism","data/archive/Naive_Art_Primitivism/raoul-dufy_oarsmen-on-the-marne-1925.jpg"
"raoul-dufy_the-mexican-musicians","The mexican musicians","Raoul Dufy","Naive Art Primitivism","data/archive/Naive_Art_Primitivism/raoul-dufy_the-mexican-musicians.jpg"
"salvador-dali_el-escorial-and-catastrophe-form-calligraphy","El escorial and catastrophe form calligraphy","Salvador Dali","Naive Art Primitivism","data/archive/Naive_Art_Primitivism/salvador-dali_el-escorial-and-catastrophe-form-calligraphy.jpg"
"seraphine-louis_unknown-title-5","Unknown title 5","Seraphine Louis","Naive Art Primitivism","data/archive/Naive_Art_Primitivism/seraphine-louis_unknown-title-5.jpg"
"tarsila-do-amaral_floresta","Floresta","Tarsila Do Amaral","Naive Art Primitivism","data/archive/Naive_Art_Primitivism/tarsila-do-amaral_floresta.jpg"
"tarsila-do-amaral_self-portrait","Self portrait","Tarsila Do Amaral","Naive Art Primitivism","data/archive/Naive_Art_Primitivism/tarsila-do-amaral_self-portrait.jpg"
"viorel-marginean_the-winter-1993","The winter 1993","Viorel Marginean","Naive Art Primitivism","data/archive/Naive_Art_Primitivism/viorel-marginean_the-winter-1993.jpg"
"william-h.-johnson_blind-singer-street-musicians-1940","Blind singer street musicians 1940","William H. Johnson","Naive Art Primitivism","data/archive/Naive_Art_Primitivism/william-h.-johnson_blind-singer-street-musicians-1940.jpg"
"william-h.-johnson_farewell-1942","Farewell 1942","William H. Johnson","Naive Art Primitivism","data/archive/Naive_Art_Primitivism/william-h.-johnson_farewell-1942.jpg"
"william-h.-johnson_lamentation-1944(1)","Lamentation 1944(1)","William H. Johnson","Naive Art Primitivism","data/archive/Naive_Art_Primitivism/william-h.-johnson_lamentation-1944(1).jpg"
"william-h.-johnson_operation-room-1942(1)","Operation room 1942(1)","William H. Johnson","Naive Art Primitivism","data/archive/Naive_Art_Primitivism/william-h.-johnson_operation-room-1942(1).jpg"
"yiannis-tsaroychis_eros-on-the-cross-and-stella-violandi-1989","Eros on the cross and stella violandi 1989","Yiannis Tsaroychis","Naive Art Primitivism","data/archive/Naive_Art_Primitivism/yiannis-tsaroychis_eros-on-the-cross-and-stella-violandi-1989.jpg"
"edward-hopper_american-village","American village","Edward Hopper","New Realism","data/archive/New_Realism/edward-hopper_american-village.jpg"
"edward-hopper_corn-hill","Corn hill","Edward Hopper","New Realism","data/archive/New_Realism/edward-hopper_corn-hill.jpg"
"edward-hopper_gloucester-harbor","Gloucester harbor","Edward Hopper","New Realism","data/archive/New_Realism/edward-hopper_gloucester-harbor.jpg"
"edward-hopper_moonlight-interior","Moonlight interior","Edward Hopper","New Realism","data/archive/New_Realism/edward-hopper_moonlight-interior.jpg"
"edward-hopper_paris-street","Paris street","Edward Hopper","New Realism","data/archive/New_Realism/edward-hopper_paris-street.jpg"
"edward-hopper_shakespeare-at-dusk","Shakespeare at dusk","Edward Hopper","New Realism","data/archive/New_Realism/edward-hopper_shakespeare-at-dusk.jpg"
"edward-hopper_the-camel-s-hump","The camel s hump","Edward Hopper","New Realism","data/archive/New_Realism/edward-hopper_the-camel-s-hump.jpg"
"edward-hopper_woman-in-the-sun","Woman in the sun","Edward Hopper","New Realism","data/archive/New_Realism/edward-hopper_woman-in-the-sun.jpg"
"george-luks_flyweight-champion-of-jumel-place-1920","Flyweight champion of jumel place 1920","George Luks","New Realism","data/archive/New_Realism/george-luks_flyweight-champion-of-jumel-place-1920.jpg"
"george-luks_portrait-of-a-young-girl-antoinette-kraushaar","Portrait of a young girl antoinette kraushaar","George Luks","New Realism","data/archive/New_Realism/george-luks_portrait-of-a-young-girl-antoinette-kraushaar.jpg"
"john-french-sloan_boy-with-piccolo-1904","Boy with piccolo 1904","John French Sloan","New Realism","data/archive/New_Realism/john-french-sloan_boy-with-piccolo-1904.jpg"
"john-french-sloan_evening-arroyo","Evening arroyo","John French Sloan","New Realism","data/archive/New_Realism/john-french-sloan_evening-arroyo.jpg"
"john-french-sloan_humoresque-1915","Humoresque 1915","John French Sloan","New Realism","data/archive/New_Realism/john-french-sloan_humoresque-1915.jpg"
"john-french-sloan_nude-with-red-hand-mirror-1950","Nude with red hand mirror 1950","John French Sloan","New Realism","data/archive/New_Realism/john-french-sloan_nude-with-red-hand-mirror-1950.jpg"
"john-french-sloan_self-portrait-1890","Self portrait 1890","John French Sloan","New Realism","data/archive/New_Realism/john-french-sloan_self-portrait-1890.jpg"
"john-french-sloan_the-cot-1907","The cot 1907","John French Sloan","New Realism","data/archive/New_Realism/john-french-sloan_the-cot-1907.jpg"
"michael-bell_getaway-car-2009","Getaway car 2009","Michael Bell","New Realism","data/archive/New_Realism/michael-bell_getaway-car-2009.jpg"
"william-james-glackens_dancer-in-a-pink-dress-1902","Dancer in a pink dress 1902","William James Glackens","New Realism","data/archive/New_Realism/william-james-glackens_dancer-in-a-pink-dress-1902.jpg"
"william-james-glackens_the-drive-central-park-1905","The drive central park 1905","William James Glackens","New Realism","data/archive/New_Realism/william-james-glackens_the-drive-central-park-1905.jpg"
"yiannis-tsaroychis_reclining-nude","Reclining nude","Yiannis Tsaroychis","New Realism","data/archive/New_Realism/yiannis-tsaroychis_reclining-nude.jpg"
"albrecht-altdorfer_communion-of-the-apostles-1518","Communion of the apostles 1518","Albrecht Altdorfer","Northern Renaissance","data/archive/Northern_Renaissance/albrecht-altdorfer_communion-of-the-apostles-1518.jpg"
"albrecht-altdorfer_landscape-with-satyrfamilie-1507","Landscape with satyrfamilie 1507","Albrecht Altdorfer","Northern Renaissance","data/archive/Northern_Renaissance/albrecht-altdorfer_landscape-with-satyrfamilie-1507.jpg"
"albrecht-altdorfer_passion-of-christ-2","Passion of christ 2","Albrecht Altdorfer","Northern Renaissance","data/archive/Northern_Renaissance/albrecht-altdorfer_passion-of-christ-2.jpg"
"albrecht-altdorfer_the-battle-of-issus-fragment-1529-10","The battle of issus fragment 1529 10","Albrecht Altdorfer","Northern Renaissance","data/archive/Northern_Renaissance/albrecht-altdorfer_the-battle-of-issus-fragment-1529-10.jpg"
"albrecht-altdorfer_the-flagellation-of-christ-1518","The flagellation of christ 1518","Albrecht Altdorfer","Northern Renaissance","data/archive/Northern_Renaissance/albrecht-altdorfer_the-flagellation-of-christ-1518.jpg"
"albrecht-durer_abduction","Abduction","Albrecht Durer","Northern Renaissance","data/archive/Northern_Renaissance/albrecht-durer_abduction.jpg"
"albrecht-durer_albrecht-durer-s-father-1497","Albrecht durer s father 1497","Albrecht Durer","Northern Renaissance","data/archive/Northern_Renaissance/albrecht-durer_albrecht-durer-s-father-1497.jpg"
"albrecht-durer_apollo","Apollo","Albrecht Durer","Northern Renaissance","data/archive/Northern_Renaissance/albrecht-durer_apollo.jpg"
"albrecht-durer_bacchanal-with-silenus","Bacchanal with silenus","Albrecht Durer","Northern Renaissance","data/archive/Northern_Renaissance/albrecht-durer_bacchanal-with-silenus.jpg"
"albrecht-durer_cardinal-albrecht-of-brandenburg-the-small-cardina-1519","Cardinal albrecht of brandenburg the small cardina 1519","Albrecht Durer","Northern Renaissance","data/archive/Northern_Renaissance/albrecht-durer_cardinal-albrecht-of-brandenburg-the-small-cardina-1519.jpg"
"albrecht-durer_christ-at-the-cross-1497","Christ at the cross 1497","Albrecht Durer","Northern Renaissance","data/archive/Northern_Renaissance/albrecht-durer_christ-at-the-cross-1497.jpg"
"albrecht-durer_christ-crowned-with-thorns","Christ crowned with thorns","Albrecht Durer","Northern Renaissance","data/archive/Northern_Renaissance/albrecht-durer_christ-crowned-with-thorns.jpg"
"albrecht-durer_christ-on-the-mount-of-olives-4","Christ on the mount of olives 4","Albrecht Durer","Northern Renaissance","data/archive/Northern_Renaissance/albrecht-durer_christ-on-the-mount-of-olives-4.jpg"
"albrecht-durer_conversion-of-paul","Conversion of paul","Albrecht Durer","Northern Renaissance","data/archive/Northern_Renaissance/albrecht-durer_conversion-of-paul.jpg"
"albrecht-durer_death-and-the-landsknecht-1510","Death and the landsknecht 1510","Albrecht Durer","Northern Renaissance","data/archive/Northern_Renaissance/albrecht-durer_death-and-the-landsknecht-1510.jpg"
"albrecht-durer_doss-trento","Doss trento","Albrecht Durer","Northern Renaissance","data/archive/Northern_Renaissance/albrecht-durer_doss-trento.jpg"
"albrecht-durer_erasmo-de-rotterdam-1520","Erasmo de rotterdam 1520","Albrecht Durer","Northern Renaissance","data/archive/Northern_Renaissance/albrecht-durer_erasmo-de-rotterdam-1520.jpg"
"albrecht-durer_five-male-nudes-1526","Five male nudes 1526","Albrecht Durer","Northern Renaissance","data/archive/Northern_Renaissance/albrecht-durer_five-male-nudes-1526.jpg"
"albrecht-durer_handestudien","Handestudien","Albrecht Durer","Northern Renaissance","data/archive/Northern_Renaissance/albrecht-durer_handestudien.jpg"
"albrecht-durer_head-of-a-walrus-1521","Head of a walrus 1521","Albrecht Durer","Northern Renaissance","data/archive/Northern_Renaissance/albrecht-durer_head-of-a-walrus-1521.jpg"
"albrecht-durer_head-of-the-twelve-year-old-christ","Head of the twelve year old christ","Albrecht Durer","Northern Renaissance","data/archive/Northern_Renaissance/albrecht-durer_head-of-the-twelve-year-old-christ.jpg"
"albrecht-durer_illustration-to-revelationes-sancte-birgitte-1500-1","Illustration to revelationes sancte birgitte 1500 1","Albrecht Durer","Northern Renaissance","data/archive/Northern_Renaissance/albrecht-durer_illustration-to-revelationes-sancte-birgitte-1500-1.jpg"
"albrecht-durer_king-david-does-repentance","King david does repentance","Albrecht Durer","Northern Renaissance","data/archive/Northern_Renaissance/albrecht-durer_king-david-does-repentance.jpg"
"albrecht-durer_lectern-with-books","Lectern with books","Albrecht Durer","Northern Renaissance","data/archive/Northern_Renaissance/albrecht-durer_lectern-with-books.jpg"
"albrecht-durer_madonna-and-child-on-the-grassy-bank-1","Madonna and child on the grassy bank 1","Albrecht Durer","Northern Renaissance","data/archive/Northern_Renaissance/albrecht-durer_madonna-and-child-on-the-grassy-bank-1.jpg"
"albrecht-durer_madonna-with-the-many-animals-1503","Madonna with the many animals 1503","Albrecht Durer","Northern Renaissance","data/archive/Northern_Renaissance/albrecht-durer_madonna-with-the-many-animals-1503.jpg"
"albrecht-durer_man-of-sorrows-with-hands-bound-1512","Man of sorrows with hands bound 1512","Albrecht Durer","Northern Renaissance","data/archive/Northern_Renaissance/albrecht-durer_man-of-sorrows-with-hands-bound-1512.jpg"
"albrecht-durer_mary-with-child-wound-on-the-grassy-bank","Mary with child wound on the grassy bank","Albrecht Durer","Northern Renaissance","data/archive/Northern_Renaissance/albrecht-durer_mary-with-child-wound-on-the-grassy-bank.jpg"
"albrecht-durer_nymph","Nymph","Albrecht Durer","Northern Renaissance","data/archive/Northern_Renaissance/albrecht-durer_nymph.jpg"
"albrecht-durer_paumgartner-altar","Paumgartner altar","Albrecht Durer","Northern Renaissance","data/archive/Northern_Renaissance/albrecht-durer_paumgartner-altar.jpg"
"albrecht-durer_portrait-of-a-cleric-1516","Portrait of a cleric 1516","Albrecht Durer","Northern Renaissance","data/archive/Northern_Renaissance/albrecht-durer_portrait-of-a-cleric-1516.jpg"
"albrecht-durer_portrait-of-a-twenty-four-men-and-a-view-of-st-michael-in-antwerp","Portrait of a twenty four men and a view of st michael in antwerp","Albrecht Durer","Northern Renaissance","data/archive/Northern_Renaissance/albrecht-durer_portrait-of-a-twenty-four-men-and-a-view-of-st-michael-in-antwerp.jpg"
"albrecht-durer_portrait-of-an-unknown-man-1520","Portrait of an unknown man 1520","Albrecht Durer","Northern Renaissance","data/archive/Northern_Renaissance/albrecht-durer_portrait-of-an-unknown-man-1520.jpg"
"albrecht-durer_portrait-of-emperor-maximilian-i-1519","Portrait of emperor maximilian i 1519","Albrecht Durer","Northern Renaissance","data/archive/Northern_Renaissance/albrecht-durer_portrait-of-emperor-maximilian-i-1519.jpg"
"albrecht-durer_portrait-of-lucas-cranach-the-elder","Portrait of lucas cranach the elder","Albrecht Durer","Northern Renaissance","data/archive/Northern_Renaissance/albrecht-durer_portrait-of-lucas-cranach-the-elder.jpg"
"albrecht-durer_portrait-of-william-pirckheimer-1503","Portrait of william pirckheimer 1503","Albrecht Durer","Northern Renaissance","data/archive/Northern_Renaissance/albrecht-durer_portrait-of-william-pirckheimer-1503.jpg"
"albrecht-durer_rhinoceros","Rhinoceros","Albrecht Durer","Northern Renaissance","data/archive/Northern_Renaissance/albrecht-durer_rhinoceros.jpg"
"albrecht-durer_sebastian-brant","Sebastian brant","Albrecht Durer","Northern Renaissance","data/archive/Northern_Renaissance/albrecht-durer_sebastian-brant.jpg"
"albrecht-durer_society-on-horseback","Society on horseback","Albrecht Durer","Northern Renaissance","data/archive/Northern_Renaissance/albrecht-durer_society-on-horseback.jpg"
"albrecht-durer_st-christopher-facing-to-the-left-1521","St christopher facing to the left 1521","Albrecht Durer","Northern Renaissance","data/archive/Northern_Renaissance/albrecht-durer_st-christopher-facing-to-the-left-1521.jpg"
"albrecht-durer_st-jerome-penitent-in-the-wilderness","St jerome penitent in the wilderness","Albrecht Durer","Northern Renaissance","data/archive/Northern_Renaissance/albrecht-durer_st-jerome-penitent-in-the-wilderness.jpg"
"albrecht-durer_st-peter","St peter","Albrecht Durer","Northern Renaissance","data/archive/Northern_Renaissance/albrecht-durer_st-peter.jpg"
"albrecht-durer_studies-on-a-great-picture-of-mary-head-with-curly-hair-angel","Studies on a great picture of mary head with curly hair angel","Albrecht Durer","Northern Renaissance","data/archive/Northern_Renaissance/albrecht-durer_studies-on-a-great-picture-of-mary-head-with-curly-hair-angel.jpg"
"albrecht-durer_study-of-hands-1506","Study of hands 1506","Albrecht Durer","Northern Renaissance","data/archive/Northern_Renaissance/albrecht-durer_study-of-hands-1506.jpg"
"albrecht-durer_suicide-of-lucretia-1518","Suicide of lucretia 1518","Albrecht Durer","Northern Renaissance","data/archive/Northern_Renaissance/albrecht-durer_suicide-of-lucretia-1518.jpg"
"albrecht-durer_the-apostles-philip-and-james-1516","The apostles philip and james 1516","Albrecht Durer","Northern Renaissance","data/archive/Northern_Renaissance/albrecht-durer_the-apostles-philip-and-james-1516.jpg"
"albrecht-durer_the-congress-and-double-betrothal-at-vienna-from-the-triumphal-arch-of-maximilian-i","The congress and double betrothal at vienna from the triumphal arch of maximilian i","Albrecht Durer","Northern Renaissance","data/archive/Northern_Renaissance/albrecht-durer_the-congress-and-double-betrothal-at-vienna-from-the-triumphal-arch-of-maximilian-i.jpg"
"albrecht-durer_the-desperate-man-1515","The desperate man 1515","Albrecht Durer","Northern Renaissance","data/archive/Northern_Renaissance/albrecht-durer_the-desperate-man-1515.jpg"
"albrecht-durer_the-good-thief","The good thief","Albrecht Durer","Northern Renaissance","data/archive/Northern_Renaissance/albrecht-durer_the-good-thief.jpg"
"albrecht-durer_the-holy-kinship-and-two-musical-angels","The holy kinship and two musical angels","Albrecht Durer","Northern Renaissance","data/archive/Northern_Renaissance/albrecht-durer_the-holy-kinship-and-two-musical-angels.jpg"
"albrecht-durer_the-large-horse-1509","The large horse 1509","Albrecht Durer","Northern Renaissance","data/archive/Northern_Renaissance/albrecht-durer_the-large-horse-1509.jpg"
"albrecht-durer_the-penitent-1510","The penitent 1510","Albrecht Durer","Northern Renaissance","data/archive/Northern_Renaissance/albrecht-durer_the-penitent-1510.jpg"
"albrecht-durer_the-small-triumphal-car-or-the-burgundian-marriage","The small triumphal car or the burgundian marriage","Albrecht Durer","Northern Renaissance","data/archive/Northern_Renaissance/albrecht-durer_the-small-triumphal-car-or-the-burgundian-marriage.jpg"
"albrecht-durer_the-woman-clothed-with-the-sun-and-the-seven-headed-dragon-1511","The woman clothed with the sun and the seven headed dragon 1511","Albrecht Durer","Northern Renaissance","data/archive/Northern_Renaissance/albrecht-durer_the-woman-clothed-with-the-sun-and-the-seven-headed-dragon-1511.jpg"
"albrecht-durer_two-castles","Two castles","Albrecht Durer","Northern Renaissance","data/archive/Northern_Renaissance/albrecht-durer_two-castles.jpg"
"albrecht-durer_virgin-mary-suckling-the-christ-child-1512","Virgin mary suckling the christ child 1512","Albrecht Durer","Northern Renaissance","data/archive/Northern_Renaissance/albrecht-durer_virgin-mary-suckling-the-christ-child-1512.jpg"
"albrecht-durer_young-man-1507","Young man 1507","Albrecht Durer","Northern Renaissance","data/archive/Northern_Renaissance/albrecht-durer_young-man-1507.jpg"
"bernhard-strigel_maximilian-i-1459-1519","Maximilian i 1459 1519","Bernhard Strigel","Northern Renaissance","data/archive/Northern_Renaissance/bernhard-strigel_maximilian-i-1459-1519.jpg"
"bernhard-strigel_the-eight-children-konrad-rehlinger","The eight children konrad rehlinger","Bernhard Strigel","Northern Renaissance","data/archive/Northern_Renaissance/bernhard-strigel_the-eight-children-konrad-rehlinger.jpg"
"dirk-bouts_mary-and-child","Mary and child","Dirk Bouts","Northern Renaissance","data/archive/Northern_Renaissance/dirk-bouts_mary-and-child.jpg"
"dirk-bouts_the-feast-of-the-passover-from-the-winged-altar-in-st-peter-in-leuven","The feast of the passover from the winged altar in st peter in leuven","Dirk Bouts","Northern Renaissance","data/archive/Northern_Renaissance/dirk-bouts_the-feast-of-the-passover-from-the-winged-altar-in-st-peter-in-leuven.jpg"
"gerard-david_a-rest-during-the-flight-to-egypt","A rest during the flight to egypt","Gerard David","Northern Renaissance","data/archive/Northern_Renaissance/gerard-david_a-rest-during-the-flight-to-egypt.jpg"
"gerard-david_roman-soldiers-and-jewish-judges-left-wing-from-the-triptych-of-the-crucifixion","Roman soldiers and jewish judges left wing from the triptych of the crucifixion","Gerard David","Northern Renaissance","data/archive/Northern_Renaissance/gerard-david_roman-soldiers-and-jewish-judges-left-wing-from-the-triptych-of-the-crucifixion.jpg"
"gerard-david_the-marriage-at-cana-detail","The marriage at cana detail","Gerard David","Northern Renaissance","data/archive/Northern_Renaissance/gerard-david_the-marriage-at-cana-detail.jpg"
"gerard-david_triptych-of-the-sedano-family","Triptych of the sedano family","Gerard David","Northern Renaissance","data/archive/Northern_Renaissance/gerard-david_triptych-of-the-sedano-family.jpg"
"hans-baldung_aristotle-and-phyllis","Aristotle and phyllis","Hans Baldung","Northern Renaissance","data/archive/Northern_Renaissance/hans-baldung_aristotle-and-phyllis.jpg"
"hans-baldung_grien-in-the-church-st-george-gutach-bleienbach","Grien in the church st george gutach bleienbach","Hans Baldung","Northern Renaissance","data/archive/Northern_Renaissance/hans-baldung_grien-in-the-church-st-george-gutach-bleienbach.jpg"
"hans-baldung_madonna-with-the-parrots-1533","Madonna with the parrots 1533","Hans Baldung","Northern Renaissance","data/archive/Northern_Renaissance/hans-baldung_madonna-with-the-parrots-1533.jpg"
"hans-baldung_portrait-of-ludwig-graf-zu-loewenstein-1513","Portrait of ludwig graf zu loewenstein 1513","Hans Baldung","Northern Renaissance","data/archive/Northern_Renaissance/hans-baldung_portrait-of-ludwig-graf-zu-loewenstein-1513.jpg"
"hans-baldung_the-creation-of-the-men-and-animals-1532","The creation of the men and animals 1532","Hans Baldung","Northern Renaissance","data/archive/Northern_Renaissance/hans-baldung_the-creation-of-the-men-and-animals-1532.jpg"
"hans-baldung_two-witches-1523","Two witches 1523","Hans Baldung","Northern Renaissance","data/archive/Northern_Renaissance/hans-baldung_two-witches-1523.jpg"
"hans-holbein-the-younger_death-and-the-abbott","Death and the abbott","Hans Holbein The Younger","Northern Renaissance","data/archive/Northern_Renaissance/hans-holbein-the-younger_death-and-the-abbott.jpg"
"hans-holbein-the-younger_erasmus-of-rotterdam","Erasmus of rotterdam","Hans Holbein The Younger","Northern Renaissance","data/archive/Northern_Renaissance/hans-holbein-the-younger_erasmus-of-rotterdam.jpg"
"hans-holbein-the-younger_lady-elyot","Lady elyot","Hans Holbein The Younger","Northern Renaissance","data/archive/Northern_Renaissance/hans-holbein-the-younger_lady-elyot.jpg"
"hans-holbein-the-younger_portrait-of-a-boy-with-chestnut-hair","Portrait of a boy with chestnut hair","Hans Holbein The Younger","Northern Renaissance","data/archive/Northern_Renaissance/hans-holbein-the-younger_portrait-of-a-boy-with-chestnut-hair.jpg"
"hans-holbein-the-younger_portrait-of-bonifacius-amerbach-1519","Portrait of bonifacius amerbach 1519","Hans Holbein The Younger","Northern Renaissance","data/archive/Northern_Renaissance/hans-holbein-the-younger_portrait-of-bonifacius-amerbach-1519.jpg"
"hans-holbein-the-younger_portrait-of-henry-viii","Portrait of henry viii","Hans Holbein The Younger","Northern Renaissance","data/archive/Northern_Renaissance/hans-holbein-the-younger_portrait-of-henry-viii.jpg"
"hans-holbein-the-younger_portrait-of-sir-nicholas-carew","Portrait of sir nicholas carew","Hans Holbein The Younger","Northern Renaissance","data/archive/Northern_Renaissance/hans-holbein-the-younger_portrait-of-sir-nicholas-carew.jpg"
"hans-holbein-the-younger_sir-henry-wyatt","Sir henry wyatt","Hans Holbein The Younger","Northern Renaissance","data/archive/Northern_Renaissance/hans-holbein-the-younger_sir-henry-wyatt.jpg"
"hans-holbein-the-younger_the-passion","The passion","Hans Holbein The Younger","Northern Renaissance","data/archive/Northern_Renaissance/hans-holbein-the-younger_the-passion.jpg"
"hans-memling_adoration-of-the-magi-right-wing-of-triptych-depicting-the-presentation-in-the-temple-c-1470-72-1472","Adoration of the magi right wing of triptych depicting the presentation in the temple c 1470 72 1472","Hans Memling","Northern Renaissance","data/archive/Northern_Renaissance/hans-memling_adoration-of-the-magi-right-wing-of-triptych-depicting-the-presentation-in-the-temple-c-1470-72-1472.jpg"
"hans-memling_crucifixion","Crucifixion","Hans Memling","Northern Renaissance","data/archive/Northern_Renaissance/hans-memling_crucifixion.jpg"
"hans-memling_man-of-sorrows","Man of sorrows","Hans Memling","Northern Renaissance","data/archive/Northern_Renaissance/hans-memling_man-of-sorrows.jpg"
"hans-memling_portrait-of-a-man-holding-a-coin-of-the-emperor-nero-1474","Portrait of a man holding a coin of the emperor nero 1474","Hans Memling","Northern Renaissance","data/archive/Northern_Renaissance/hans-memling_portrait-of-a-man-holding-a-coin-of-the-emperor-nero-1474.jpg"
"hans-memling_portrait-of-benedetto-portinari-1487","Portrait of benedetto portinari 1487","Hans Memling","Northern Renaissance","data/archive/Northern_Renaissance/hans-memling_portrait-of-benedetto-portinari-1487.jpg"
"hans-memling_st-john-altarpiece-1479-1","St john altarpiece 1479 1","Hans Memling","Northern Renaissance","data/archive/Northern_Renaissance/hans-memling_st-john-altarpiece-1479-1.jpg"
"hans-memling_still-life-with-a-jug-with-flowers-the-reverse-side-of-the-portrait-of-a-praying-man","Still life with a jug with flowers the reverse side of the portrait of a praying man","Hans Memling","Northern Renaissance","data/archive/Northern_Renaissance/hans-memling_still-life-with-a-jug-with-flowers-the-reverse-side-of-the-portrait-of-a-praying-man.jpg"
"hans-memling_the-mourning-virgin-with-st-john-and-the-pious-women-from-galilee-1485","The mourning virgin with st john and the pious women from galilee 1485","Hans Memling","Northern Renaissance","data/archive/Northern_Renaissance/hans-memling_the-mourning-virgin-with-st-john-and-the-pious-women-from-galilee-1485.jpg"
"hans-memling_triptych-of-jan-crabbe-1470","Triptych of jan crabbe 1470","Hans Memling","Northern Renaissance","data/archive/Northern_Renaissance/hans-memling_triptych-of-jan-crabbe-1470.jpg"
"hans-memling_virgin-and-child-enthroned","Virgin and child enthroned","Hans Memling","Northern Renaissance","data/archive/Northern_Renaissance/hans-memling_virgin-and-child-enthroned.jpg"
"hieronymus-bosch_adoration-of-the-magi-1516","Adoration of the magi 1516","Hieronymus Bosch","Northern Renaissance","data/archive/Northern_Renaissance/hieronymus-bosch_adoration-of-the-magi-1516.jpg"
"hieronymus-bosch_death-and-the-miser-1490-1","Death and the miser 1490 1","Hieronymus Bosch","Northern Renaissance","data/archive/Northern_Renaissance/hieronymus-bosch_death-and-the-miser-1490-1.jpg"
"hieronymus-bosch_haywain-1500-5","Haywain 1500 5","Hieronymus Bosch","Northern Renaissance","data/archive/Northern_Renaissance/hieronymus-bosch_haywain-1500-5.jpg"
"hieronymus-bosch_last-judgement-left-wing-of-the-triptych","Last judgement left wing of the triptych","Hieronymus Bosch","Northern Renaissance","data/archive/Northern_Renaissance/hieronymus-bosch_last-judgement-left-wing-of-the-triptych.jpg"
"hieronymus-bosch_paradise","Paradise","Hieronymus Bosch","Northern Renaissance","data/archive/Northern_Renaissance/hieronymus-bosch_paradise.jpg"
"hieronymus-bosch_studies","Studies","Hieronymus Bosch","Northern Renaissance","data/archive/Northern_Renaissance/hieronymus-bosch_studies.jpg"
"hieronymus-bosch_the-entombment-1507","The entombment 1507","Hieronymus Bosch","Northern Renaissance","data/archive/Northern_Renaissance/hieronymus-bosch_the-entombment-1507.jpg"
"hieronymus-bosch_the-garden-of-earthly-delights-1516-10","The garden of earthly delights 1516 10","Hieronymus Bosch","Northern Renaissance","data/archive/Northern_Renaissance/hieronymus-bosch_the-garden-of-earthly-delights-1516-10.jpg"
"hieronymus-bosch_the-garden-of-earthly-delights-1516-9","The garden of earthly delights 1516 9","Hieronymus Bosch","Northern Renaissance","data/archive/Northern_Renaissance/hieronymus-bosch_the-garden-of-earthly-delights-1516-9.jpg"
"hieronymus-bosch_the-legend-of-the-mass-of-st-gregory","The legend of the mass of st gregory","Hieronymus Bosch","Northern Renaissance","data/archive/Northern_Renaissance/hieronymus-bosch_the-legend-of-the-mass-of-st-gregory.jpg"
"hieronymus-bosch_the-wayfarer","The wayfarer","Hieronymus Bosch","Northern Renaissance","data/archive/Northern_Renaissance/hieronymus-bosch_the-wayfarer.jpg"
"hieronymus-bosch_witches","Witches","Hieronymus Bosch","Northern Renaissance","data/archive/Northern_Renaissance/hieronymus-bosch_witches.jpg"
"hugo-van-der-goes_portinari-triptych-detail-1478-1","Portinari triptych detail 1478 1","Hugo Van Der Goes","Northern Renaissance","data/archive/Northern_Renaissance/hugo-van-der-goes_portinari-triptych-detail-1478-1.jpg"
"hugo-van-der-goes_the-trinity-altar-panels-1478","The trinity altar panels 1478","Hugo Van Der Goes","Northern Renaissance","data/archive/Northern_Renaissance/hugo-van-der-goes_the-trinity-altar-panels-1478.jpg"
"jan-provoost_virgin-and-child","Virgin and child","Jan Provoost","Northern Renaissance","data/archive/Northern_Renaissance/jan-provoost_virgin-and-child.jpg"
"jan-van-eyck_madonna-at-the-fountain-1439","Madonna at the fountain 1439","Jan Van Eyck","Northern Renaissance","data/archive/Northern_Renaissance/jan-van-eyck_madonna-at-the-fountain-1439.jpg"
"jan-van-eyck_the-annunciation-1440-1","The annunciation 1440 1","Jan Van Eyck","Northern Renaissance","data/archive/Northern_Renaissance/jan-van-eyck_the-annunciation-1440-1.jpg"
"jan-van-eyck_the-ghent-altar-detail-1432","The ghent altar detail 1432","Jan Van Eyck","Northern Renaissance","data/archive/Northern_Renaissance/jan-van-eyck_the-ghent-altar-detail-1432.jpg"
"jan-van-eyck_the-rolin-madonna-la-vierge-au-chancelier-rolin-1435","The rolin madonna la vierge au chancelier rolin 1435","Jan Van Eyck","Northern Renaissance","data/archive/Northern_Renaissance/jan-van-eyck_the-rolin-madonna-la-vierge-au-chancelier-rolin-1435.jpg"
"jan-van-hemessen_jesus-summons-matthew-to-leave-the-tax-office-1540","Jesus summons matthew to leave the tax office 1540","Jan Van Hemessen","Northern Renaissance","data/archive/Northern_Renaissance/jan-van-hemessen_jesus-summons-matthew-to-leave-the-tax-office-1540.jpg"
"jan-van-hemessen_the-mocking-of-christ","The mocking of christ","Jan Van Hemessen","Northern Renaissance","data/archive/Northern_Renaissance/jan-van-hemessen_the-mocking-of-christ.jpg"
"jean-fouquet_battle-of-jericho","Battle of jericho","Jean Fouquet","Northern Renaissance","data/archive/Northern_Renaissance/jean-fouquet_battle-of-jericho.jpg"
"jean-fouquet_coronation-of-louis-the-pious-1460","Coronation of louis the pious 1460","Jean Fouquet","Northern Renaissance","data/archive/Northern_Renaissance/jean-fouquet_coronation-of-louis-the-pious-1460.jpg"
"jean-fouquet_enthronement-of-the-virgin-or-the-trinity-in-its-glory","Enthronement of the virgin or the trinity in its glory","Jean Fouquet","Northern Renaissance","data/archive/Northern_Renaissance/jean-fouquet_enthronement-of-the-virgin-or-the-trinity-in-its-glory.jpg"
"jean-fouquet_madonna-and-child-left-panel-of-diptych-de-melun","Madonna and child left panel of diptych de melun","Jean Fouquet","Northern Renaissance","data/archive/Northern_Renaissance/jean-fouquet_madonna-and-child-left-panel-of-diptych-de-melun.jpg"
"jean-fouquet_portrait-of-pope-eugene-iv","Portrait of pope eugene iv","Jean Fouquet","Northern Renaissance","data/archive/Northern_Renaissance/jean-fouquet_portrait-of-pope-eugene-iv.jpg"
"jean-fouquet_the-annunciation-dove-1465","The annunciation dove 1465","Jean Fouquet","Northern Renaissance","data/archive/Northern_Renaissance/jean-fouquet_the-annunciation-dove-1465.jpg"
"jean-fouquet_victory-of-henry-i-on-his-brother-robert-1460","Victory of henry i on his brother robert 1460","Jean Fouquet","Northern Renaissance","data/archive/Northern_Renaissance/jean-fouquet_victory-of-henry-i-on-his-brother-robert-1460.jpg"
"jean-hey_the-annunciation-1500","The annunciation 1500","Jean Hey","Northern Renaissance","data/archive/Northern_Renaissance/jean-hey_the-annunciation-1500.jpg"
"joachim-patinir_landscape-with-the-flight-1524","Landscape with the flight 1524","Joachim Patinir","Northern Renaissance","data/archive/Northern_Renaissance/joachim-patinir_landscape-with-the-flight-1524.jpg"
"joachim-wtewael_adoration-by-the-shepherds-1625","Adoration by the shepherds 1625","Joachim Wtewael","Northern Renaissance","data/archive/Northern_Renaissance/joachim-wtewael_adoration-by-the-shepherds-1625.jpg"
"joachim-wtewael_portrait-of-the-artist-s-wife-1601","Portrait of the artist s wife 1601","Joachim Wtewael","Northern Renaissance","data/archive/Northern_Renaissance/joachim-wtewael_portrait-of-the-artist-s-wife-1601.jpg"
"konrad-witz_king-solomon-and-the-queen-of-sheba","King solomon and the queen of sheba","Konrad Witz","Northern Renaissance","data/archive/Northern_Renaissance/konrad-witz_king-solomon-and-the-queen-of-sheba.jpg"
"lucas-cranach-the-elder_adam-and-eve-1531","Adam and eve 1531","Lucas Cranach The Elder","Northern Renaissance","data/archive/Northern_Renaissance/lucas-cranach-the-elder_adam-and-eve-1531.jpg"
"lucas-cranach-the-elder_charity-1534","Charity 1534","Lucas Cranach The Elder","Northern Renaissance","data/archive/Northern_Renaissance/lucas-cranach-the-elder_charity-1534.jpg"
"lucas-cranach-the-elder_dr-johannes-cuspinian","Dr johannes cuspinian","Lucas Cranach The Elder","Northern Renaissance","data/archive/Northern_Renaissance/lucas-cranach-the-elder_dr-johannes-cuspinian.jpg"
"lucas-cranach-the-elder_johann-friedrich-von-sachsen-1532-1","Johann friedrich von sachsen 1532 1","Lucas Cranach The Elder","Northern Renaissance","data/archive/Northern_Renaissance/lucas-cranach-the-elder_johann-friedrich-von-sachsen-1532-1.jpg"
"lucas-cranach-the-elder_katharina-luther-1529","Katharina luther 1529","Lucas Cranach The Elder","Northern Renaissance","data/archive/Northern_Renaissance/lucas-cranach-the-elder_katharina-luther-1529.jpg"
"lucas-cranach-the-elder_madonna-and-child","Madonna and child","Lucas Cranach The Elder","Northern Renaissance","data/archive/Northern_Renaissance/lucas-cranach-the-elder_madonna-and-child.jpg"
"lucas-cranach-the-elder_portrait-of-a-saxon-noblewoman-1534","Portrait of a saxon noblewoman 1534","Lucas Cranach The Elder","Northern Renaissance","data/archive/Northern_Renaissance/lucas-cranach-the-elder_portrait-of-a-saxon-noblewoman-1534.jpg"
"lucas-cranach-the-elder_portrait-of-charles-v-1533","Portrait of charles v 1533","Lucas Cranach The Elder","Northern Renaissance","data/archive/Northern_Renaissance/lucas-cranach-the-elder_portrait-of-charles-v-1533.jpg"
"lucas-cranach-the-elder_portrait-of-martin-luther-1543","Portrait of martin luther 1543","Lucas Cranach The Elder","Northern Renaissance","data/archive/Northern_Renaissance/lucas-cranach-the-elder_portrait-of-martin-luther-1543.jpg"
"lucas-cranach-the-elder_samson-and-delilah","Samson and delilah","Lucas Cranach The Elder","Northern Renaissance","data/archive/Northern_Renaissance/lucas-cranach-the-elder_samson-and-delilah.jpg"
"lucas-cranach-the-elder_the-annunciation-to-joachim-1518","The annunciation to joachim 1518","Lucas Cranach The Elder","Northern Renaissance","data/archive/Northern_Renaissance/lucas-cranach-the-elder_the-annunciation-to-joachim-1518.jpg"
"lucas-cranach-the-elder_the-judgment-of-paris-1514","The judgment of paris 1514","Lucas Cranach The Elder","Northern Renaissance","data/archive/Northern_Renaissance/lucas-cranach-the-elder_the-judgment-of-paris-1514.jpg"
"lucas-cranach-the-elder_the-procuress-1548","The procuress 1548","Lucas Cranach The Elder","Northern Renaissance","data/archive/Northern_Renaissance/lucas-cranach-the-elder_the-procuress-1548.jpg"
"lucas-cranach-the-elder_venus-and-cupid-with-a-honeycomb","Venus and cupid with a honeycomb","Lucas Cranach The Elder","Northern Renaissance","data/archive/Northern_Renaissance/lucas-cranach-the-elder_venus-and-cupid-with-a-honeycomb.jpg"
"mabuse_adam-and-eve","Adam and eve","Mabuse","Northern Renaissance","data/archive/Northern_Renaissance/mabuse_adam-and-eve.jpg"
"mabuse_man-of-sorrow","Man of sorrow","Mabuse","Northern Renaissance","data/archive/Northern_Renaissance/mabuse_man-of-sorrow.jpg"
"mabuse_self-portrait","Self portrait","Mabuse","Northern Renaissance","data/archive/Northern_Renaissance/mabuse_self-portrait.jpg"
"mabuse_virgin-and-child-with-saints","Virgin and child with saints","Mabuse","Northern Renaissance","data/archive/Northern_Renaissance/mabuse_virgin-and-child-with-saints.jpg"
"martin-schongauer_censer","Censer","Martin Schongauer","Northern Renaissance","data/archive/Northern_Renaissance/martin-schongauer_censer.jpg"
"martin-schongauer_madonna-and-child-in-the-couryard","Madonna and child in the couryard","Martin Schongauer","Northern Renaissance","data/archive/Northern_Renaissance/martin-schongauer_madonna-and-child-in-the-couryard.jpg"
"martin-schongauer_the-flight-into-egypt","The flight into egypt","Martin Schongauer","Northern Renaissance","data/archive/Northern_Renaissance/martin-schongauer_the-flight-into-egypt.jpg"
"martin-schongauer_woman-with-a-wreath-of-oak-leaves","Woman with a wreath of oak leaves","Martin Schongauer","Northern Renaissance","data/archive/Northern_Renaissance/martin-schongauer_woman-with-a-wreath-of-oak-leaves.jpg"
"petrus-christus_portrait-of-a-man","Portrait of a man","Petrus Christus","Northern Renaissance","data/archive/Northern_Renaissance/petrus-christus_portrait-of-a-man.jpg"
"pieter-bruegel-the-elder_census-at-bethlehem-1566","Census at bethlehem 1566","Pieter Bruegel The Elder","Northern Renaissance","data/archive/Northern_Renaissance/pieter-bruegel-the-elder_census-at-bethlehem-1566.jpg"
"pieter-bruegel-the-elder_haymaking-1565","Haymaking 1565","Pieter Bruegel The Elder","Northern Renaissance","data/archive/Northern_Renaissance/pieter-bruegel-the-elder_haymaking-1565.jpg"
"pieter-bruegel-the-elder_misanthrope-1568","Misanthrope 1568","Pieter Bruegel The Elder","Northern Renaissance","data/archive/Northern_Renaissance/pieter-bruegel-the-elder_misanthrope-1568.jpg"
"pieter-bruegel-the-elder_summer-1568","Summer 1568","Pieter Bruegel The Elder","Northern Renaissance","data/archive/Northern_Renaissance/pieter-bruegel-the-elder_summer-1568.jpg"
"pieter-bruegel-the-elder_the-magpie-on-the-gallows-1568","The magpie on the gallows 1568","Pieter Bruegel The Elder","Northern Renaissance","data/archive/Northern_Renaissance/pieter-bruegel-the-elder_the-magpie-on-the-gallows-1568.jpg"
"pieter-bruegel-the-elder_view-of-tivoli-1556","View of tivoli 1556","Pieter Bruegel The Elder","Northern Renaissance","data/archive/Northern_Renaissance/pieter-bruegel-the-elder_view-of-tivoli-1556.jpg"
"robert-campin_portrait-of-a-man","Portrait of a man","Robert Campin","Northern Renaissance","data/archive/Northern_Renaissance/robert-campin_portrait-of-a-man.jpg"
"robert-campin_virgin-and-child-before-a-firescreen","Virgin and child before a firescreen","Robert Campin","Northern Renaissance","data/archive/Northern_Renaissance/robert-campin_virgin-and-child-before-a-firescreen.jpg"
"rogier-van-der-weyden_deposition-1435","Deposition 1435","Rogier Van Der Weyden","Northern Renaissance","data/archive/Northern_Renaissance/rogier-van-der-weyden_deposition-1435.jpg"
"rogier-van-der-weyden_madonna-and-child-3","Madonna and child 3","Rogier Van Der Weyden","Northern Renaissance","data/archive/Northern_Renaissance/rogier-van-der-weyden_madonna-and-child-3.jpg"
"rogier-van-der-weyden_portrait-of-a-young-woman-1440","Portrait of a young woman 1440","Rogier Van Der Weyden","Northern Renaissance","data/archive/Northern_Renaissance/rogier-van-der-weyden_portrait-of-a-young-woman-1440.jpg"
"rogier-van-der-weyden_saint-gregory-the-great-and-st-jerome","Saint gregory the great and st jerome","Rogier Van Der Weyden","Northern Renaissance","data/archive/Northern_Renaissance/rogier-van-der-weyden_saint-gregory-the-great-and-st-jerome.jpg"
"rogier-van-der-weyden_the-magdalene-reading-1445","The magdalene reading 1445","Rogier Van Der Weyden","Northern Renaissance","data/archive/Northern_Renaissance/rogier-van-der-weyden_the-magdalene-reading-1445.jpg"
"andre-derain_effect-of-sun-on-the-water-london-1906","Effect of sun on the water london 1906","Andre Derain","Pointillism","data/archive/Pointillism/andre-derain_effect-of-sun-on-the-water-london-1906.jpg"
"camille-pissarro_hampton-court-green-london-1891","Hampton court green london 1891","Camille Pissarro","Pointillism","data/archive/Pointillism/camille-pissarro_hampton-court-green-london-1891.jpg"
"camille-pissarro_portrait-of-nini-1884","Portrait of nini 1884","Camille Pissarro","Pointillism","data/archive/Pointillism/camille-pissarro_portrait-of-nini-1884.jpg"
"camille-pissarro_young-flemish-maid","Young flemish maid","Camille Pissarro","Pointillism","data/archive/Pointillism/camille-pissarro_young-flemish-maid.jpg"
"georges-lemmen_self-portrait-1890","Self portrait 1890","Georges Lemmen","Pointillism","data/archive/Pointillism/georges-lemmen_self-portrait-1890.jpg"
"georges-seurat_harbour-at-port-en-bessin-at-high-tide-1888","Harbour at port en bessin at high tide 1888","Georges Seurat","Pointillism","data/archive/Pointillism/georges-seurat_harbour-at-port-en-bessin-at-high-tide-1888.jpg"
"georges-seurat_river-landscape-with-a-boat-1884","River landscape with a boat 1884","Georges Seurat","Pointillism","data/archive/Pointillism/georges-seurat_river-landscape-with-a-boat-1884.jpg"
"georges-seurat_suburb-1882","Suburb 1882","Georges Seurat","Pointillism","data/archive/Pointillism/georges-seurat_suburb-1882.jpg"
"georges-seurat_the-forest-at-pontaubert","The forest at pontaubert","Georges Seurat","Pointillism","data/archive/Pointillism/georges-seurat_the-forest-at-pontaubert.jpg"
"georges-seurat_view-of-fort-samson-1885","View of fort samson 1885","Georges Seurat","Pointillism","data/archive/Pointillism/georges-seurat_view-of-fort-samson-1885.jpg"
"henri-edmond-cross_a-pine-tree","A pine tree","Henri Edmond Cross","Pointillism","data/archive/Pointillism/henri-edmond-cross_a-pine-tree.jpg"
"henri-edmond-cross_boats-in-the-port-of-st-tropez","Boats in the port of st tropez","Henri Edmond Cross","Pointillism","data/archive/Pointillism/henri-edmond-cross_boats-in-the-port-of-st-tropez.jpg"
"henri-edmond-cross_landscape-the-little-maresque-mountains-1898","Landscape the little maresque mountains 1898","Henri Edmond Cross","Pointillism","data/archive/Pointillism/henri-edmond-cross_landscape-the-little-maresque-mountains-1898.jpg"
"henri-edmond-cross_sailboats","Sailboats","Henri Edmond Cross","Pointillism","data/archive/Pointillism/henri-edmond-cross_sailboats.jpg"
"henri-edmond-cross_the-excursionists-1894","The excursionists 1894","Henri Edmond Cross","Pointillism","data/archive/Pointillism/henri-edmond-cross_the-excursionists-1894.jpg"
"henri-edmond-cross_the-port-of-marseilles","The port of marseilles","Henri Edmond Cross","Pointillism","data/archive/Pointillism/henri-edmond-cross_the-port-of-marseilles.jpg"
"henri-martin_banks-of-the-garonne","Banks of the garonne","Henri Martin","Pointillism","data/archive/Pointillism/henri-martin_banks-of-the-garonne.jpg"
"henri-martin_port-collioure-2","Port collioure 2","Henri Martin","Pointillism","data/archive/Pointillism/henri-martin_port-collioure-2.jpg"
"henri-martin_the-pergola-1920","The pergola 1920","Henri Martin","Pointillism","data/archive/Pointillism/henri-martin_the-pergola-1920.jpg"
"jan-toorop_landscape-with-canal","Landscape with canal","Jan Toorop","Pointillism","data/archive/Pointillism/jan-toorop_landscape-with-canal.jpg"
"marevna-(marie-vorobieff)_-1","1","Marevna (marie Vorobieff)","Pointillism","data/archive/Pointillism/marevna-(marie-vorobieff)_-1.jpg"
"marsden-hartley_hall-of-the-mountain-king-1909","Hall of the mountain king 1909","Marsden Hartley","Pointillism","data/archive/Pointillism/marsden-hartley_hall-of-the-mountain-king-1909.jpg"
"paul-signac_antibes-the-pink-cloud-1916","Antibes the pink cloud 1916","Paul Signac","Pointillism","data/archive/Pointillism/paul-signac_antibes-the-pink-cloud-1916.jpg"
"paul-signac_grand-canal-venise-1905","Grand canal venise 1905","Paul Signac","Pointillism","data/archive/Pointillism/paul-signac_grand-canal-venise-1905.jpg"
"paul-signac_the-demolisher-1899","The demolisher 1899","Paul Signac","Pointillism","data/archive/Pointillism/paul-signac_the-demolisher-1899.jpg"
"paul-signac_view-of-the-port-of-marseilles","View of the port of marseilles","Paul Signac","Pointillism","data/archive/Pointillism/paul-signac_view-of-the-port-of-marseilles.jpg"
"salvador-dali_dawn-noon-sunset-and-dusk","Dawn noon sunset and dusk","Salvador Dali","Pointillism","data/archive/Pointillism/salvador-dali_dawn-noon-sunset-and-dusk.jpg"
"theo-van-rysselberghe_cows-in-a-landscape-1899","Cows in a landscape 1899","Theo Van Rysselberghe","Pointillism","data/archive/Pointillism/theo-van-rysselberghe_cows-in-a-landscape-1899.jpg"
"theo-van-rysselberghe_madame-von-bodenhausen-with-her-daughter-luli-1910","Madame von bodenhausen with her daughter luli 1910","Theo Van Rysselberghe","Pointillism","data/archive/Pointillism/theo-van-rysselberghe_madame-von-bodenhausen-with-her-daughter-luli-1910.jpg"
"theo-van-rysselberghe_portrait-of-daisy-weber-1907","Portrait of daisy weber 1907","Theo Van Rysselberghe","Pointillism","data/archive/Pointillism/theo-van-rysselberghe_portrait-of-daisy-weber-1907.jpg"
"theo-van-rysselberghe_sunset-at-ambleteuse-1899","Sunset at ambleteuse 1899","Theo Van Rysselberghe","Pointillism","data/archive/Pointillism/theo-van-rysselberghe_sunset-at-ambleteuse-1899.jpg"
"theo-van-rysselberghe_the-reading-1903","The reading 1903","Theo Van Rysselberghe","Pointillism","data/archive/Pointillism/theo-van-rysselberghe_the-reading-1903.jpg"
"aki-kuroda_flower-bench-2007","Flower bench 2007","Aki Kuroda","Pop Art","data/archive/Pop_Art/aki-kuroda_flower-bench-2007.jpg"
"aldo-mondino_knawa-maroc-2002","Knawa maroc 2002","Aldo Mondino","Pop Art","data/archive/Pop_Art/aldo-mondino_knawa-maroc-2002.jpg"
"alex-hay_egg-on-plate-with-knife-fork-and-spoon-1964","Egg on plate with knife fork and spoon 1964","Alex Hay","Pop Art","data/archive/Pop_Art/alex-hay_egg-on-plate-with-knife-fork-and-spoon-1964.jpg"
"allan-darcangelo_mr-and-mrs-moby-dick","Mr and mrs moby dick","Allan Darcangelo","Pop Art","data/archive/Pop_Art/allan-darcangelo_mr-and-mrs-moby-dick.jpg"
"allen-jones_pour-les-levres-1965","Pour les levres 1965","Allen Jones","Pop Art","data/archive/Pop_Art/allen-jones_pour-les-levres-1965.jpg"
"andy-warhol_apple","Apple","Andy Warhol","Pop Art","data/archive/Pop_Art/andy-warhol_apple.jpg"
"andy-warhol_campbell-s-soup-can-beef","Campbell s soup can beef","Andy Warhol","Pop Art","data/archive/Pop_Art/andy-warhol_campbell-s-soup-can-beef.jpg"
"andy-warhol_cow-1","Cow 1","Andy Warhol","Pop Art","data/archive/Pop_Art/andy-warhol_cow-1.jpg"
"andy-warhol_electric-chair-2","Electric chair 2","Andy Warhol","Pop Art","data/archive/Pop_Art/andy-warhol_electric-chair-2.jpg"
"andy-warhol_fter-marylin-pink","Fter marylin pink","Andy Warhol","Pop Art","data/archive/Pop_Art/andy-warhol_fter-marylin-pink.jpg"
"andy-warhol_jackie-2","Jackie 2","Andy Warhol","Pop Art","data/archive/Pop_Art/andy-warhol_jackie-2.jpg"
"andy-warhol_liz-taylor","Liz taylor","Andy Warhol","Pop Art","data/archive/Pop_Art/andy-warhol_liz-taylor.jpg"
"andy-warhol_marilyn","Marilyn","Andy Warhol","Pop Art","data/archive/Pop_Art/andy-warhol_marilyn.jpg"
"andy-warhol_muhammad-ali-3","Muhammad ali 3","Andy Warhol","Pop Art","data/archive/Pop_Art/andy-warhol_muhammad-ali-3.jpg"
"andy-warhol_queen-margrethe-ii-of-denmark","Queen margrethe ii of denmark","Andy Warhol","Pop Art","data/archive/Pop_Art/andy-warhol_queen-margrethe-ii-of-denmark.jpg"
"andy-warhol_sigmund-freud","Sigmund freud","Andy Warhol","Pop Art","data/archive/Pop_Art/andy-warhol_sigmund-freud.jpg"
"andy-warhol_time-magazine-cover","Time magazine cover","Andy Warhol","Pop Art","data/archive/Pop_Art/andy-warhol_time-magazine-cover.jpg"
"andy-warhol_vesuvius","Vesuvius","Andy Warhol","Pop Art","data/archive/Pop_Art/andy-warhol_vesuvius.jpg"
"audrey-flack_macarena-of-miracles-1971","Macarena of miracles 1971","Audrey Flack","Pop Art","data/archive/Pop_Art/audrey-flack_macarena-of-miracles-1971.jpg"
"billy-apple_i-dreamed-i-went-to-blazes-in-my-maidenform-bra-red-1965","I dreamed i went to blazes in my maidenform bra red 1965","Billy Apple","Pop Art","data/archive/Pop_Art/billy-apple_i-dreamed-i-went-to-blazes-in-my-maidenform-bra-red-1965.jpg"
"billy-apple_the-ship-brighton-beach-sussex-england-1963(1)","The ship brighton beach sussex england 1963(1)","Billy Apple","Pop Art","data/archive/Pop_Art/billy-apple_the-ship-brighton-beach-sussex-england-1963(1).jpg"
"burhan-dogancay_deeply-hurt-1984","Deeply hurt 1984","Burhan Dogancay","Pop Art","data/archive/Pop_Art/burhan-dogancay_deeply-hurt-1984.jpg"
"burhan-dogancay_shoe-sale-1990","Shoe sale 1990","Burhan Dogancay","Pop Art","data/archive/Pop_Art/burhan-dogancay_shoe-sale-1990.jpg"
"burhan-dogancay_wool-madonna-1990","Wool madonna 1990","Burhan Dogancay","Pop Art","data/archive/Pop_Art/burhan-dogancay_wool-madonna-1990.jpg"
"claes-oldenburg_floor-cone-1962","Floor cone 1962","Claes Oldenburg","Pop Art","data/archive/Pop_Art/claes-oldenburg_floor-cone-1962.jpg"
"claes-oldenburg_typewriter-eraser-scale-x-collaboration-with-van-bruggen-1999","Typewriter eraser scale x collaboration with van bruggen 1999","Claes Oldenburg","Pop Art","data/archive/Pop_Art/claes-oldenburg_typewriter-eraser-scale-x-collaboration-with-van-bruggen-1999.jpg"
"conrad-marca-relli_the-meeting-place-1982","The meeting place 1982","Conrad Marca Relli","Pop Art","data/archive/Pop_Art/conrad-marca-relli_the-meeting-place-1982.jpg"
"derek-boshier_shy-cowboy-1980","Shy cowboy 1980","Derek Boshier","Pop Art","data/archive/Pop_Art/derek-boshier_shy-cowboy-1980.jpg"
"eduardo-paolozzi_meet-the-people-1948","Meet the people 1948","Eduardo Paolozzi","Pop Art","data/archive/Pop_Art/eduardo-paolozzi_meet-the-people-1948.jpg"
"edward-ruscha_hollywood-1969","Hollywood 1969","Edward Ruscha","Pop Art","data/archive/Pop_Art/edward-ruscha_hollywood-1969.jpg"
"ellsworth-kelly_winter-black-curve-1984","Winter black curve 1984","Ellsworth Kelly","Pop Art","data/archive/Pop_Art/ellsworth-kelly_winter-black-curve-1984.jpg"
"erro_the-terrorist-1985","The terrorist 1985","Erro","Pop Art","data/archive/Pop_Art/erro_the-terrorist-1985.jpg"
"evelyne-axell_la-femme-au-serpent","La femme au serpent","Evelyne Axell","Pop Art","data/archive/Pop_Art/evelyne-axell_la-femme-au-serpent.jpg"
"george-segal_classical-still-life-1990","Classical still life 1990","George Segal","Pop Art","data/archive/Pop_Art/george-segal_classical-still-life-1990.jpg"
"gerard-fromanger_drapeau-am-ricain-le-rouge-1968","Drapeau am ricain le rouge 1968","Gerard Fromanger","Pop Art","data/archive/Pop_Art/gerard-fromanger_drapeau-am-ricain-le-rouge-1968.jpg"
"gerard-fromanger_rue-de-la-mer-1974","Rue de la mer 1974","Gerard Fromanger","Pop Art","data/archive/Pop_Art/gerard-fromanger_rue-de-la-mer-1974.jpg"
"gianfranco-baruchello_little-orfan-anphetamine-1974","Little orfan anphetamine 1974","Gianfranco Baruchello","Pop Art","data/archive/Pop_Art/gianfranco-baruchello_little-orfan-anphetamine-1974.jpg"
"hiro-yamagata_baseball","Baseball","Hiro Yamagata","Pop Art","data/archive/Pop_Art/hiro-yamagata_baseball.jpg"
"hiro-yamagata_four-cities-suite-1986","Four cities suite 1986","Hiro Yamagata","Pop Art","data/archive/Pop_Art/hiro-yamagata_four-cities-suite-1986.jpg"
"hiro-yamagata_normandies-1979","Normandies 1979","Hiro Yamagata","Pop Art","data/archive/Pop_Art/hiro-yamagata_normandies-1979.jpg"
"hiro-yamagata_not-detected-272410","Sem título (272410)","Hiro Yamagata","Pop Art","data/archive/Pop_Art/hiro-yamagata_not-detected-272410.jpg"
"hiro-yamagata_perrier-1986","Perrier 1986","Hiro Yamagata","Pop Art","data/archive/Pop_Art/hiro-yamagata_perrier-1986.jpg"
"hiro-yamagata_telephone-1987","Telephone 1987","Hiro Yamagata","Pop Art","data/archive/Pop_Art/hiro-yamagata_telephone-1987.jpg"
"howard-hodgkin_girl-on-a-sofa-1968","Girl on a sofa 1968","Howard Hodgkin","Pop Art","data/archive/Pop_Art/howard-hodgkin_girl-on-a-sofa-1968.jpg"
"jim-dine_welcome-home-rare-birds-1969","Welcome home rare birds 1969","Jim Dine","Pop Art","data/archive/Pop_Art/jim-dine_welcome-home-rare-birds-1969.jpg"
"jorge-martins_os-sonetos-de-shakespeare","Os sonetos de shakespeare","Jorge Martins","Pop Art","data/archive/Pop_Art/jorge-martins_os-sonetos-de-shakespeare.jpg"
"jose-de-guimaraes_untitled-3","Untitled 3","Jose De Guimaraes","Pop Art","data/archive/Pop_Art/jose-de-guimaraes_untitled-3.jpg"
"keith-haring_safe-sex-1988","Safe sex 1988","Keith Haring","Pop Art","data/archive/Pop_Art/keith-haring_safe-sex-1988.jpg"
"leroy-neiman_muhammad-ali-the-athlete-of-the-century-2001","Muhammad ali the athlete of the century 2001","Leroy Neiman","Pop Art","data/archive/Pop_Art/leroy-neiman_muhammad-ali-the-athlete-of-the-century-2001.jpg"
"lourdes-castro_ombres-color-es-autour-d-un-vase-1975","Ombres color es autour d un vase 1975","Lourdes Castro","Pop Art","data/archive/Pop_Art/lourdes-castro_ombres-color-es-autour-d-un-vase-1975.jpg"
"mario-schifano_coca-cola-1962","Coca cola 1962","Mario Schifano","Pop Art","data/archive/Pop_Art/mario-schifano_coca-cola-1962.jpg"
"mario-schifano_the-exact-time-1973","The exact time 1973","Mario Schifano","Pop Art","data/archive/Pop_Art/mario-schifano_the-exact-time-1973.jpg"
"marjorie-strider_eyeful-2010","Eyeful 2010","Marjorie Strider","Pop Art","data/archive/Pop_Art/marjorie-strider_eyeful-2010.jpg"
"marjorie-strider_plaster-of-paris-bag-1973","Plaster of paris bag 1973","Marjorie Strider","Pop Art","data/archive/Pop_Art/marjorie-strider_plaster-of-paris-bag-1973.jpg"
"marko-pogacnik_bottle","Bottle","Marko Pogacnik","Pop Art","data/archive/Pop_Art/marko-pogacnik_bottle.jpg"
"martial-raysse_made-in-japan-1964","Made in japan 1964","Martial Raysse","Pop Art","data/archive/Pop_Art/martial-raysse_made-in-japan-1964.jpg"
"menez_sem-t-tulo-1969","Sem t tulo 1969","Menez","Pop Art","data/archive/Pop_Art/menez_sem-t-tulo-1969.jpg"
"nicholas-krushenick_untitled-1965","Untitled 1965","Nicholas Krushenick","Pop Art","data/archive/Pop_Art/nicholas-krushenick_untitled-1965.jpg"
"patrick-caulfield_garden-with-pines-1975","Garden with pines 1975","Patrick Caulfield","Pop Art","data/archive/Pop_Art/patrick-caulfield_garden-with-pines-1975.jpg"
"patrick-caulfield_pottery-1969","Pottery 1969","Patrick Caulfield","Pop Art","data/archive/Pop_Art/patrick-caulfield_pottery-1969.jpg"
"patrick-caulfield_vessel-1987-pop-art","Vessel 1987","Patrick Caulfield","Pop Art","data/archive/Pop_Art/patrick-caulfield_vessel-1987.jpg"
"patrick-procktor_dominic-prima-1981","Dominic prima 1981","Patrick Procktor","Pop Art","data/archive/Pop_Art/patrick-procktor_dominic-prima-1981.jpg"
"patrick-procktor_mount-abu-rowli-mountains-rajastan-from-the-india-mother-suite-of-7-aquatints-1970","Mount abu rowli mountains rajastan from the india mother suite of 7 aquatints 1970","Patrick Procktor","Pop Art","data/archive/Pop_Art/patrick-procktor_mount-abu-rowli-mountains-rajastan-from-the-india-mother-suite-of-7-aquatints-1970.jpg"
"pauline-boty_countdown-to-violence-1964","Countdown to violence 1964","Pauline Boty","Pop Art","data/archive/Pop_Art/pauline-boty_countdown-to-violence-1964.jpg"
"peter-blake_the-fine-art-bit-1959-pop-art","The fine art bit 1959","Peter Blake","Pop Art","data/archive/Pop_Art/peter-blake_the-fine-art-bit-1959.jpg"
"peter-max_four-seasons-spring","Four seasons spring","Peter Max","Pop Art","data/archive/Pop_Art/peter-max_four-seasons-spring.jpg"
"peter-phillips_custom-print-no-ii-1965","Custom print no ii 1965","Peter Phillips","Pop Art","data/archive/Pop_Art/peter-phillips_custom-print-no-ii-1965.jpg"
"r.-b.-kitaj_america-baseball","America baseball","R. B. Kitaj","Pop Art","data/archive/Pop_Art/r.-b.-kitaj_america-baseball.jpg"
"r.-b.-kitaj_the-jewish-school-drawing-a-golem","The jewish school drawing a golem","R. B. Kitaj","Pop Art","data/archive/Pop_Art/r.-b.-kitaj_the-jewish-school-drawing-a-golem.jpg"
"red-grooms_london-bus-1983","London bus 1983","Red Grooms","Pop Art","data/archive/Pop_Art/red-grooms_london-bus-1983.jpg"
"rene-bertholo_deux-nuages-1967","Deux nuages 1967","Rene Bertholo","Pop Art","data/archive/Pop_Art/rene-bertholo_deux-nuages-1967.jpg"
"richard-artschwager_book-1987","Book 1987","Richard Artschwager","Pop Art","data/archive/Pop_Art/richard-artschwager_book-1987.jpg"
"richard-hamilton_chiara-chair-2004","Chiara chair 2004","Richard Hamilton","Pop Art","data/archive/Pop_Art/richard-hamilton_chiara-chair-2004.jpg"
"richard-hamilton_leopold-bloom-1983","Leopold bloom 1983","Richard Hamilton","Pop Art","data/archive/Pop_Art/richard-hamilton_leopold-bloom-1983.jpg"
"robert-indiana_ahava-1977","Ahava 1977","Robert Indiana","Pop Art","data/archive/Pop_Art/robert-indiana_ahava-1977.jpg"
"robert-indiana_silver-blue-alphabet-wall-2011","Silver blue alphabet wall 2011","Robert Indiana","Pop Art","data/archive/Pop_Art/robert-indiana_silver-blue-alphabet-wall-2011.jpg"
"robert-silvers_christ-ii","Christ ii","Robert Silvers","Pop Art","data/archive/Pop_Art/robert-silvers_christ-ii.jpg"
"robert-silvers_mona-lisa-remastered-2002","Mona lisa remastered 2002","Robert Silvers","Pop Art","data/archive/Pop_Art/robert-silvers_mona-lisa-remastered-2002.jpg"
"robert-silvers_young-male-nude","Young male nude","Robert Silvers","Pop Art","data/archive/Pop_Art/robert-silvers_young-male-nude.jpg"
"rosalyn-drexler_the-defenders-1963","The defenders 1963","Rosalyn Drexler","Pop Art","data/archive/Pop_Art/rosalyn-drexler_the-defenders-1963.jpg"
"roy-lichtenstein_crying-girl-1964(1)","Crying girl 1964(1)","Roy Lichtenstein","Pop Art","data/archive/Pop_Art/roy-lichtenstein_crying-girl-1964(1).jpg"
"roy-lichtenstein_hot-dog-1964","Hot dog 1964","Roy Lichtenstein","Pop Art","data/archive/Pop_Art/roy-lichtenstein_hot-dog-1964.jpg"
"roy-lichtenstein_mad-scientist-1963(1)","Mad scientist 1963(1)","Roy Lichtenstein","Pop Art","data/archive/Pop_Art/roy-lichtenstein_mad-scientist-1963(1).jpg"
"roy-lichtenstein_standing-rib-1962","Standing rib 1962","Roy Lichtenstein","Pop Art","data/archive/Pop_Art/roy-lichtenstein_standing-rib-1962.jpg"
"sa-nogueira_ah-que-les-raisins-sont-capiteux-1965","Ah que les raisins sont capiteux 1965","Sa Nogueira","Pop Art","data/archive/Pop_Art/sa-nogueira_ah-que-les-raisins-sont-capiteux-1965.jpg"
"stanley-pinker_his-and-hers","His and hers","Stanley Pinker","Pop Art","data/archive/Pop_Art/stanley-pinker_his-and-hers.jpg"
"tano-festa_elements-of-drawing","Elements of drawing","Tano Festa","Pop Art","data/archive/Pop_Art/tano-festa_elements-of-drawing.jpg"
"tano-festa_persiana-nr-4-1962","Persiana nr 4 1962","Tano Festa","Pop Art","data/archive/Pop_Art/tano-festa_persiana-nr-4-1962.jpg"
"tsuruko-yamazaki_work-1963","Work 1963","Tsuruko Yamazaki","Pop Art","data/archive/Pop_Art/tsuruko-yamazaki_work-1963.jpg"
"valerio-adami_the-moon-s-kiss-1979","The moon s kiss 1979","Valerio Adami","Pop Art","data/archive/Pop_Art/valerio-adami_the-moon-s-kiss-1979.jpg"
"walter-battiss_four-excessive-females","Four excessive females","Walter Battiss","Pop Art","data/archive/Pop_Art/walter-battiss_four-excessive-females.jpg"
"walter-battiss_one-way-street","One way street","Walter Battiss","Pop Art","data/archive/Pop_Art/walter-battiss_one-way-street.jpg"
"yayoi-kusama_dress-1982","Dress 1982","Yayoi Kusama","Pop Art","data/archive/Pop_Art/yayoi-kusama_dress-1982.jpg"
"a.y.-jackson_river-st-urbain-1930","River st urbain 1930","A.y. Jackson","Post Impressionism","data/archive/Post_Impressionism/a.y.-jackson_river-st-urbain-1930.jpg"
"abraham-manievich_lyrical-landscape","Lyrical landscape","Abraham Manievich","Post Impressionism","data/archive/Post_Impressionism/abraham-manievich_lyrical-landscape.jpg"
"adam-baltatu_august-day","August day","Adam Baltatu","Post Impressionism","data/archive/Post_Impressionism/adam-baltatu_august-day.jpg"
"albert-huie_the-counting-lesson-1938","The counting lesson 1938","Albert Huie","Post Impressionism","data/archive/Post_Impressionism/albert-huie_the-counting-lesson-1938.jpg"
"albert-marquet_le-havre-1911","Le havre 1911","Albert Marquet","Post Impressionism","data/archive/Post_Impressionism/albert-marquet_le-havre-1911.jpg"
"albert-marquet_the-coffeepot-1902","The coffeepot 1902","Albert Marquet","Post Impressionism","data/archive/Post_Impressionism/albert-marquet_the-coffeepot-1902.jpg"
"alekos-kontopoulos_still-life-with-glass","Still life with glass","Alekos Kontopoulos","Post Impressionism","data/archive/Post_Impressionism/alekos-kontopoulos_still-life-with-glass.jpg"
"alexandre-benois_versailles-alley-1906(2)","Versailles alley 1906(2)","Alexandre Benois","Post Impressionism","data/archive/Post_Impressionism/alexandre-benois_versailles-alley-1906(2).jpg"
"amrita-sher-gil_camels-1941","Camels 1941","Amrita Sher Gil","Post Impressionism","data/archive/Post_Impressionism/amrita-sher-gil_camels-1941.jpg"
"andre-derain_ball-of-soldiers-in-suresnes-1903","Ball of soldiers in suresnes 1903","Andre Derain","Post Impressionism","data/archive/Post_Impressionism/andre-derain_ball-of-soldiers-in-suresnes-1903.jpg"
"andr├г┬й-lhote_mirmande-1932","Mirmande 1932","Andr├г┬й Lhote","Post Impressionism","data/archive/Post_Impressionism/andr├г┬й-lhote_mirmande-1932.jpg"
"anita-malfatti_p-de-jabuticaba","P de jabuticaba","Anita Malfatti","Post Impressionism","data/archive/Post_Impressionism/anita-malfatti_p-de-jabuticaba.jpg"
"anna-ostroumova-lebedeva_petersburg-bridge-with-centaurs-1901","Petersburg bridge with centaurs 1901","Anna Ostroumova Lebedeva","Post Impressionism","data/archive/Post_Impressionism/anna-ostroumova-lebedeva_petersburg-bridge-with-centaurs-1901.jpg"
"arshile-gorky_pears-peaches-and-pitcher-1927","Pears peaches and pitcher 1927","Arshile Gorky","Post Impressionism","data/archive/Post_Impressionism/arshile-gorky_pears-peaches-and-pitcher-1927.jpg"
"arshile-gorky_untitled-2","Untitled 2","Arshile Gorky","Post Impressionism","data/archive/Post_Impressionism/arshile-gorky_untitled-2.jpg"
"arturo-souto_galicia-1963","Galicia 1963","Arturo Souto","Post Impressionism","data/archive/Post_Impressionism/arturo-souto_galicia-1963.jpg"
"asgrimur-jonsson_from-h-safell-mt-str-tur-west-iceland-1945","From h safell mt str tur west iceland 1945","Asgrimur Jonsson","Post Impressionism","data/archive/Post_Impressionism/asgrimur-jonsson_from-h-safell-mt-str-tur-west-iceland-1945.jpg"
"auguste-herbin_les-joueurs-de-boules","Les joueurs de boules","Auguste Herbin","Post Impressionism","data/archive/Post_Impressionism/auguste-herbin_les-joueurs-de-boules.jpg"
"augustus-john_charles-portal-1st-viscount-portal-1943","Charles portal 1st viscount portal 1943","Augustus John","Post Impressionism","data/archive/Post_Impressionism/augustus-john_charles-portal-1st-viscount-portal-1943.jpg"
"augustus-john_louise-olgin","Louise olgin","Augustus John","Post Impressionism","data/archive/Post_Impressionism/augustus-john_louise-olgin.jpg"
"bela-czobel_girl-with-red-shawl-1934","Girl with red shawl 1934","Bela Czobel","Post Impressionism","data/archive/Post_Impressionism/bela-czobel_girl-with-red-shawl-1934.jpg"
"bertalan-por_gypsies-1907","Gypsies 1907","Bertalan Por","Post Impressionism","data/archive/Post_Impressionism/bertalan-por_gypsies-1907.jpg"
"candido-portinari_baile-na-ro-a-1924","Baile na ro a 1924","Candido Portinari","Post Impressionism","data/archive/Post_Impressionism/candido-portinari_baile-na-ro-a-1924.jpg"
"charles-cottet_marine-breton-1903","Marine breton 1903","Charles Cottet","Post Impressionism","data/archive/Post_Impressionism/charles-cottet_marine-breton-1903.jpg"
"charles-reiffel_holiday-mission-beach-1938","Holiday mission beach 1938","Charles Reiffel","Post Impressionism","data/archive/Post_Impressionism/charles-reiffel_holiday-mission-beach-1938.jpg"
"constantin-piliuta_arghezi","Arghezi","Constantin Piliuta","Post Impressionism","data/archive/Post_Impressionism/constantin-piliuta_arghezi.jpg"
"constantin-piliuta_in-the-city","In the city","Constantin Piliuta","Post Impressionism","data/archive/Post_Impressionism/constantin-piliuta_in-the-city.jpg"
"constantin-piliuta_springtime-1978","Springtime 1978","Constantin Piliuta","Post Impressionism","data/archive/Post_Impressionism/constantin-piliuta_springtime-1978.jpg"
"constantin-piliuta_winter-landscape-1989","Winter landscape 1989","Constantin Piliuta","Post Impressionism","data/archive/Post_Impressionism/constantin-piliuta_winter-landscape-1989.jpg"
"constantine-maleas_landscape-sketch","Landscape sketch","Constantine Maleas","Post Impressionism","data/archive/Post_Impressionism/constantine-maleas_landscape-sketch.jpg"
"constantine-maleas_view-of-delphi","View of delphi","Constantine Maleas","Post Impressionism","data/archive/Post_Impressionism/constantine-maleas_view-of-delphi.jpg"
"corneliu-michailescu_fountain-in-italy","Fountain in italy","Corneliu Michailescu","Post Impressionism","data/archive/Post_Impressionism/corneliu-michailescu_fountain-in-italy.jpg"
"david-burliuk_book-of-the-sea","Book of the sea","David Burliuk","Post Impressionism","data/archive/Post_Impressionism/david-burliuk_book-of-the-sea.jpg"
"david-burliuk_flowers-by-the-sea-1945","Flowers by the sea 1945","David Burliuk","Post Impressionism","data/archive/Post_Impressionism/david-burliuk_flowers-by-the-sea-1945.jpg"
"david-burliuk_japanese-bay-1921","Japanese bay 1921","David Burliuk","Post Impressionism","data/archive/Post_Impressionism/david-burliuk_japanese-bay-1921.jpg"
"david-burliuk_majorca-spain","Majorca spain","David Burliuk","Post Impressionism","data/archive/Post_Impressionism/david-burliuk_majorca-spain.jpg"
"david-burliuk_ogasawara-1","Ogasawara 1","David Burliuk","Post Impressionism","data/archive/Post_Impressionism/david-burliuk_ogasawara-1.jpg"
"david-burliuk_sea-1921","Sea 1921","David Burliuk","Post Impressionism","data/archive/Post_Impressionism/david-burliuk_sea-1921.jpg"
"david-burliuk_still-life-with-flowers-by-the-sea-1948","Still life with flowers by the sea 1948","David Burliuk","Post Impressionism","data/archive/Post_Impressionism/david-burliuk_still-life-with-flowers-by-the-sea-1948.jpg"
"david-burliuk_village-at-slobozhanschina","Village at slobozhanschina","David Burliuk","Post Impressionism","data/archive/Post_Impressionism/david-burliuk_village-at-slobozhanschina.jpg"
"dumitru-ghiatza_bistri-a-valley-1965","Bistri a valley 1965","Dumitru Ghiatza","Post Impressionism","data/archive/Post_Impressionism/dumitru-ghiatza_bistri-a-valley-1965.jpg"
"dumitru-ghiatza_white-roses","White roses","Dumitru Ghiatza","Post Impressionism","data/archive/Post_Impressionism/dumitru-ghiatza_white-roses.jpg"
"edouard-cortes_boulevard-de-la-madeleine-7","Boulevard de la madeleine 7","Edouard Cortes","Post Impressionism","data/archive/Post_Impressionism/edouard-cortes_boulevard-de-la-madeleine-7.jpg"
"edouard-cortes_caf-de-la-paix-paris-4","Caf de la paix paris 4","Edouard Cortes","Post Impressionism","data/archive/Post_Impressionism/edouard-cortes_caf-de-la-paix-paris-4.jpg"
"edouard-cortes_fountain-on-place-de-la-concorde-1","Fountain on place de la concorde 1","Edouard Cortes","Post Impressionism","data/archive/Post_Impressionism/edouard-cortes_fountain-on-place-de-la-concorde-1.jpg"
"edouard-cortes_new-bridge-paris","New bridge paris","Edouard Cortes","Post Impressionism","data/archive/Post_Impressionism/edouard-cortes_new-bridge-paris.jpg"
"edouard-cortes_place-de-l-opera-3","Place de l opera 3","Edouard Cortes","Post Impressionism","data/archive/Post_Impressionism/edouard-cortes_place-de-l-opera-3.jpg"
"edouard-cortes_place-de-la-madeleine","Place de la madeleine","Edouard Cortes","Post Impressionism","data/archive/Post_Impressionism/edouard-cortes_place-de-la-madeleine.jpg"
"edouard-cortes_place-pigalle-winter-evening","Place pigalle winter evening","Edouard Cortes","Post Impressionism","data/archive/Post_Impressionism/edouard-cortes_place-pigalle-winter-evening.jpg"
"edouard-cortes_quai-de-montebello-notre-dame","Quai de montebello notre dame","Edouard Cortes","Post Impressionism","data/archive/Post_Impressionism/edouard-cortes_quai-de-montebello-notre-dame.jpg"
"edouard-cortes_rue-de-lyon","Rue de lyon","Edouard Cortes","Post Impressionism","data/archive/Post_Impressionism/edouard-cortes_rue-de-lyon.jpg"
"edouard-cortes_st-denis-2","St denis 2","Edouard Cortes","Post Impressionism","data/archive/Post_Impressionism/edouard-cortes_st-denis-2.jpg"
"edouard-cortes_the-concorde-square-le-soir","The concorde square le soir","Edouard Cortes","Post Impressionism","data/archive/Post_Impressionism/edouard-cortes_the-concorde-square-le-soir.jpg"
"edouard-cortes_theatre-du-chatelet-1","Theatre du chatelet 1","Edouard Cortes","Post Impressionism","data/archive/Post_Impressionism/edouard-cortes_theatre-du-chatelet-1.jpg"
"edouard-cortes_triumphal-arch-view","Triumphal arch view","Edouard Cortes","Post Impressionism","data/archive/Post_Impressionism/edouard-cortes_triumphal-arch-view.jpg"
"edouard-vuillard_first-fruit","First fruit","Edouard Vuillard","Post Impressionism","data/archive/Post_Impressionism/edouard-vuillard_first-fruit.jpg"
"edouard-vuillard_portrait-of-louis-loucheur","Portrait of louis loucheur","Edouard Vuillard","Post Impressionism","data/archive/Post_Impressionism/edouard-vuillard_portrait-of-louis-loucheur.jpg"
"edouard-vuillard_the-vestibule-at-saint-jacut-de-la-mer","The vestibule at saint jacut de la mer","Edouard Vuillard","Post Impressionism","data/archive/Post_Impressionism/edouard-vuillard_the-vestibule-at-saint-jacut-de-la-mer.jpg"
"eduardo-viana_nu-1925","Nu 1925","Eduardo Viana","Post Impressionism","data/archive/Post_Impressionism/eduardo-viana_nu-1925.jpg"
"emily-carr_cedar-sanctuary-1942","Cedar sanctuary 1942","Emily Carr","Post Impressionism","data/archive/Post_Impressionism/emily-carr_cedar-sanctuary-1942.jpg"
"emily-carr_tree-trunk-1932","Tree trunk 1932","Emily Carr","Post Impressionism","data/archive/Post_Impressionism/emily-carr_tree-trunk-1932.jpg"
"felix-vallotton_lady-at-the-piano-1904","Lady at the piano 1904","Felix Vallotton","Post Impressionism","data/archive/Post_Impressionism/felix-vallotton_lady-at-the-piano-1904.jpg"
"felix-vallotton_the-port-of-marseille-1901","The port of marseille 1901","Felix Vallotton","Post Impressionism","data/archive/Post_Impressionism/felix-vallotton_the-port-of-marseille-1901.jpg"
"ferdinand-hodler_lake-thun-1884","Lake thun 1884","Ferdinand Hodler","Post Impressionism","data/archive/Post_Impressionism/ferdinand-hodler_lake-thun-1884.jpg"
"ferdinand-hodler_willow-tree-by-the-lake-1890","Willow tree by the lake 1890","Ferdinand Hodler","Post Impressionism","data/archive/Post_Impressionism/ferdinand-hodler_willow-tree-by-the-lake-1890.jpg"
"ferdynand-ruszczyc_morze-i-skaly","Morze i skaly","Ferdynand Ruszczyc","Post Impressionism","data/archive/Post_Impressionism/ferdynand-ruszczyc_morze-i-skaly.jpg"
"ferdynand-ruszczyc_wies-nad-rzeka","Wies nad rzeka","Ferdynand Ruszczyc","Post Impressionism","data/archive/Post_Impressionism/ferdynand-ruszczyc_wies-nad-rzeka.jpg"
"francisc-sirato_flori-galbene","Flori galbene","Francisc Sirato","Post Impressionism","data/archive/Post_Impressionism/francisc-sirato_flori-galbene.jpg"
"frank-johnston_the-shadowed-valley","The shadowed valley","Frank Johnston","Post Impressionism","data/archive/Post_Impressionism/frank-johnston_the-shadowed-valley.jpg"
"georges-braque_nude","Nude","Georges Braque","Post Impressionism","data/archive/Post_Impressionism/georges-braque_nude.jpg"
"georges-seurat_gardener-1882","Gardener 1882","Georges Seurat","Post Impressionism","data/archive/Post_Impressionism/georges-seurat_gardener-1882.jpg"
"georges-seurat_peasant-woman-seated-in-the-grass-1883","Peasant woman seated in the grass 1883","Georges Seurat","Post Impressionism","data/archive/Post_Impressionism/georges-seurat_peasant-woman-seated-in-the-grass-1883.jpg"
"georges-seurat_the-seamstress-or-sunday-at-the-grande-jatte-study-for-a-sunday-afternoon-on-the-island-of-la-1886","The seamstress or sunday at the grande jatte study for a sunday afternoon on the island of la 1886","Georges Seurat","Post Impressionism","data/archive/Post_Impressionism/georges-seurat_the-seamstress-or-sunday-at-the-grande-jatte-study-for-a-sunday-afternoon-on-the-island-of-la-1886.jpg"
"georges-vantongerloo_moored-fishing-boats-in-volendam-1915","Moored fishing boats in volendam 1915","Georges Vantongerloo","Post Impressionism","data/archive/Post_Impressionism/georges-vantongerloo_moored-fishing-boats-in-volendam-1915.jpg"
"grace-cossington-smith_door-into-the-garden-1947","Door into the garden 1947","Grace Cossington Smith","Post Impressionism","data/archive/Post_Impressionism/grace-cossington-smith_door-into-the-garden-1947.jpg"
"grace-cossington-smith_strike-1917","Strike 1917","Grace Cossington Smith","Post Impressionism","data/archive/Post_Impressionism/grace-cossington-smith_strike-1917.jpg"
"gregoire-boonzaier_still-life-1949","Still life 1949","Gregoire Boonzaier","Post Impressionism","data/archive/Post_Impressionism/gregoire-boonzaier_still-life-1949.jpg"
"gr├г┬йgoire-michonze_picnic-1957","Picnic 1957","Gr├г┬йgoire Michonze","Post Impressionism","data/archive/Post_Impressionism/gr├г┬йgoire-michonze_picnic-1957.jpg"
"gustave-loiseau_boats-on-the-seine","Boats on the seine","Gustave Loiseau","Post Impressionism","data/archive/Post_Impressionism/gustave-loiseau_boats-on-the-seine.jpg"
"gustave-loiseau_by-the-oise-at-precy","By the oise at precy","Gustave Loiseau","Post Impressionism","data/archive/Post_Impressionism/gustave-loiseau_by-the-oise-at-precy.jpg"
"gustave-loiseau_cliffs-at-cape-frehel-1905-1","Cliffs at cape frehel 1905 1","Gustave Loiseau","Post Impressionism","data/archive/Post_Impressionism/gustave-loiseau_cliffs-at-cape-frehel-1905-1.jpg"
"gustave-loiseau_cligancourt-street-1","Cligancourt street 1","Gustave Loiseau","Post Impressionism","data/archive/Post_Impressionism/gustave-loiseau_cligancourt-street-1.jpg"
"gustave-loiseau_flowers-and-a-statuette-1910","Flowers and a statuette 1910","Gustave Loiseau","Post Impressionism","data/archive/Post_Impressionism/gustave-loiseau_flowers-and-a-statuette-1910.jpg"
"gustave-loiseau_houses-near-the-eure","Houses near the eure","Gustave Loiseau","Post Impressionism","data/archive/Post_Impressionism/gustave-loiseau_houses-near-the-eure.jpg"
"gustave-loiseau_landscape-near-auxerre-1908","Landscape near auxerre 1908","Gustave Loiseau","Post Impressionism","data/archive/Post_Impressionism/gustave-loiseau_landscape-near-auxerre-1908.jpg"
"gustave-loiseau_near-the-seine","Near the seine","Gustave Loiseau","Post Impressionism","data/archive/Post_Impressionism/gustave-loiseau_near-the-seine.jpg"
"gustave-loiseau_pont-tourant-at-dieppe-1903","Pont tourant at dieppe 1903","Gustave Loiseau","Post Impressionism","data/archive/Post_Impressionism/gustave-loiseau_pont-tourant-at-dieppe-1903.jpg"
"gustave-loiseau_port-of-dieppe","Port of dieppe","Gustave Loiseau","Post Impressionism","data/archive/Post_Impressionism/gustave-loiseau_port-of-dieppe.jpg"
"gustave-loiseau_river-in-autumn-1919","River in autumn 1919","Gustave Loiseau","Post Impressionism","data/archive/Post_Impressionism/gustave-loiseau_river-in-autumn-1919.jpg"
"gustave-loiseau_snow-rifts-near-the-seine","Snow rifts near the seine","Gustave Loiseau","Post Impressionism","data/archive/Post_Impressionism/gustave-loiseau_snow-rifts-near-the-seine.jpg"
"gustave-loiseau_the-garden-behind-the-house-1915","The garden behind the house 1915","Gustave Loiseau","Post Impressionism","data/archive/Post_Impressionism/gustave-loiseau_the-garden-behind-the-house-1915.jpg"
"gustave-loiseau_the-road-to-dieppe","The road to dieppe","Gustave Loiseau","Post Impressionism","data/archive/Post_Impressionism/gustave-loiseau_the-road-to-dieppe.jpg"
"gustave-loiseau_village-in-spring-1916","Village in spring 1916","Gustave Loiseau","Post Impressionism","data/archive/Post_Impressionism/gustave-loiseau_village-in-spring-1916.jpg"
"gustave-loiseau_wood-and-fields-near-st-cyr-vadreuil","Wood and fields near st cyr vadreuil","Gustave Loiseau","Post Impressionism","data/archive/Post_Impressionism/gustave-loiseau_wood-and-fields-near-st-cyr-vadreuil.jpg"
"gwen-john_girl-with-bare-shoulders-1909","Girl with bare shoulders 1909","Gwen John","Post Impressionism","data/archive/Post_Impressionism/gwen-john_girl-with-bare-shoulders-1909.jpg"
"gwen-john_self-portrait-1902(1)","Self portrait 1902(1)","Gwen John","Post Impressionism","data/archive/Post_Impressionism/gwen-john_self-portrait-1902(1).jpg"
"gwen-john_young-woman-wearing-a-large-hat","Young woman wearing a large hat","Gwen John","Post Impressionism","data/archive/Post_Impressionism/gwen-john_young-woman-wearing-a-large-hat.jpg"
"henri-catargi_romanian-landscape-1941","Romanian landscape 1941","Henri Catargi","Post Impressionism","data/archive/Post_Impressionism/henri-catargi_romanian-landscape-1941.jpg"
"henri-de-toulouse-lautrec_artillerman-and-girl","Artillerman and girl","Henri De Toulouse Lautrec","Post Impressionism","data/archive/Post_Impressionism/henri-de-toulouse-lautrec_artillerman-and-girl.jpg"
"henri-de-toulouse-lautrec_baron","Baron","Henri De Toulouse Lautrec","Post Impressionism","data/archive/Post_Impressionism/henri-de-toulouse-lautrec_baron.jpg"
"henri-de-toulouse-lautrec_dr-tapie-celeyran-in-a-corridor-of-the-french-comedy-1894","Dr tapie celeyran in a corridor of the french comedy 1894","Henri De Toulouse Lautrec","Post Impressionism","data/archive/Post_Impressionism/henri-de-toulouse-lautrec_dr-tapie-celeyran-in-a-corridor-of-the-french-comedy-1894.jpg"
"henri-de-toulouse-lautrec_in-bed-1892","In bed 1892","Henri De Toulouse Lautrec","Post Impressionism","data/archive/Post_Impressionism/henri-de-toulouse-lautrec_in-bed-1892.jpg"
"henri-de-toulouse-lautrec_little-lodge","Little lodge","Henri De Toulouse Lautrec","Post Impressionism","data/archive/Post_Impressionism/henri-de-toulouse-lautrec_little-lodge.jpg"
"henri-de-toulouse-lautrec_man-and-woman-riding-through-the-woods-1901","Man and woman riding through the woods 1901","Henri De Toulouse Lautrec","Post Impressionism","data/archive/Post_Impressionism/henri-de-toulouse-lautrec_man-and-woman-riding-through-the-woods-1901.jpg"
"henri-de-toulouse-lautrec_moulin-rouge-the-departure-of-the-quadrille-1892","Moulin rouge the departure of the quadrille 1892","Henri De Toulouse Lautrec","Post Impressionism","data/archive/Post_Impressionism/henri-de-toulouse-lautrec_moulin-rouge-the-departure-of-the-quadrille-1892.jpg"
"henri-de-toulouse-lautrec_portrait-of-marcelle-1894","Portrait of marcelle 1894","Henri De Toulouse Lautrec","Post Impressionism","data/archive/Post_Impressionism/henri-de-toulouse-lautrec_portrait-of-marcelle-1894.jpg"
"henri-de-toulouse-lautrec_seated-dancer-in-pink-tights-1890","Seated dancer in pink tights 1890","Henri De Toulouse Lautrec","Post Impressionism","data/archive/Post_Impressionism/henri-de-toulouse-lautrec_seated-dancer-in-pink-tights-1890.jpg"
"henri-de-toulouse-lautrec_the-dancer-in-her-dressing-room-1885","The dancer in her dressing room 1885","Henri De Toulouse Lautrec","Post Impressionism","data/archive/Post_Impressionism/henri-de-toulouse-lautrec_the-dancer-in-her-dressing-room-1885.jpg"
"henri-de-toulouse-lautrec_the-original-cover-for-print","The original cover for print","Henri De Toulouse Lautrec","Post Impressionism","data/archive/Post_Impressionism/henri-de-toulouse-lautrec_the-original-cover-for-print.jpg"
"henri-de-toulouse-lautrec_the-two-friends-1894","The two friends 1894","Henri De Toulouse Lautrec","Post Impressionism","data/archive/Post_Impressionism/henri-de-toulouse-lautrec_the-two-friends-1894.jpg"
"henri-de-toulouse-lautrec_woman-combing-her-hair-1896","Woman combing her hair 1896","Henri De Toulouse Lautrec","Post Impressionism","data/archive/Post_Impressionism/henri-de-toulouse-lautrec_woman-combing-her-hair-1896.jpg"
"henri-de-toulouse-lautrec_yvette-guilbert-1","Yvette guilbert 1","Henri De Toulouse Lautrec","Post Impressionism","data/archive/Post_Impressionism/henri-de-toulouse-lautrec_yvette-guilbert-1.jpg"
"henri-edmond-cross_saint-clair-landscape","Saint clair landscape","Henri Edmond Cross","Post Impressionism","data/archive/Post_Impressionism/henri-edmond-cross_saint-clair-landscape.jpg"
"henri-le-fauconnier_village-among-the-rocks-1910","Village among the rocks 1910","Henri Le Fauconnier","Post Impressionism","data/archive/Post_Impressionism/henri-le-fauconnier_village-among-the-rocks-1910.jpg"
"henri-martin_houses-in-the-village-1","Houses in the village 1","Henri Martin","Post Impressionism","data/archive/Post_Impressionism/henri-martin_houses-in-the-village-1.jpg"
"henri-martin_street-in-the-village","Street in the village","Henri Martin","Post Impressionism","data/archive/Post_Impressionism/henri-martin_street-in-the-village.jpg"
"henri-martin_trees-in-flower","Trees in flower","Henri Martin","Post Impressionism","data/archive/Post_Impressionism/henri-martin_trees-in-flower.jpg"
"henri-matisse_body-of-a-girl-1918","Body of a girl 1918","Henri Matisse","Post Impressionism","data/archive/Post_Impressionism/henri-matisse_body-of-a-girl-1918.jpg"
"henri-matisse_flowers-in-a-pitcher-1908","Flowers in a pitcher 1908","Henri Matisse","Post Impressionism","data/archive/Post_Impressionism/henri-matisse_flowers-in-a-pitcher-1908.jpg"
"henri-matisse_laurette-s-head-with-a-coffee-cup","Laurette s head with a coffee cup","Henri Matisse","Post Impressionism","data/archive/Post_Impressionism/henri-matisse_laurette-s-head-with-a-coffee-cup.jpg"
"henri-matisse_not-identified-12","Not identified 12","Henri Matisse","Post Impressionism","data/archive/Post_Impressionism/henri-matisse_not-identified-12.jpg"
"henri-matisse_nude-spanish-carpet-1919","Nude spanish carpet 1919","Henri Matisse","Post Impressionism","data/archive/Post_Impressionism/henri-matisse_nude-spanish-carpet-1919.jpg"
"henri-matisse_portrait-of-greta-prozor-1916","Portrait of greta prozor 1916","Henri Matisse","Post Impressionism","data/archive/Post_Impressionism/henri-matisse_portrait-of-greta-prozor-1916.jpg"
"henri-matisse_still-life-with-a-checked-tablecloth","Still life with a checked tablecloth","Henri Matisse","Post Impressionism","data/archive/Post_Impressionism/henri-matisse_still-life-with-a-checked-tablecloth.jpg"
"henri-matisse_the-pont-saint-michel-1900","The pont saint michel 1900","Henri Matisse","Post Impressionism","data/archive/Post_Impressionism/henri-matisse_the-pont-saint-michel-1900.jpg"
"henri-matisse_woman-with-violin-1923","Woman with violin 1923","Henri Matisse","Post Impressionism","data/archive/Post_Impressionism/henri-matisse_woman-with-violin-1923.jpg"
"ilya-mashkov_a-flower-in-a-pot-and-strawberries-1938","A flower in a pot and strawberries 1938","Ilya Mashkov","Post Impressionism","data/archive/Post_Impressionism/ilya-mashkov_a-flower-in-a-pot-and-strawberries-1938.jpg"
"ilya-mashkov_landscape-1914","Landscape 1914","Ilya Mashkov","Post Impressionism","data/archive/Post_Impressionism/ilya-mashkov_landscape-1914.jpg"
"ilya-mashkov_raspberry-1939","Raspberry 1939","Ilya Mashkov","Post Impressionism","data/archive/Post_Impressionism/ilya-mashkov_raspberry-1939.jpg"
"ilya-mashkov_still-life-with-bread-and-pumpkin-1914","Still life with bread and pumpkin 1914","Ilya Mashkov","Post Impressionism","data/archive/Post_Impressionism/ilya-mashkov_still-life-with-bread-and-pumpkin-1914.jpg"
"ilya-mashkov_still-life-with-porcelain-figures-1922","Still life with porcelain figures 1922","Ilya Mashkov","Post Impressionism","data/archive/Post_Impressionism/ilya-mashkov_still-life-with-porcelain-figures-1922.jpg"
"ion-pacea_cas-la-malul-m-rii","Cas la malul m rii","Ion Pacea","Post Impressionism","data/archive/Post_Impressionism/ion-pacea_cas-la-malul-m-rii.jpg"
"ion-pacea_nud-in-fotoliu","Nud in fotoliu","Ion Pacea","Post Impressionism","data/archive/Post_Impressionism/ion-pacea_nud-in-fotoliu.jpg"
"ion-theodorescu-sion_composition-with-romanian-motifs-1924","Composition with romanian motifs 1924","Ion Theodorescu Sion","Post Impressionism","data/archive/Post_Impressionism/ion-theodorescu-sion_composition-with-romanian-motifs-1924.jpg"
"ion-tuculescu_daphne-monastery-1939","Daphne monastery 1939","Ion Tuculescu","Post Impressionism","data/archive/Post_Impressionism/ion-tuculescu_daphne-monastery-1939.jpg"
"irma-stern_portrait-of-a-west-african-girl-1955","Portrait of a west african girl 1955","Irma Stern","Post Impressionism","data/archive/Post_Impressionism/irma-stern_portrait-of-a-west-african-girl-1955.jpg"
"irma-stern_the-bride-1943","The bride 1943","Irma Stern","Post Impressionism","data/archive/Post_Impressionism/irma-stern_the-bride-1943.jpg"
"istvan-ilosvai-varga_houses-with-crippled-man-1939","Houses with crippled man 1939","Istvan Ilosvai Varga","Post Impressionism","data/archive/Post_Impressionism/istvan-ilosvai-varga_houses-with-crippled-man-1939.jpg"
"istvan-ilosvai-varga_street-at-szentendre-in-stormy-weather-1933","Street at szentendre in stormy weather 1933","Istvan Ilosvai Varga","Post Impressionism","data/archive/Post_Impressionism/istvan-ilosvai-varga_street-at-szentendre-in-stormy-weather-1933.jpg"
"istvan-nagy_lakeside-trees","Lakeside trees","Istvan Nagy","Post Impressionism","data/archive/Post_Impressionism/istvan-nagy_lakeside-trees.jpg"
"jacek-malczewski_corpus-christi","Corpus christi","Jacek Malczewski","Post Impressionism","data/archive/Post_Impressionism/jacek-malczewski_corpus-christi.jpg"
"jack-bush_lemon-in-a-basket-1952","Lemon in a basket 1952","Jack Bush","Post Impressionism","data/archive/Post_Impressionism/jack-bush_lemon-in-a-basket-1952.jpg"
"jacques-villon_le-violeniste-1903","Le violeniste 1903","Jacques Villon","Post Impressionism","data/archive/Post_Impressionism/jacques-villon_le-violeniste-1903.jpg"
"jan-sluyters_study-of-the-bal-tarbarin-1907","Study of the bal tarbarin 1907","Jan Sluyters","Post Impressionism","data/archive/Post_Impressionism/jan-sluyters_study-of-the-bal-tarbarin-1907.jpg"
"janos-tornyai_woman-standing-in-a-door-1934","Woman standing in a door 1934","Janos Tornyai","Post Impressionism","data/archive/Post_Impressionism/janos-tornyai_woman-standing-in-a-door-1934.jpg"
"jozsef-rippl-ronai_uncle-piacsek-dresser-in-front-of-the-black-1906","Uncle piacsek dresser in front of the black 1906","Jozsef Rippl Ronai","Post Impressionism","data/archive/Post_Impressionism/jozsef-rippl-ronai_uncle-piacsek-dresser-in-front-of-the-black-1906.jpg"
"karl-schrag_full-moon-silence-1980","Full moon silence 1980","Karl Schrag","Post Impressionism","data/archive/Post_Impressionism/karl-schrag_full-moon-silence-1980.jpg"
"karl-schrag_sea-breeze-in-the-woods","Sea breeze in the woods","Karl Schrag","Post Impressionism","data/archive/Post_Impressionism/karl-schrag_sea-breeze-in-the-woods.jpg"
"kazimir-malevich_portrait-of-a-youth-1933","Portrait of a youth 1933","Kazimir Malevich","Post Impressionism","data/archive/Post_Impressionism/kazimir-malevich_portrait-of-a-youth-1933.jpg"
"kees-van-dongen_a-woman-s-portrait-1909","A woman s portrait 1909","Kees Van Dongen","Post Impressionism","data/archive/Post_Impressionism/kees-van-dongen_a-woman-s-portrait-1909.jpg"
"kimon-loghi_springtime-1930","Springtime 1930","Kimon Loghi","Post Impressionism","data/archive/Post_Impressionism/kimon-loghi_springtime-1930.jpg"
"kuzma-petrov-vodkin_cacti-1907","Cacti 1907","Kuzma Petrov Vodkin","Post Impressionism","data/archive/Post_Impressionism/kuzma-petrov-vodkin_cacti-1907.jpg"
"lajos-tihanyi_hills-in-buda-1916","Hills in buda 1916","Lajos Tihanyi","Post Impressionism","data/archive/Post_Impressionism/lajos-tihanyi_hills-in-buda-1916.jpg"
"le-pho_fleurs","Fleurs","Le Pho","Post Impressionism","data/archive/Post_Impressionism/le-pho_fleurs.jpg"
"le-pho_orange-and-yellow-flowers","Orange and yellow flowers","Le Pho","Post Impressionism","data/archive/Post_Impressionism/le-pho_orange-and-yellow-flowers.jpg"
"le-pho_woman-on-the-balcony-1938","Woman on the balcony 1938","Le Pho","Post Impressionism","data/archive/Post_Impressionism/le-pho_woman-on-the-balcony-1938.jpg"
"lovis-corinth_susanna-and-the-elders-1923","Susanna and the elders 1923","Lovis Corinth","Post Impressionism","data/archive/Post_Impressionism/lovis-corinth_susanna-and-the-elders-1923.jpg"
"marcel-duchamp_portrait-of-yvonne-duchamp","Portrait of yvonne duchamp","Marcel Duchamp","Post Impressionism","data/archive/Post_Impressionism/marcel-duchamp_portrait-of-yvonne-duchamp.jpg"
"marsden-hartley_landscape-new-mexico-1920","Landscape new mexico 1920","Marsden Hartley","Post Impressionism","data/archive/Post_Impressionism/marsden-hartley_landscape-new-mexico-1920.jpg"
"martiros-saryan_ashtarak-1957","Ashtarak 1957","Martiros Saryan","Post Impressionism","data/archive/Post_Impressionism/martiros-saryan_ashtarak-1957.jpg"
"martiros-saryan_flowers-1908","Flowers 1908","Martiros Saryan","Post Impressionism","data/archive/Post_Impressionism/martiros-saryan_flowers-1908.jpg"
"martiros-saryan_still-life-with-jug-and-fruit-1913","Still life with jug and fruit 1913","Martiros Saryan","Post Impressionism","data/archive/Post_Impressionism/martiros-saryan_still-life-with-jug-and-fruit-1913.jpg"
"mary-fedden_lilies-and-lemons-2007","Lilies and lemons 2007","Mary Fedden","Post Impressionism","data/archive/Post_Impressionism/mary-fedden_lilies-and-lemons-2007.jpg"
"maurice-de-vlaminck_landscape-with-three-cypresses","Landscape with three cypresses","Maurice De Vlaminck","Post Impressionism","data/archive/Post_Impressionism/maurice-de-vlaminck_landscape-with-three-cypresses.jpg"
"maurice-de-vlaminck_the-bridge-at-nogent","The bridge at nogent","Maurice De Vlaminck","Post Impressionism","data/archive/Post_Impressionism/maurice-de-vlaminck_the-bridge-at-nogent.jpg"
"maurice-denis_around-a-child-with-dog","Around a child with dog","Maurice Denis","Post Impressionism","data/archive/Post_Impressionism/maurice-denis_around-a-child-with-dog.jpg"
"maurice-denis_noele-s-first-steps","Noele s first steps","Maurice Denis","Post Impressionism","data/archive/Post_Impressionism/maurice-denis_noele-s-first-steps.jpg"
"maurice-denis_the-road-to-calvary","The road to calvary","Maurice Denis","Post Impressionism","data/archive/Post_Impressionism/maurice-denis_the-road-to-calvary.jpg"
"maurice-prendergast_along-the-shore","Along the shore","Maurice Prendergast","Post Impressionism","data/archive/Post_Impressionism/maurice-prendergast_along-the-shore.jpg"
"maurice-prendergast_beach-scene-new-england","Beach scene new england","Maurice Prendergast","Post Impressionism","data/archive/Post_Impressionism/maurice-prendergast_beach-scene-new-england.jpg"
"maurice-prendergast_central-park-1900","Central park 1900","Maurice Prendergast","Post Impressionism","data/archive/Post_Impressionism/maurice-prendergast_central-park-1900.jpg"
"maurice-prendergast_crepuscule-also-known-as-sunset","Crepuscule also known as sunset","Maurice Prendergast","Post Impressionism","data/archive/Post_Impressionism/maurice-prendergast_crepuscule-also-known-as-sunset.jpg"
"maurice-prendergast_figures-under-the-flag","Figures under the flag","Maurice Prendergast","Post Impressionism","data/archive/Post_Impressionism/maurice-prendergast_figures-under-the-flag.jpg"
"maurice-prendergast_horseback-riders","Horseback riders","Maurice Prendergast","Post Impressionism","data/archive/Post_Impressionism/maurice-prendergast_horseback-riders.jpg"
"maurice-prendergast_landscape-with-figures-1921","Landscape with figures 1921","Maurice Prendergast","Post Impressionism","data/archive/Post_Impressionism/maurice-prendergast_landscape-with-figures-1921.jpg"
"maurice-prendergast_may-day-central-park-also-known-as-central-park-or-children-in-the-park","May day central park also known as central park or children in the park","Maurice Prendergast","Post Impressionism","data/archive/Post_Impressionism/maurice-prendergast_may-day-central-park-also-known-as-central-park-or-children-in-the-park.jpg"
"maurice-prendergast_on-the-shore","On the shore","Maurice Prendergast","Post Impressionism","data/archive/Post_Impressionism/maurice-prendergast_on-the-shore.jpg"
"maurice-prendergast_portrait-of-a-young-girl","Portrait of a young girl","Maurice Prendergast","Post Impressionism","data/archive/Post_Impressionism/maurice-prendergast_portrait-of-a-young-girl.jpg"
"maurice-prendergast_sea-maidens","Sea maidens","Maurice Prendergast","Post Impressionism","data/archive/Post_Impressionism/maurice-prendergast_sea-maidens.jpg"
"maurice-prendergast_st-malo-also-known-as-sketch-st-malo","St malo also known as sketch st malo","Maurice Prendergast","Post Impressionism","data/archive/Post_Impressionism/maurice-prendergast_st-malo-also-known-as-sketch-st-malo.jpg"
"maurice-prendergast_sunset-and-sea-fog-1923","Sunset and sea fog 1923","Maurice Prendergast","Post Impressionism","data/archive/Post_Impressionism/maurice-prendergast_sunset-and-sea-fog-1923.jpg"
"maurice-prendergast_the-grove-1915","The grove 1915","Maurice Prendergast","Post Impressionism","data/archive/Post_Impressionism/maurice-prendergast_the-grove-1915.jpg"
"maurice-prendergast_the-porch-with-the-old-mosaics-st-mark-s-venice","The porch with the old mosaics st mark s venice","Maurice Prendergast","Post Impressionism","data/archive/Post_Impressionism/maurice-prendergast_the-porch-with-the-old-mosaics-st-mark-s-venice.jpg"
"maurice-prendergast_village-by-the-sea","Village by the sea","Maurice Prendergast","Post Impressionism","data/archive/Post_Impressionism/maurice-prendergast_village-by-the-sea.jpg"
"maurice-utrillo_bistros-in-a-suburb","Bistros in a suburb","Maurice Utrillo","Post Impressionism","data/archive/Post_Impressionism/maurice-utrillo_bistros-in-a-suburb.jpg"
"maurice-utrillo_church-of-st-hilary","Church of st hilary","Maurice Utrillo","Post Impressionism","data/archive/Post_Impressionism/maurice-utrillo_church-of-st-hilary.jpg"
"maurice-utrillo_hector-berlioz-s-house","Hector berlioz s house","Maurice Utrillo","Post Impressionism","data/archive/Post_Impressionism/maurice-utrillo_hector-berlioz-s-house.jpg"
"maurice-utrillo_marcadet-street","Marcadet street","Maurice Utrillo","Post Impressionism","data/archive/Post_Impressionism/maurice-utrillo_marcadet-street.jpg"
"maurice-utrillo_moulin-de-la-galette-under-the-snow-1","Moulin de la galette under the snow 1","Maurice Utrillo","Post Impressionism","data/archive/Post_Impressionism/maurice-utrillo_moulin-de-la-galette-under-the-snow-1.jpg"
"maurice-utrillo_place-pigalle","Place pigalle","Maurice Utrillo","Post Impressionism","data/archive/Post_Impressionism/maurice-utrillo_place-pigalle.jpg"
"maurice-utrillo_square-minimes","Square minimes","Maurice Utrillo","Post Impressionism","data/archive/Post_Impressionism/maurice-utrillo_square-minimes.jpg"
"maurice-utrillo_the-bernot-s-house","The bernot s house","Maurice Utrillo","Post Impressionism","data/archive/Post_Impressionism/maurice-utrillo_the-bernot-s-house.jpg"
"maurice-utrillo_vase-with-flowers-1","Vase with flowers 1","Maurice Utrillo","Post Impressionism","data/archive/Post_Impressionism/maurice-utrillo_vase-with-flowers-1.jpg"
"max-pechstein_zerfallenes-haus-1906","Zerfallenes haus 1906","Max Pechstein","Post Impressionism","data/archive/Post_Impressionism/max-pechstein_zerfallenes-haus-1906.jpg"
"maxime-maufra_bretons-on-the-way","Bretons on the way","Maxime Maufra","Post Impressionism","data/archive/Post_Impressionism/maxime-maufra_bretons-on-the-way.jpg"
"maxime-maufra_fishing-boats-on-the-shore","Fishing boats on the shore","Maxime Maufra","Post Impressionism","data/archive/Post_Impressionism/maxime-maufra_fishing-boats-on-the-shore.jpg"
"maxime-maufra_moonrise-1901","Moonrise 1901","Maxime Maufra","Post Impressionism","data/archive/Post_Impressionism/maxime-maufra_moonrise-1901.jpg"
"maxime-maufra_semaphore-of-the-beg-meil-brittany-1900","Semaphore of the beg meil brittany 1900","Maxime Maufra","Post Impressionism","data/archive/Post_Impressionism/maxime-maufra_semaphore-of-the-beg-meil-brittany-1900.jpg"
"maxime-maufra_the-beach-at-morgat","The beach at morgat","Maxime Maufra","Post Impressionism","data/archive/Post_Impressionism/maxime-maufra_the-beach-at-morgat.jpg"
"maxime-maufra_the-heart-of-the-port-of-goulphar-belle-ile-en-mer-1909","The heart of the port of goulphar belle ile en mer 1909","Maxime Maufra","Post Impressionism","data/archive/Post_Impressionism/maxime-maufra_the-heart-of-the-port-of-goulphar-belle-ile-en-mer-1909.jpg"
"maxime-maufra_the-signal-tower-1911","The signal tower 1911","Maxime Maufra","Post Impressionism","data/archive/Post_Impressionism/maxime-maufra_the-signal-tower-1911.jpg"
"meijer-de-haan_a-bunch-of-garlic-and-a-pewter-tankard","A bunch of garlic and a pewter tankard","Meijer De Haan","Post Impressionism","data/archive/Post_Impressionism/meijer-de-haan_a-bunch-of-garlic-and-a-pewter-tankard.jpg"
"mikhail-nesterov_a-sick-girl-1928","A sick girl 1928","Mikhail Nesterov","Post Impressionism","data/archive/Post_Impressionism/mikhail-nesterov_a-sick-girl-1928.jpg"
"mily-possoz_a-la-plage-1920","A la plage 1920","Mily Possoz","Post Impressionism","data/archive/Post_Impressionism/mily-possoz_a-la-plage-1920.jpg"
"mily-possoz_vista-de-lisboa-jardim-da-estrela-signed-possoz-but-attributed-to-eduardo-viana","Vista de lisboa jardim da estrela signed possoz but attributed to eduardo viana","Mily Possoz","Post Impressionism","data/archive/Post_Impressionism/mily-possoz_vista-de-lisboa-jardim-da-estrela-signed-possoz-but-attributed-to-eduardo-viana.jpg"
"moise-kisling_flowers-1919","Flowers 1919","Moise Kisling","Post Impressionism","data/archive/Post_Impressionism/moise-kisling_flowers-1919.jpg"
"moise-kisling_marseille-port-1","Marseille port 1","Moise Kisling","Post Impressionism","data/archive/Post_Impressionism/moise-kisling_marseille-port-1.jpg"
"moise-kisling_not-identified-1933","Not identified 1933","Moise Kisling","Post Impressionism","data/archive/Post_Impressionism/moise-kisling_not-identified-1933.jpg"
"moise-kisling_not-identified-31","Not identified 31","Moise Kisling","Post Impressionism","data/archive/Post_Impressionism/moise-kisling_not-identified-31.jpg"
"moise-kisling_nude-portrait-of-arletty-1933","Nude portrait of arletty 1933","Moise Kisling","Post Impressionism","data/archive/Post_Impressionism/moise-kisling_nude-portrait-of-arletty-1933.jpg"
"moise-kisling_reclining-nude-1919","Reclining nude 1919","Moise Kisling","Post Impressionism","data/archive/Post_Impressionism/moise-kisling_reclining-nude-1919.jpg"
"moise-kisling_sonia(1)","Sonia(1)","Moise Kisling","Post Impressionism","data/archive/Post_Impressionism/moise-kisling_sonia(1).jpg"
"moise-kisling_young-breton-1931","Young breton 1931","Moise Kisling","Post Impressionism","data/archive/Post_Impressionism/moise-kisling_young-breton-1931.jpg"
"natalia-goncharova_pink-light","Pink light","Natalia Goncharova","Post Impressionism","data/archive/Post_Impressionism/natalia-goncharova_pink-light.jpg"
"nicolae-darascu_marina","Marina","Nicolae Darascu","Post Impressionism","data/archive/Post_Impressionism/nicolae-darascu_marina.jpg"
"nicolae-tonitza_ecaterina-tonitza","Ecaterina tonitza","Nicolae Tonitza","Post Impressionism","data/archive/Post_Impressionism/nicolae-tonitza_ecaterina-tonitza.jpg"
"nicolae-tonitza_nude-1927","Nude 1927","Nicolae Tonitza","Post Impressionism","data/archive/Post_Impressionism/nicolae-tonitza_nude-1927.jpg"
"nicolae-tonitza_winter-landscape-1927","Winter landscape 1927","Nicolae Tonitza","Post Impressionism","data/archive/Post_Impressionism/nicolae-tonitza_winter-landscape-1927.jpg"
"nikola-tanev_winter-in-innsbruck","Winter in innsbruck","Nikola Tanev","Post Impressionism","data/archive/Post_Impressionism/nikola-tanev_winter-in-innsbruck.jpg"
"oleksandr-bogomazov_white-night-finland-1911","White night finland 1911","Oleksandr Bogomazov","Post Impressionism","data/archive/Post_Impressionism/oleksandr-bogomazov_white-night-finland-1911.jpg"
"pablo-picasso_design-of-costume-for-pulcinella-1920-1","Design of costume for pulcinella 1920 1","Pablo Picasso","Post Impressionism","data/archive/Post_Impressionism/pablo-picasso_design-of-costume-for-pulcinella-1920-1.jpg"
"pablo-picasso_marin-and-student-1907","Marin and student 1907","Pablo Picasso","Post Impressionism","data/archive/Post_Impressionism/pablo-picasso_marin-and-student-1907.jpg"
"pablo-picasso_nude-youth-1906","Nude youth 1906","Pablo Picasso","Post Impressionism","data/archive/Post_Impressionism/pablo-picasso_nude-youth-1906.jpg"
"pablo-picasso_portrait-of-maya-1938","Portrait of maya 1938","Pablo Picasso","Post Impressionism","data/archive/Post_Impressionism/pablo-picasso_portrait-of-maya-1938.jpg"
"pablo-picasso_sleeping-woman-meditation-1904","Sleeping woman meditation 1904","Pablo Picasso","Post Impressionism","data/archive/Post_Impressionism/pablo-picasso_sleeping-woman-meditation-1904.jpg"
"pablo-picasso_the-suicide-casagemas-1901","The suicide casagemas 1901","Pablo Picasso","Post Impressionism","data/archive/Post_Impressionism/pablo-picasso_the-suicide-casagemas-1901.jpg"
"pablo-picasso_woman-with-hat-1901","Woman with hat 1901","Pablo Picasso","Post Impressionism","data/archive/Post_Impressionism/pablo-picasso_woman-with-hat-1901.jpg"
"panayiotis-tetsis_landscape-of-stage-ardittos","Landscape of stage ardittos","Panayiotis Tetsis","Post Impressionism","data/archive/Post_Impressionism/panayiotis-tetsis_landscape-of-stage-ardittos.jpg"
"panayiotis-tetsis_still-life-named-the-afternoon-sun","Still life named the afternoon sun","Panayiotis Tetsis","Post Impressionism","data/archive/Post_Impressionism/panayiotis-tetsis_still-life-named-the-afternoon-sun.jpg"
"paul-cezanne_a-turn-in-the-road-at-la-roche-guyon-1885","A turn in the road at la roche guyon 1885","Paul Cezanne","Post Impressionism","data/archive/Post_Impressionism/paul-cezanne_a-turn-in-the-road-at-la-roche-guyon-1885.jpg"
"paul-cezanne_bathers-1906","Bathers 1906","Paul Cezanne","Post Impressionism","data/archive/Post_Impressionism/paul-cezanne_bathers-1906.jpg"
"paul-cezanne_boy-resting-1890","Boy resting 1890","Paul Cezanne","Post Impressionism","data/archive/Post_Impressionism/paul-cezanne_boy-resting-1890.jpg"
"paul-cezanne_dark-blue-vase-1880","Dark blue vase 1880","Paul Cezanne","Post Impressionism","data/archive/Post_Impressionism/paul-cezanne_dark-blue-vase-1880.jpg"
"paul-cezanne_four-bathers-1","Four bathers 1","Paul Cezanne","Post Impressionism","data/archive/Post_Impressionism/paul-cezanne_four-bathers-1.jpg"
"paul-cezanne_house-with-red-roof-1890","House with red roof 1890","Paul Cezanne","Post Impressionism","data/archive/Post_Impressionism/paul-cezanne_house-with-red-roof-1890.jpg"
"paul-cezanne_l-estaque-with-red-roofs-1885","L estaque with red roofs 1885","Paul Cezanne","Post Impressionism","data/archive/Post_Impressionism/paul-cezanne_l-estaque-with-red-roofs-1885.jpg"
"paul-cezanne_madame-cezanne-in-a-striped-rob","Madame cezanne in a striped rob","Paul Cezanne","Post Impressionism","data/archive/Post_Impressionism/paul-cezanne_madame-cezanne-in-a-striped-rob.jpg"
"paul-cezanne_medea-1882","Medea 1882","Paul Cezanne","Post Impressionism","data/archive/Post_Impressionism/paul-cezanne_medea-1882.jpg"
"paul-cezanne_moulin-de-la-couleuvre-at-pontoise-1881","Moulin de la couleuvre at pontoise 1881","Paul Cezanne","Post Impressionism","data/archive/Post_Impressionism/paul-cezanne_moulin-de-la-couleuvre-at-pontoise-1881.jpg"
"paul-cezanne_portrait-of-ambroise-vollard-1899","Portrait of ambroise vollard 1899","Paul Cezanne","Post Impressionism","data/archive/Post_Impressionism/paul-cezanne_portrait-of-ambroise-vollard-1899.jpg"
"paul-cezanne_pot-of-geraniums","Pot of geraniums","Paul Cezanne","Post Impressionism","data/archive/Post_Impressionism/paul-cezanne_pot-of-geraniums.jpg"
"paul-cezanne_seated-peasant-1900","Seated peasant 1900","Paul Cezanne","Post Impressionism","data/archive/Post_Impressionism/paul-cezanne_seated-peasant-1900.jpg"
"paul-cezanne_self-portrait-with-white-turbaned-1882","Self portrait with white turbaned 1882","Paul Cezanne","Post Impressionism","data/archive/Post_Impressionism/paul-cezanne_self-portrait-with-white-turbaned-1882.jpg"
"paul-cezanne_still-life-with-a-fruit-dish-and-apples","Still life with a fruit dish and apples","Paul Cezanne","Post Impressionism","data/archive/Post_Impressionism/paul-cezanne_still-life-with-a-fruit-dish-and-apples.jpg"
"paul-cezanne_still-life-with-fruit-geraniums-stock-1894","Still life with fruit geraniums stock 1894","Paul Cezanne","Post Impressionism","data/archive/Post_Impressionism/paul-cezanne_still-life-with-fruit-geraniums-stock-1894.jpg"
"paul-cezanne_table-napkin-and-fruit","Table napkin and fruit","Paul Cezanne","Post Impressionism","data/archive/Post_Impressionism/paul-cezanne_table-napkin-and-fruit.jpg"
"paul-cezanne_the-chateau-de-medan","The chateau de medan","Paul Cezanne","Post Impressionism","data/archive/Post_Impressionism/paul-cezanne_the-chateau-de-medan.jpg"
"paul-cezanne_the-three-skulls","The three skulls","Paul Cezanne","Post Impressionism","data/archive/Post_Impressionism/paul-cezanne_the-three-skulls.jpg"
"paul-cezanne_woman-in-blue-madame-cezanne","Woman in blue madame cezanne","Paul Cezanne","Post Impressionism","data/archive/Post_Impressionism/paul-cezanne_woman-in-blue-madame-cezanne.jpg"
"paul-gauguin_apples-in-bowl-1888","Apples in bowl 1888","Paul Gauguin","Post Impressionism","data/archive/Post_Impressionism/paul-gauguin_apples-in-bowl-1888.jpg"
"paul-gauguin_breton-boy-in-a-landscape-with-goose-1889","Breton boy in a landscape with goose 1889","Paul Gauguin","Post Impressionism","data/archive/Post_Impressionism/paul-gauguin_breton-boy-in-a-landscape-with-goose-1889.jpg"
"paul-gauguin_clovis-1886","Clovis 1886","Paul Gauguin","Post Impressionism","data/archive/Post_Impressionism/paul-gauguin_clovis-1886.jpg"
"paul-gauguin_flowers-in-a-fruit-bowl-1894","Flowers in a fruit bowl 1894","Paul Gauguin","Post Impressionism","data/archive/Post_Impressionism/paul-gauguin_flowers-in-a-fruit-bowl-1894.jpg"
"paul-gauguin_huts-under-trees-1887","Huts under trees 1887","Paul Gauguin","Post Impressionism","data/archive/Post_Impressionism/paul-gauguin_huts-under-trees-1887.jpg"
"paul-gauguin_landscape-with-peacocks-1892","Landscape with peacocks 1892","Paul Gauguin","Post Impressionism","data/archive/Post_Impressionism/paul-gauguin_landscape-with-peacocks-1892.jpg"
"paul-gauguin_meadow-at-the-banks-of-aven-1888","Meadow at the banks of aven 1888","Paul Gauguin","Post Impressionism","data/archive/Post_Impressionism/paul-gauguin_meadow-at-the-banks-of-aven-1888.jpg"
"paul-gauguin_paris-in-the-snow-1894","Paris in the snow 1894","Paul Gauguin","Post Impressionism","data/archive/Post_Impressionism/paul-gauguin_paris-in-the-snow-1894.jpg"
"paul-gauguin_rocks-on-the-coast-1889","Rocks on the coast 1889","Paul Gauguin","Post Impressionism","data/archive/Post_Impressionism/paul-gauguin_rocks-on-the-coast-1889.jpg"
"paul-gauguin_stabble-near-dieppe-1886","Stabble near dieppe 1886","Paul Gauguin","Post Impressionism","data/archive/Post_Impressionism/paul-gauguin_stabble-near-dieppe-1886.jpg"
"paul-gauguin_swineherd-brittany-1888","Swineherd brittany 1888","Paul Gauguin","Post Impressionism","data/archive/Post_Impressionism/paul-gauguin_swineherd-brittany-1888.jpg"
"paul-gauguin_the-creek-le-pouldu-1889","The creek le pouldu 1889","Paul Gauguin","Post Impressionism","data/archive/Post_Impressionism/paul-gauguin_the-creek-le-pouldu-1889.jpg"
"paul-gauguin_the-red-cow-1889","The red cow 1889","Paul Gauguin","Post Impressionism","data/archive/Post_Impressionism/paul-gauguin_the-red-cow-1889.jpg"
"paul-gauguin_vairumati-1892","Vairumati 1892","Paul Gauguin","Post Impressionism","data/archive/Post_Impressionism/paul-gauguin_vairumati-1892.jpg"
"paul-gauguin_women-at-the-banks-of-river-1892","Women at the banks of river 1892","Paul Gauguin","Post Impressionism","data/archive/Post_Impressionism/paul-gauguin_women-at-the-banks-of-river-1892.jpg"
"paul-serusier_woman-in-a-street-1891","Woman in a street 1891","Paul Serusier","Post Impressionism","data/archive/Post_Impressionism/paul-serusier_woman-in-a-street-1891.jpg"
"periklis-vyzantios_landscape-delphi-1942","Landscape delphi 1942","Periklis Vyzantios","Post Impressionism","data/archive/Post_Impressionism/periklis-vyzantios_landscape-delphi-1942.jpg"
"pierre-bonnard_at-the-races-longchamp-1894","At the races longchamp 1894","Pierre Bonnard","Post Impressionism","data/archive/Post_Impressionism/pierre-bonnard_at-the-races-longchamp-1894.jpg"
"pierre-bonnard_children-playing-in-a-garden-1899","Children playing in a garden 1899","Pierre Bonnard","Post Impressionism","data/archive/Post_Impressionism/pierre-bonnard_children-playing-in-a-garden-1899.jpg"
"pierre-bonnard_fruit-on-the-red-carpet","Fruit on the red carpet","Pierre Bonnard","Post Impressionism","data/archive/Post_Impressionism/pierre-bonnard_fruit-on-the-red-carpet.jpg"
"pierre-bonnard_joseph-bernheim-jeune-and-gaston-bernheim-de-villers-1920","Joseph bernheim jeune and gaston bernheim de villers 1920","Pierre Bonnard","Post Impressionism","data/archive/Post_Impressionism/pierre-bonnard_joseph-bernheim-jeune-and-gaston-bernheim-de-villers-1920.jpg"
"pierre-bonnard_morning-in-paris-1911","Morning in paris 1911","Pierre Bonnard","Post Impressionism","data/archive/Post_Impressionism/pierre-bonnard_morning-in-paris-1911.jpg"
"pierre-bonnard_poppies-1","Poppies 1","Pierre Bonnard","Post Impressionism","data/archive/Post_Impressionism/pierre-bonnard_poppies-1.jpg"
"pierre-bonnard_still-life-with-earthenware-dish-1918","Still life with earthenware dish 1918","Pierre Bonnard","Post Impressionism","data/archive/Post_Impressionism/pierre-bonnard_still-life-with-earthenware-dish-1918.jpg"
"pierre-bonnard_the-garden","The garden","Pierre Bonnard","Post Impressionism","data/archive/Post_Impressionism/pierre-bonnard_the-garden.jpg"
"pierre-bonnard_the-solfege-1917","The solfege 1917","Pierre Bonnard","Post Impressionism","data/archive/Post_Impressionism/pierre-bonnard_the-solfege-1917.jpg"
"pierre-bonnard_woman-on-the-street-1894","Woman on the street 1894","Pierre Bonnard","Post Impressionism","data/archive/Post_Impressionism/pierre-bonnard_woman-on-the-street-1894.jpg"
"pierre-daura_white-houses-1935","White houses 1935","Pierre Daura","Post Impressionism","data/archive/Post_Impressionism/pierre-daura_white-houses-1935.jpg"
"piet-mondrian_study-for-blue-apple-tree-series","Study for blue apple tree series","Piet Mondrian","Post Impressionism","data/archive/Post_Impressionism/piet-mondrian_study-for-blue-apple-tree-series.jpg"
"pyotr-konchalovsky_a-young-poser-from-the-village-samokrazhi-1928","A young poser from the village samokrazhi 1928","Pyotr Konchalovsky","Post Impressionism","data/archive/Post_Impressionism/pyotr-konchalovsky_a-young-poser-from-the-village-samokrazhi-1928.jpg"
"pyotr-konchalovsky_balaklava-the-balcony-1929","Balaklava the balcony 1929","Pyotr Konchalovsky","Post Impressionism","data/archive/Post_Impressionism/pyotr-konchalovsky_balaklava-the-balcony-1929.jpg"
"pyotr-konchalovsky_breads-and-the-tray-1912","Breads and the tray 1912","Pyotr Konchalovsky","Post Impressionism","data/archive/Post_Impressionism/pyotr-konchalovsky_breads-and-the-tray-1912.jpg"
"pyotr-konchalovsky_crimea-the-rocks-by-the-sea-1929","Crimea the rocks by the sea 1929","Pyotr Konchalovsky","Post Impressionism","data/archive/Post_Impressionism/pyotr-konchalovsky_crimea-the-rocks-by-the-sea-1929.jpg"
"pyotr-konchalovsky_female-portrait-1923","Female portrait 1923","Pyotr Konchalovsky","Post Impressionism","data/archive/Post_Impressionism/pyotr-konchalovsky_female-portrait-1923.jpg"
"pyotr-konchalovsky_france-nemours-1908","France nemours 1908","Pyotr Konchalovsky","Post Impressionism","data/archive/Post_Impressionism/pyotr-konchalovsky_france-nemours-1908.jpg"
"pyotr-konchalovsky_gurzuf-the-road-in-the-mountains-1929","Gurzuf the road in the mountains 1929","Pyotr Konchalovsky","Post Impressionism","data/archive/Post_Impressionism/pyotr-konchalovsky_gurzuf-the-road-in-the-mountains-1929.jpg"
"pyotr-konchalovsky_kislovodsk-the-bridge-in-the-park-1938","Kislovodsk the bridge in the park 1938","Pyotr Konchalovsky","Post Impressionism","data/archive/Post_Impressionism/pyotr-konchalovsky_kislovodsk-the-bridge-in-the-park-1938.jpg"
"pyotr-konchalovsky_leningrad-million-street-1931","Leningrad million street 1931","Pyotr Konchalovsky","Post Impressionism","data/archive/Post_Impressionism/pyotr-konchalovsky_leningrad-million-street-1931.jpg"
"pyotr-konchalovsky_model-with-red-hair-by-the-mirror-1928","Model with red hair by the mirror 1928","Pyotr Konchalovsky","Post Impressionism","data/archive/Post_Impressionism/pyotr-konchalovsky_model-with-red-hair-by-the-mirror-1928.jpg"
"pyotr-konchalovsky_natalia-petrovna-with-katya-at-the-piano-1935","Natalia petrovna with katya at the piano 1935","Pyotr Konchalovsky","Post Impressionism","data/archive/Post_Impressionism/pyotr-konchalovsky_natalia-petrovna-with-katya-at-the-piano-1935.jpg"
"pyotr-konchalovsky_novgorod-the-church-1925","Novgorod the church 1925","Pyotr Konchalovsky","Post Impressionism","data/archive/Post_Impressionism/pyotr-konchalovsky_novgorod-the-church-1925.jpg"
"pyotr-konchalovsky_paris-innkeeper-1908","Paris innkeeper 1908","Pyotr Konchalovsky","Post Impressionism","data/archive/Post_Impressionism/pyotr-konchalovsky_paris-innkeeper-1908.jpg"
"pyotr-konchalovsky_pond-1928","Pond 1928","Pyotr Konchalovsky","Post Impressionism","data/archive/Post_Impressionism/pyotr-konchalovsky_pond-1928.jpg"
"pyotr-konchalovsky_portrait-of-the-sculptor-p-bromirsky-1919","Portrait of the sculptor p bromirsky 1919","Pyotr Konchalovsky","Post Impressionism","data/archive/Post_Impressionism/pyotr-konchalovsky_portrait-of-the-sculptor-p-bromirsky-1919.jpg"
"pyotr-konchalovsky_saint-basil-red-square-1932","Saint basil red square 1932","Pyotr Konchalovsky","Post Impressionism","data/archive/Post_Impressionism/pyotr-konchalovsky_saint-basil-red-square-1932.jpg"
"pyotr-konchalovsky_silver-and-crystal-1938","Silver and crystal 1938","Pyotr Konchalovsky","Post Impressionism","data/archive/Post_Impressionism/pyotr-konchalovsky_silver-and-crystal-1938.jpg"
"pyotr-konchalovsky_spring-state-farm-mounds-1932","Spring state farm mounds 1932","Pyotr Konchalovsky","Post Impressionism","data/archive/Post_Impressionism/pyotr-konchalovsky_spring-state-farm-mounds-1932.jpg"
"pyotr-konchalovsky_still-life-grape-1929","Still life grape 1929","Pyotr Konchalovsky","Post Impressionism","data/archive/Post_Impressionism/pyotr-konchalovsky_still-life-grape-1929.jpg"
"pyotr-konchalovsky_still-life-samovar-1913","Still life samovar 1913","Pyotr Konchalovsky","Post Impressionism","data/archive/Post_Impressionism/pyotr-konchalovsky_still-life-samovar-1913.jpg"
"pyotr-konchalovsky_still-life-with-begonia-1916","Still life with begonia 1916","Pyotr Konchalovsky","Post Impressionism","data/archive/Post_Impressionism/pyotr-konchalovsky_still-life-with-begonia-1916.jpg"
"pyotr-konchalovsky_the-mounds-edge-of-the-forest-1933","The mounds edge of the forest 1933","Pyotr Konchalovsky","Post Impressionism","data/archive/Post_Impressionism/pyotr-konchalovsky_the-mounds-edge-of-the-forest-1933.jpg"
"pyotr-konchalovsky_under-the-tree-1929","Under the tree 1929","Pyotr Konchalovsky","Post Impressionism","data/archive/Post_Impressionism/pyotr-konchalovsky_under-the-tree-1929.jpg"
"pyotr-konchalovsky_volkhov-at-the-ferry-1926","Volkhov at the ferry 1926","Pyotr Konchalovsky","Post Impressionism","data/archive/Post_Impressionism/pyotr-konchalovsky_volkhov-at-the-ferry-1926.jpg"
"rafael-zabaleta_the-camp-gate","The camp gate","Rafael Zabaleta","Post Impressionism","data/archive/Post_Impressionism/rafael-zabaleta_the-camp-gate.jpg"
"raoul-dufy_houses-in-munich-1909","Houses in munich 1909","Raoul Dufy","Post Impressionism","data/archive/Post_Impressionism/raoul-dufy_houses-in-munich-1909.jpg"
"raoul-dufy_pink-bunch-1940","Pink bunch 1940","Raoul Dufy","Post Impressionism","data/archive/Post_Impressionism/raoul-dufy_pink-bunch-1940.jpg"
"raoul-dufy_the-fisherman-with-net-1914","The fisherman with net 1914","Raoul Dufy","Post Impressionism","data/archive/Post_Impressionism/raoul-dufy_the-fisherman-with-net-1914.jpg"
"raoul-dufy_umbrellas-1906","Umbrellas 1906","Raoul Dufy","Post Impressionism","data/archive/Post_Impressionism/raoul-dufy_umbrellas-1906.jpg"
"richard-gerstl_unlit-meadow-with-fruit-trees-1907","Unlit meadow with fruit trees 1907","Richard Gerstl","Post Impressionism","data/archive/Post_Impressionism/richard-gerstl_unlit-meadow-with-fruit-trees-1907.jpg"
"roger-fry_river-with-poplars-1912","River with poplars 1912","Roger Fry","Post Impressionism","data/archive/Post_Impressionism/roger-fry_river-with-poplars-1912.jpg"
"salvador-dali_figure-at-a-table-portrait-of-my-sister","Figure at a table portrait of my sister","Salvador Dali","Post Impressionism","data/archive/Post_Impressionism/salvador-dali_figure-at-a-table-portrait-of-my-sister.jpg"
"salvador-dali_portrait-of-bobo-rockefeller-unfinished","Portrait of bobo rockefeller unfinished","Salvador Dali","Post Impressionism","data/archive/Post_Impressionism/salvador-dali_portrait-of-bobo-rockefeller-unfinished.jpg"
"salvador-dali_self-portrait","Self portrait","Salvador Dali","Post Impressionism","data/archive/Post_Impressionism/salvador-dali_self-portrait.jpg"
"salvador-dali_the-patio-of-port-lligat","The patio of port lligat","Salvador Dali","Post Impressionism","data/archive/Post_Impressionism/salvador-dali_the-patio-of-port-lligat.jpg"
"serge-sudeikin_design-for-the-visible-side-of-life-by-benavente-1912","Design for the visible side of life by benavente 1912","Serge Sudeikin","Post Impressionism","data/archive/Post_Impressionism/serge-sudeikin_design-for-the-visible-side-of-life-by-benavente-1912.jpg"
"spyros-papaloukas_houses","Houses","Spyros Papaloukas","Post Impressionism","data/archive/Post_Impressionism/spyros-papaloukas_houses.jpg"
"stefan-dimitrescu_balchik-gulf-1930","Balchik gulf 1930","Stefan Dimitrescu","Post Impressionism","data/archive/Post_Impressionism/stefan-dimitrescu_balchik-gulf-1930.jpg"
"stefan-luchian_lakeshore-grove-1898","Lakeshore grove 1898","Stefan Luchian","Post Impressionism","data/archive/Post_Impressionism/stefan-luchian_lakeshore-grove-1898.jpg"
"suzanne-valadon_my-son-1896","My son 1896","Suzanne Valadon","Post Impressionism","data/archive/Post_Impressionism/suzanne-valadon_my-son-1896.jpg"
"suzanne-valadon_reclining-nude-1928","Reclining nude 1928","Suzanne Valadon","Post Impressionism","data/archive/Post_Impressionism/suzanne-valadon_reclining-nude-1928.jpg"
"suzanne-valadon_woman-preparing-for-a-bath-1895","Woman preparing for a bath 1895","Suzanne Valadon","Post Impressionism","data/archive/Post_Impressionism/suzanne-valadon_woman-preparing-for-a-bath-1895.jpg"
"theo-van-rysselberghe_andre-gide-at-jersey-1907","Andre gide at jersey 1907","Theo Van Rysselberghe","Post Impressionism","data/archive/Post_Impressionism/theo-van-rysselberghe_andre-gide-at-jersey-1907.jpg"
"theo-van-rysselberghe_madame-van-rysselberghe-in-a-chedkered-bow-tie-1918","Madame van rysselberghe in a chedkered bow tie 1918","Theo Van Rysselberghe","Post Impressionism","data/archive/Post_Impressionism/theo-van-rysselberghe_madame-van-rysselberghe-in-a-chedkered-bow-tie-1918.jpg"
"theo-van-rysselberghe_portrait-of-maria-van-rysselberghe","Portrait of maria van rysselberghe","Theo Van Rysselberghe","Post Impressionism","data/archive/Post_Impressionism/theo-van-rysselberghe_portrait-of-maria-van-rysselberghe.jpg"
"theo-van-rysselberghe_the-gardens-of-generalife-in-grenada-1913","The gardens of generalife in grenada 1913","Theo Van Rysselberghe","Post Impressionism","data/archive/Post_Impressionism/theo-van-rysselberghe_the-gardens-of-generalife-in-grenada-1913.jpg"
"theodor-pallady_poppy-flowers","Poppy flowers","Theodor Pallady","Post Impressionism","data/archive/Post_Impressionism/theodor-pallady_poppy-flowers.jpg"
"theophrastos-triantafyllidis_still-life-1","Still life 1","Theophrastos Triantafyllidis","Post Impressionism","data/archive/Post_Impressionism/theophrastos-triantafyllidis_still-life-1.jpg"
"tivadar-kosztka-csontvary_sun-looking-back-at-trau-1899","Sun looking back at trau 1899","Tivadar Kosztka Csontvary","Post Impressionism","data/archive/Post_Impressionism/tivadar-kosztka-csontvary_sun-looking-back-at-trau-1899.jpg"
"tom-thomson_round-lake-mud-bay-1915","Round lake mud bay 1915","Tom Thomson","Post Impressionism","data/archive/Post_Impressionism/tom-thomson_round-lake-mud-bay-1915.jpg"
"vanessa-bell_helen-dudley-1915","Helen dudley 1915","Vanessa Bell","Post Impressionism","data/archive/Post_Impressionism/vanessa-bell_helen-dudley-1915.jpg"
"victor-borisov-musatov_a-walk-1901","A walk 1901","Victor Borisov Musatov","Post Impressionism","data/archive/Post_Impressionism/victor-borisov-musatov_a-walk-1901.jpg"
"victor-borisov-musatov_slumber-divine-sketch-for-a-panel-1904","Slumber divine sketch for a panel 1904","Victor Borisov Musatov","Post Impressionism","data/archive/Post_Impressionism/victor-borisov-musatov_slumber-divine-sketch-for-a-panel-1904.jpg"
"victor-pasmore_the-quiet-river-the-thames-at-chiswick-1943(1)","The quiet river the thames at chiswick 1943(1)","Victor Pasmore","Post Impressionism","data/archive/Post_Impressionism/victor-pasmore_the-quiet-river-the-thames-at-chiswick-1943(1).jpg"
"vincent-van-gogh_a-lane-near-arles-1888(1)","A lane near arles 1888(1)","Vincent Van Gogh","Post Impressionism","data/archive/Post_Impressionism/vincent-van-gogh_a-lane-near-arles-1888(1).jpg"
"vincent-van-gogh_a-square-in-paris-1886(1)","A square in paris 1886(1)","Vincent Van Gogh","Post Impressionism","data/archive/Post_Impressionism/vincent-van-gogh_a-square-in-paris-1886(1).jpg"
"vincent-van-gogh_arles-view-from-the-wheat-fields-1888(1)","Arles view from the wheat fields 1888(1)","Vincent Van Gogh","Post Impressionism","data/archive/Post_Impressionism/vincent-van-gogh_arles-view-from-the-wheat-fields-1888(1).jpg"
"vincent-van-gogh_bathing-float-on-the-seine-at-asnieres-1887(1)","Bathing float on the seine at asnieres 1887(1)","Vincent Van Gogh","Post Impressionism","data/archive/Post_Impressionism/vincent-van-gogh_bathing-float-on-the-seine-at-asnieres-1887(1).jpg"
"vincent-van-gogh_bridges-across-the-seine-at-asnieres-1887(1)","Bridges across the seine at asnieres 1887(1)","Vincent Van Gogh","Post Impressionism","data/archive/Post_Impressionism/vincent-van-gogh_bridges-across-the-seine-at-asnieres-1887(1).jpg"
"vincent-van-gogh_child-with-orange-1890(1)","Child with orange 1890(1)","Vincent Van Gogh","Post Impressionism","data/archive/Post_Impressionism/vincent-van-gogh_child-with-orange-1890(1).jpg"
"vincent-van-gogh_cottages-with-three-figures-1890(1)","Cottages with three figures 1890(1)","Vincent Van Gogh","Post Impressionism","data/archive/Post_Impressionism/vincent-van-gogh_cottages-with-three-figures-1890(1).jpg"
"vincent-van-gogh_cypresses-with-four-people-working-in-the-field-1890(1)","Cypresses with four people working in the field 1890(1)","Vincent Van Gogh","Post Impressionism","data/archive/Post_Impressionism/vincent-van-gogh_cypresses-with-four-people-working-in-the-field-1890(1).jpg"
"vincent-van-gogh_drawbridge-with-walking-couple-1888(1)","Drawbridge with walking couple 1888(1)","Vincent Van Gogh","Post Impressionism","data/archive/Post_Impressionism/vincent-van-gogh_drawbridge-with-walking-couple-1888(1).jpg"
"vincent-van-gogh_entrance-to-a-quarry-near-saint-remy-1889(1)","Entrance to a quarry near saint remy 1889(1)","Vincent Van Gogh","Post Impressionism","data/archive/Post_Impressionism/vincent-van-gogh_entrance-to-a-quarry-near-saint-remy-1889(1).jpg"
"vincent-van-gogh_farmhouse-with-wheat-field-along-a-road-and-field-with-flowers-1888(1)","Farmhouse with wheat field along a road and field with flowers 1888(1)","Vincent Van Gogh","Post Impressionism","data/archive/Post_Impressionism/vincent-van-gogh_farmhouse-with-wheat-field-along-a-road-and-field-with-flowers-1888(1).jpg"
"vincent-van-gogh_field-with-two-rabbits-1889(1)","Field with two rabbits 1889(1)","Vincent Van Gogh","Post Impressionism","data/archive/Post_Impressionism/vincent-van-gogh_field-with-two-rabbits-1889(1).jpg"
"vincent-van-gogh_fountain-in-the-garden-of-saint-paul-hospital-1889(1)","Fountain in the garden of saint paul hospital 1889(1)","Vincent Van Gogh","Post Impressionism","data/archive/Post_Impressionism/vincent-van-gogh_fountain-in-the-garden-of-saint-paul-hospital-1889(1).jpg"
"vincent-van-gogh_girl-with-straw-hat-sitting-in-the-wheat-1890(1)","Girl with straw hat sitting in the wheat 1890(1)","Vincent Van Gogh","Post Impressionism","data/archive/Post_Impressionism/vincent-van-gogh_girl-with-straw-hat-sitting-in-the-wheat-1890(1).jpg"
"vincent-van-gogh_haystacks-near-a-farm-1888-1(1)","Haystacks near a farm 1888 1(1)","Vincent Van Gogh","Post Impressionism","data/archive/Post_Impressionism/vincent-van-gogh_haystacks-near-a-farm-1888-1(1).jpg"
"vincent-van-gogh_head-of-a-woman-with-her-hair-loose-1886","Head of a woman with her hair loose 1886","Vincent Van Gogh","Post Impressionism","data/archive/Post_Impressionism/vincent-van-gogh_head-of-a-woman-with-her-hair-loose-1886.jpg"
"vincent-van-gogh_interior-of-a-restaurant-1887-1","Interior of a restaurant 1887 1","Vincent Van Gogh","Post Impressionism","data/archive/Post_Impressionism/vincent-van-gogh_interior-of-a-restaurant-1887-1.jpg"
"vincent-van-gogh_l-ecorche-and-borghese-gladiator-1887","L ecorche and borghese gladiator 1887","Vincent Van Gogh","Post Impressionism","data/archive/Post_Impressionism/vincent-van-gogh_l-ecorche-and-borghese-gladiator-1887.jpg"
"vincent-van-gogh_landscape-with-houses-among-trees-and-a-figure-1890","Landscape with houses among trees and a figure 1890","Vincent Van Gogh","Post Impressionism","data/archive/Post_Impressionism/vincent-van-gogh_landscape-with-houses-among-trees-and-a-figure-1890.jpg"
"vincent-van-gogh_le-moulin-de-la-galette-4-1886","Le moulin de la galette 4 1886","Vincent Van Gogh","Post Impressionism","data/archive/Post_Impressionism/vincent-van-gogh_le-moulin-de-la-galette-4-1886.jpg"
"vincent-van-gogh_man-drawing-or-writing-1886","Man drawing or writing 1886","Vincent Van Gogh","Post Impressionism","data/archive/Post_Impressionism/vincent-van-gogh_man-drawing-or-writing-1886.jpg"
"vincent-van-gogh_montmartre-path-with-sunflowers-1887","Montmartre path with sunflowers 1887","Vincent Van Gogh","Post Impressionism","data/archive/Post_Impressionism/vincent-van-gogh_montmartre-path-with-sunflowers-1887.jpg"
"vincent-van-gogh_old-vineyard-with-peasant-woman-1890","Old vineyard with peasant woman 1890","Vincent Van Gogh","Post Impressionism","data/archive/Post_Impressionism/vincent-van-gogh_old-vineyard-with-peasant-woman-1890.jpg"
"vincent-van-gogh_olive-trees-bright-blue-sky-1889","Olive trees bright blue sky 1889","Vincent Van Gogh","Post Impressionism","data/archive/Post_Impressionism/vincent-van-gogh_olive-trees-bright-blue-sky-1889.jpg"
"vincent-van-gogh_orchard-surrounded-by-cypresses-1888","Orchard surrounded by cypresses 1888","Vincent Van Gogh","Post Impressionism","data/archive/Post_Impressionism/vincent-van-gogh_orchard-surrounded-by-cypresses-1888.jpg"
"vincent-van-gogh_path-through-a-field-with-willows-1888","Path through a field with willows 1888","Vincent Van Gogh","Post Impressionism","data/archive/Post_Impressionism/vincent-van-gogh_path-through-a-field-with-willows-1888.jpg"
"vincent-van-gogh_people-walking-on-a-street-in-the-evening-1886","People walking on a street in the evening 1886","Vincent Van Gogh","Post Impressionism","data/archive/Post_Impressionism/vincent-van-gogh_people-walking-on-a-street-in-the-evening-1886.jpg"
"vincent-van-gogh_pink-peach-trees-1888","Pink peach trees 1888","Vincent Van Gogh","Post Impressionism","data/archive/Post_Impressionism/vincent-van-gogh_pink-peach-trees-1888.jpg"
"vincent-van-gogh_pollard-willows-and-setting-sun-1888","Pollard willows and setting sun 1888","Vincent Van Gogh","Post Impressionism","data/archive/Post_Impressionism/vincent-van-gogh_pollard-willows-and-setting-sun-1888.jpg"
"vincent-van-gogh_portrait-of-armand-roulin-1888","Portrait of armand roulin 1888","Vincent Van Gogh","Post Impressionism","data/archive/Post_Impressionism/vincent-van-gogh_portrait-of-armand-roulin-1888.jpg"
"vincent-van-gogh_portrait-of-postman-roulin-1888","Portrait of postman roulin 1888","Vincent Van Gogh","Post Impressionism","data/archive/Post_Impressionism/vincent-van-gogh_portrait-of-postman-roulin-1888.jpg"
"vincent-van-gogh_public-park-with-weeping-willow-the-poet-s-garden-i-1888","Public park with weeping willow the poet s garden i 1888","Vincent Van Gogh","Post Impressionism","data/archive/Post_Impressionism/vincent-van-gogh_public-park-with-weeping-willow-the-poet-s-garden-i-1888.jpg"
"vincent-van-gogh_road-with-trees-1888","Road with trees 1888","Vincent Van Gogh","Post Impressionism","data/archive/Post_Impressionism/vincent-van-gogh_road-with-trees-1888.jpg"
"vincent-van-gogh_self-portrait-1887-2","Self portrait 1887 2","Vincent Van Gogh","Post Impressionism","data/archive/Post_Impressionism/vincent-van-gogh_self-portrait-1887-2.jpg"
"vincent-van-gogh_self-portrait-as-an-artist-1888","Self portrait as an artist 1888","Vincent Van Gogh","Post Impressionism","data/archive/Post_Impressionism/vincent-van-gogh_self-portrait-as-an-artist-1888.jpg"
"vincent-van-gogh_self-portrait-with-straw-hat","Self portrait with straw hat","Vincent Van Gogh","Post Impressionism","data/archive/Post_Impressionism/vincent-van-gogh_self-portrait-with-straw-hat.jpg"
"vincent-van-gogh_sheet-with-people-sitting-on-chairs-1890","Sheet with people sitting on chairs 1890","Vincent Van Gogh","Post Impressionism","data/archive/Post_Impressionism/vincent-van-gogh_sheet-with-people-sitting-on-chairs-1890.jpg"
"vincent-van-gogh_sketch-of-a-donkey-1890","Sketch of a donkey 1890","Vincent Van Gogh","Post Impressionism","data/archive/Post_Impressionism/vincent-van-gogh_sketch-of-a-donkey-1890.jpg"
"vincent-van-gogh_sketches-of-peasant-plowing-with-horses-1890","Sketches of peasant plowing with horses 1890","Vincent Van Gogh","Post Impressionism","data/archive/Post_Impressionism/vincent-van-gogh_sketches-of-peasant-plowing-with-horses-1890.jpg"
"vincent-van-gogh_sowers-1890","Sowers 1890","Vincent Van Gogh","Post Impressionism","data/archive/Post_Impressionism/vincent-van-gogh_sowers-1890.jpg"
"vincent-van-gogh_still-life-glass-with-wild-flowers-1890","Still life glass with wild flowers 1890","Vincent Van Gogh","Post Impressionism","data/archive/Post_Impressionism/vincent-van-gogh_still-life-glass-with-wild-flowers-1890.jpg"
"vincent-van-gogh_still-life-with-a-basket-of-crocuses-1887","Still life with a basket of crocuses 1887","Vincent Van Gogh","Post Impressionism","data/archive/Post_Impressionism/vincent-van-gogh_still-life-with-a-basket-of-crocuses-1887.jpg"
"vincent-van-gogh_still-life-with-grapes-pears-and-lemons-1887-1","Still life with grapes pears and lemons 1887 1","Vincent Van Gogh","Post Impressionism","data/archive/Post_Impressionism/vincent-van-gogh_still-life-with-grapes-pears-and-lemons-1887-1.jpg"
"vincent-van-gogh_street-in-saintes-maries-1888-1","Street in saintes maries 1888 1","Vincent Van Gogh","Post Impressionism","data/archive/Post_Impressionism/vincent-van-gogh_street-in-saintes-maries-1888-1.jpg"
"vincent-van-gogh_tambourine-with-pansies-1886","Tambourine with pansies 1886","Vincent Van Gogh","Post Impressionism","data/archive/Post_Impressionism/vincent-van-gogh_tambourine-with-pansies-1886.jpg"
"vincent-van-gogh_the-bois-de-boulogne-with-people-walking-1886","The bois de boulogne with people walking 1886","Vincent Van Gogh","Post Impressionism","data/archive/Post_Impressionism/vincent-van-gogh_the-bois-de-boulogne-with-people-walking-1886.jpg"
"vincent-van-gogh_the-garden-of-saint-paul-hospital-1889-1","The garden of saint paul hospital 1889 1","Vincent Van Gogh","Post Impressionism","data/archive/Post_Impressionism/vincent-van-gogh_the-garden-of-saint-paul-hospital-1889-1.jpg"
"vincent-van-gogh_the-house-of-pere-eloi-1890","The house of pere eloi 1890","Vincent Van Gogh","Post Impressionism","data/archive/Post_Impressionism/vincent-van-gogh_the-house-of-pere-eloi-1890.jpg"
"vincent-van-gogh_the-olive-trees-1888","The olive trees 1888","Vincent Van Gogh","Post Impressionism","data/archive/Post_Impressionism/vincent-van-gogh_the-olive-trees-1888.jpg"
"vincent-van-gogh_the-rispal-restaurant-at-asnieres-1887","The rispal restaurant at asnieres 1887","Vincent Van Gogh","Post Impressionism","data/archive/Post_Impressionism/vincent-van-gogh_the-rispal-restaurant-at-asnieres-1887.jpg"
"vincent-van-gogh_the-spinner-after-millet-1889","The spinner after millet 1889","Vincent Van Gogh","Post Impressionism","data/archive/Post_Impressionism/vincent-van-gogh_the-spinner-after-millet-1889.jpg"
"vincent-van-gogh_the-woodcutter-after-millet-1890","The woodcutter after millet 1890","Vincent Van Gogh","Post Impressionism","data/archive/Post_Impressionism/vincent-van-gogh_the-woodcutter-after-millet-1890.jpg"
"vincent-van-gogh_trees-and-shrubs-1889-1","Trees and shrubs 1889 1","Vincent Van Gogh","Post Impressionism","data/archive/Post_Impressionism/vincent-van-gogh_trees-and-shrubs-1889-1.jpg"
"vincent-van-gogh_two-heads-man-with-beard-and-hat-peasant-with-cap","Two heads man with beard and hat peasant with cap","Vincent Van Gogh","Post Impressionism","data/archive/Post_Impressionism/vincent-van-gogh_two-heads-man-with-beard-and-hat-peasant-with-cap.jpg"
"vincent-van-gogh_undergrowth-with-ivy-1889","Undergrowth with ivy 1889","Vincent Van Gogh","Post Impressionism","data/archive/Post_Impressionism/vincent-van-gogh_undergrowth-with-ivy-1889.jpg"
"vincent-van-gogh_vase-with-red-gladioli-1886","Vase with red gladioli 1886","Vincent Van Gogh","Post Impressionism","data/archive/Post_Impressionism/vincent-van-gogh_vase-with-red-gladioli-1886.jpg"
"vincent-van-gogh_view-of-arles-with-trees-in-blossom-1888","View of arles with trees in blossom 1888","Vincent Van Gogh","Post Impressionism","data/archive/Post_Impressionism/vincent-van-gogh_view-of-arles-with-trees-in-blossom-1888.jpg"
"vincent-van-gogh_vincent-s-bedroom-1888","Vincent s bedroom 1888","Vincent Van Gogh","Post Impressionism","data/archive/Post_Impressionism/vincent-van-gogh_vincent-s-bedroom-1888.jpg"
"vincent-van-gogh_wheat-field-at-auvers-with-white-house-1890","Wheat field at auvers with white house 1890","Vincent Van Gogh","Post Impressionism","data/archive/Post_Impressionism/vincent-van-gogh_wheat-field-at-auvers-with-white-house-1890.jpg"
"vincent-van-gogh_wheat-field-with-sheaves-and-arles-in-the-background-1888-1","Wheat field with sheaves and arles in the background 1888 1","Vincent Van Gogh","Post Impressionism","data/archive/Post_Impressionism/vincent-van-gogh_wheat-field-with-sheaves-and-arles-in-the-background-1888-1.jpg"
"vincent-van-gogh_white-house-at-night-1890","White house at night 1890","Vincent Van Gogh","Post Impressionism","data/archive/Post_Impressionism/vincent-van-gogh_white-house-at-night-1890.jpg"
"vincent-van-gogh_woman-walking-her-dog-1886","Woman walking her dog 1886","Vincent Van Gogh","Post Impressionism","data/archive/Post_Impressionism/vincent-van-gogh_woman-walking-her-dog-1886.jpg"
"viorel-marginean_autumn","Autumn","Viorel Marginean","Post Impressionism","data/archive/Post_Impressionism/viorel-marginean_autumn.jpg"
"viorel-marginean_petale-pe-trotuar-1968","Petale pe trotuar 1968","Viorel Marginean","Post Impressionism","data/archive/Post_Impressionism/viorel-marginean_petale-pe-trotuar-1968.jpg"
"vladimir-dimitrov_unknown-title-15","Unknown title 15","Vladimir Dimitrov","Post Impressionism","data/archive/Post_Impressionism/vladimir-dimitrov_unknown-title-15.jpg"
"vladimir-dimitrov_unknown-title-3","Unknown title 3","Vladimir Dimitrov","Post Impressionism","data/archive/Post_Impressionism/vladimir-dimitrov_unknown-title-3.jpg"
"walter-battiss_guinea-fowl","Guinea fowl","Walter Battiss","Post Impressionism","data/archive/Post_Impressionism/walter-battiss_guinea-fowl.jpg"
"walter-sickert_st-mark-s-venice","St mark s venice","Walter Sickert","Post Impressionism","data/archive/Post_Impressionism/walter-sickert_st-mark-s-venice.jpg"
"wassily-kandinsky_moscow-smolensky-boulevard-study-1916","Moscow smolensky boulevard study 1916","Wassily Kandinsky","Post Impressionism","data/archive/Post_Impressionism/wassily-kandinsky_moscow-smolensky-boulevard-study-1916.jpg"
"william-scott_blue-still-life-1957","Blue still life 1957","William Scott","Post Impressionism","data/archive/Post_Impressionism/william-scott_blue-still-life-1957.jpg"
"william-scott_six-open-forms-1971","Six open forms 1971","William Scott","Post Impressionism","data/archive/Post_Impressionism/william-scott_six-open-forms-1971.jpg"
"adolf-hitler_flowers-with-roots","Flowers with roots","Adolf Hitler","Realism","data/archive/Realism/adolf-hitler_flowers-with-roots.jpg"
"albert-bierstadt_rainbow-over-a-fallen-stag","Rainbow over a fallen stag","Albert Bierstadt","Realism","data/archive/Realism/albert-bierstadt_rainbow-over-a-fallen-stag.jpg"
"alekos-kontopoulos_portrait-of-eugenia-wife-of-kleomenis-tsitsaras","Portrait of eugenia wife of kleomenis tsitsaras","Alekos Kontopoulos","Realism","data/archive/Realism/alekos-kontopoulos_portrait-of-eugenia-wife-of-kleomenis-tsitsaras.jpg"
"aleksey-savrasov_barge-haulers-on-the-volga-1871","Barge haulers on the volga 1871","Aleksey Savrasov","Realism","data/archive/Realism/aleksey-savrasov_barge-haulers-on-the-volga-1871.jpg"
"aleksey-savrasov_country-scene","Country scene","Aleksey Savrasov","Realism","data/archive/Realism/aleksey-savrasov_country-scene.jpg"
"aleksey-savrasov_early-spring-birches-by-the-river-1893","Early spring birches by the river 1893","Aleksey Savrasov","Realism","data/archive/Realism/aleksey-savrasov_early-spring-birches-by-the-river-1893.jpg"
"aleksey-savrasov_feminine-strap","Feminine strap","Aleksey Savrasov","Realism","data/archive/Realism/aleksey-savrasov_feminine-strap.jpg"
"aleksey-savrasov_lake-in-the-swiss-mountains-1866","Lake in the swiss mountains 1866","Aleksey Savrasov","Realism","data/archive/Realism/aleksey-savrasov_lake-in-the-swiss-mountains-1866.jpg"
"aleksey-savrasov_landscape-with-pine-1854","Landscape with pine 1854","Aleksey Savrasov","Realism","data/archive/Realism/aleksey-savrasov_landscape-with-pine-1854.jpg"
"aleksey-savrasov_night-1871","Night 1871","Aleksey Savrasov","Realism","data/archive/Realism/aleksey-savrasov_night-1871.jpg"
"aleksey-savrasov_pines-on-the-shores-of-lake-1890","Pines on the shores of lake 1890","Aleksey Savrasov","Realism","data/archive/Realism/aleksey-savrasov_pines-on-the-shores-of-lake-1890.jpg"
"aleksey-savrasov_sea","Sea","Aleksey Savrasov","Realism","data/archive/Realism/aleksey-savrasov_sea.jpg"
"aleksey-savrasov_spring-landscape-with-cottage-1890","Spring landscape with cottage 1890","Aleksey Savrasov","Realism","data/archive/Realism/aleksey-savrasov_spring-landscape-with-cottage-1890.jpg"
"aleksey-savrasov_summer-landscape-with-pine-trees-near-the-river-1878","Summer landscape with pine trees near the river 1878","Aleksey Savrasov","Realism","data/archive/Realism/aleksey-savrasov_summer-landscape-with-pine-trees-near-the-river-1878.jpg"
"aleksey-savrasov_the-village-in-winter-1890","The village in winter 1890","Aleksey Savrasov","Realism","data/archive/Realism/aleksey-savrasov_the-village-in-winter-1890.jpg"
"aleksey-savrasov_type-of-kiev-from-the-dnieper-to-the-pechersk-lavra-1852","Type of kiev from the dnieper to the pechersk lavra 1852","Aleksey Savrasov","Realism","data/archive/Realism/aleksey-savrasov_type-of-kiev-from-the-dnieper-to-the-pechersk-lavra-1852.jpg"
"aleksey-savrasov_volga","Volga","Aleksey Savrasov","Realism","data/archive/Realism/aleksey-savrasov_volga.jpg"
"alexey-bogolyubov_baku-1861","Baku 1861","Alexey Bogolyubov","Realism","data/archive/Realism/alexey-bogolyubov_baku-1861.jpg"
"alexey-bogolyubov_the-battle-of-gangut-july-27-1714-1877","The battle of gangut july 27 1714 1877","Alexey Bogolyubov","Realism","data/archive/Realism/alexey-bogolyubov_the-battle-of-gangut-july-27-1714-1877.jpg"
"alexey-venetsianov_a-peasant-woman","A peasant woman","Alexey Venetsianov","Realism","data/archive/Realism/alexey-venetsianov_a-peasant-woman.jpg"
"alexey-venetsianov_harvesting-summer","Harvesting summer","Alexey Venetsianov","Realism","data/archive/Realism/alexey-venetsianov_harvesting-summer.jpg"
"alexey-venetsianov_portrait-of-a-a-venetsianova-1826","Portrait of a a venetsianova 1826","Alexey Venetsianov","Realism","data/archive/Realism/alexey-venetsianov_portrait-of-a-a-venetsianova-1826.jpg"
"alexey-venetsianov_portret-of-v-s-putyatina","Portret of v s putyatina","Alexey Venetsianov","Realism","data/archive/Realism/alexey-venetsianov_portret-of-v-s-putyatina.jpg"
"alfred-sisley_avenue-of-chestnut-trees-near-la-celle-saint-cloud-1865","Avenue of chestnut trees near la celle saint cloud 1865","Alfred Sisley","Realism","data/archive/Realism/alfred-sisley_avenue-of-chestnut-trees-near-la-celle-saint-cloud-1865.jpg"
"anders-zorn_at-the-piano-1900","At the piano 1900","Anders Zorn","Realism","data/archive/Realism/anders-zorn_at-the-piano-1900.jpg"
"anders-zorn_gustav-vasa","Gustav vasa","Anders Zorn","Realism","data/archive/Realism/anders-zorn_gustav-vasa.jpg"
"anders-zorn_mrs-symons-1888","Mrs symons 1888","Anders Zorn","Realism","data/archive/Realism/anders-zorn_mrs-symons-1888.jpg"
"anders-zorn_portrait-of-fru-lisen-samson-nee-hirsch-arranging-flowers-at-a-window-1881","Portrait of fru lisen samson nee hirsch arranging flowers at a window 1881","Anders Zorn","Realism","data/archive/Realism/anders-zorn_portrait-of-fru-lisen-samson-nee-hirsch-arranging-flowers-at-a-window-1881.jpg"
"anders-zorn_the-battleship-baltimore-in-stockholm-harbor-1890","The battleship baltimore in stockholm harbor 1890","Anders Zorn","Realism","data/archive/Realism/anders-zorn_the-battleship-baltimore-in-stockholm-harbor-1890.jpg"
"anders-zorn_white-lilies","White lilies","Anders Zorn","Realism","data/archive/Realism/anders-zorn_white-lilies.jpg"
"andrei-ryabushkin_novgorod-church","Novgorod church","Andrei Ryabushkin","Realism","data/archive/Realism/andrei-ryabushkin_novgorod-church.jpg"
"anton-azbe_half-nude-1888","Half nude 1888","Anton Azbe","Realism","data/archive/Realism/anton-azbe_half-nude-1888.jpg"
"antonio-carneiro_auto-retrato-1919","Auto retrato 1919","Antonio Carneiro","Realism","data/archive/Realism/antonio-carneiro_auto-retrato-1919.jpg"
"ant├г┬│nio-de-carvalho-da-silva-porto_volta-do-mercado-1886","Volta do mercado 1886","Ant├г┬│nio De Carvalho Da Silva Porto","Realism","data/archive/Realism/ant├г┬│nio-de-carvalho-da-silva-porto_volta-do-mercado-1886.jpg"
"arkhip-kuindzhi_elbrus-in-the-evening-1","Elbrus in the evening 1","Arkhip Kuindzhi","Realism","data/archive/Realism/arkhip-kuindzhi_elbrus-in-the-evening-1.jpg"
"arkhip-kuindzhi_night-1","Night 1","Arkhip Kuindzhi","Realism","data/archive/Realism/arkhip-kuindzhi_night-1.jpg"
"arkhip-kuindzhi_steppe-cornfield-1875","Steppe cornfield 1875","Arkhip Kuindzhi","Realism","data/archive/Realism/arkhip-kuindzhi_steppe-cornfield-1875.jpg"
"arthur-segal_still-life-and-a-window-1935","Still life and a window 1935","Arthur Segal","Realism","data/archive/Realism/arthur-segal_still-life-and-a-window-1935.jpg"
"augustus-john_mrs-a-a-jack-1898","Mrs a a jack 1898","Augustus John","Realism","data/archive/Realism/augustus-john_mrs-a-a-jack-1898.jpg"
"basuki-abdullah_lake-view","Lake view","Basuki Abdullah","Realism","data/archive/Realism/basuki-abdullah_lake-view.jpg"
"basuki-abdullah_wanita-berkebaya-hijau","Wanita berkebaya hijau","Basuki Abdullah","Realism","data/archive/Realism/basuki-abdullah_wanita-berkebaya-hijau.jpg"
"boris-kustodiev_akaky-akakiyevich-visiting-petrovich-1905","Akaky akakiyevich visiting petrovich 1905","Boris Kustodiev","Realism","data/archive/Realism/boris-kustodiev_akaky-akakiyevich-visiting-petrovich-1905.jpg"
"boris-kustodiev_autumn-1926","Autumn 1926","Boris Kustodiev","Realism","data/archive/Realism/boris-kustodiev_autumn-1926.jpg"
"boris-kustodiev_church-parade-of-the-finlandsky-guard-regiment-december-12-1905-1906","Church parade of the finlandsky guard regiment december 12 1905 1906","Boris Kustodiev","Realism","data/archive/Realism/boris-kustodiev_church-parade-of-the-finlandsky-guard-regiment-december-12-1905-1906.jpg"
"boris-kustodiev_f-v-dubasov-1906","F v dubasov 1906","Boris Kustodiev","Realism","data/archive/Realism/boris-kustodiev_f-v-dubasov-1906.jpg"
"boris-kustodiev_general-of-infantry-christopher-roop-1902","General of infantry christopher roop 1902","Boris Kustodiev","Realism","data/archive/Realism/boris-kustodiev_general-of-infantry-christopher-roop-1902.jpg"
"boris-kustodiev_illustration-for-singers-by-ivan-turgenev-1908","Illustration for singers by ivan turgenev 1908","Boris Kustodiev","Realism","data/archive/Realism/boris-kustodiev_illustration-for-singers-by-ivan-turgenev-1908.jpg"
"boris-kustodiev_lying-nude-1915","Lying nude 1915","Boris Kustodiev","Realism","data/archive/Realism/boris-kustodiev_lying-nude-1915.jpg"
"boris-kustodiev_nude","Nude","Boris Kustodiev","Realism","data/archive/Realism/boris-kustodiev_nude.jpg"
"boris-kustodiev_policeman-1905","Policeman 1905","Boris Kustodiev","Realism","data/archive/Realism/boris-kustodiev_policeman-1905.jpg"
"boris-kustodiev_portrait-of-a-sculptor-and-painter-d-s-stelletsky-1901","Portrait of a sculptor and painter d s stelletsky 1901","Boris Kustodiev","Realism","data/archive/Realism/boris-kustodiev_portrait-of-a-sculptor-and-painter-d-s-stelletsky-1901.jpg"
"boris-kustodiev_portrait-of-count-n-p-ignatieff-1902","Portrait of count n p ignatieff 1902","Boris Kustodiev","Realism","data/archive/Realism/boris-kustodiev_portrait-of-count-n-p-ignatieff-1902.jpg"
"boris-kustodiev_portrait-of-evdokimova-1925","Portrait of evdokimova 1925","Boris Kustodiev","Realism","data/archive/Realism/boris-kustodiev_portrait-of-evdokimova-1925.jpg"
"boris-kustodiev_portrait-of-i-m-markov-1921","Portrait of i m markov 1921","Boris Kustodiev","Realism","data/archive/Realism/boris-kustodiev_portrait-of-i-m-markov-1921.jpg"
"boris-kustodiev_portrait-of-k-b-kustodiev-1917","Portrait of k b kustodiev 1917","Boris Kustodiev","Realism","data/archive/Realism/boris-kustodiev_portrait-of-k-b-kustodiev-1917.jpg"
"boris-kustodiev_portrait-of-m-v-chaliapina-1919","Portrait of m v chaliapina 1919","Boris Kustodiev","Realism","data/archive/Realism/boris-kustodiev_portrait-of-m-v-chaliapina-1919.jpg"
"boris-kustodiev_portrait-of-nikolay-rerich-1913","Portrait of nikolay rerich 1913","Boris Kustodiev","Realism","data/archive/Realism/boris-kustodiev_portrait-of-nikolay-rerich-1913.jpg"
"boris-kustodiev_portrait-of-s-r-ernst-1921","Portrait of s r ernst 1921","Boris Kustodiev","Realism","data/archive/Realism/boris-kustodiev_portrait-of-s-r-ernst-1921.jpg"
"boris-kustodiev_portrait-of-the-poet-sergey-gorodetsky-1907","Portrait of the poet sergey gorodetsky 1907","Boris Kustodiev","Realism","data/archive/Realism/boris-kustodiev_portrait-of-the-poet-sergey-gorodetsky-1907.jpg"
"boris-kustodiev_portrait-of-y-e-kustodieva-1903","Portrait of y e kustodieva 1903","Boris Kustodiev","Realism","data/archive/Realism/boris-kustodiev_portrait-of-y-e-kustodieva-1903.jpg"
"boris-kustodiev_portrait-of-z-proshinskaya-1901","Portrait of z proshinskaya 1901","Boris Kustodiev","Realism","data/archive/Realism/boris-kustodiev_portrait-of-z-proshinskaya-1901.jpg"
"boris-kustodiev_screensaver-winter-street-1922","Screensaver winter street 1922","Boris Kustodiev","Realism","data/archive/Realism/boris-kustodiev_screensaver-winter-street-1922.jpg"
"boris-kustodiev_self-portrait-with-wife-1918-1","Self portrait with wife 1918 1","Boris Kustodiev","Realism","data/archive/Realism/boris-kustodiev_self-portrait-with-wife-1918-1.jpg"
"boris-kustodiev_street-of-city-b-1905","Street of city b 1905","Boris Kustodiev","Realism","data/archive/Realism/boris-kustodiev_street-of-city-b-1905.jpg"
"boris-kustodiev_the-khorovod-1912","The khorovod 1912","Boris Kustodiev","Realism","data/archive/Realism/boris-kustodiev_the-khorovod-1912.jpg"
"boris-kustodiev_village-fair-1920","Village fair 1920","Boris Kustodiev","Realism","data/archive/Realism/boris-kustodiev_village-fair-1920.jpg"
"camille-corot_a-dune-at-dunkirk-1873","A dune at dunkirk 1873","Camille Corot","Realism","data/archive/Realism/camille-corot_a-dune-at-dunkirk-1873.jpg"
"camille-corot_an-artist-painting-in-the-forest-of-fountainebleau-1855","An artist painting in the forest of fountainebleau 1855","Camille Corot","Realism","data/archive/Realism/camille-corot_an-artist-painting-in-the-forest-of-fountainebleau-1855.jpg"
"camille-corot_breton-woman-and-her-little-girl","Breton woman and her little girl","Camille Corot","Realism","data/archive/Realism/camille-corot_breton-woman-and-her-little-girl.jpg"
"camille-corot_corot-painting-in-the-studio-of-his-friend-painter-constant-dutilleux-1871","Corot painting in the studio of his friend painter constant dutilleux 1871","Camille Corot","Realism","data/archive/Realism/camille-corot_corot-painting-in-the-studio-of-his-friend-painter-constant-dutilleux-1871.jpg"
"camille-corot_entrance-to-a-chalet-in-the-bernese-oberland","Entrance to a chalet in the bernese oberland","Camille Corot","Realism","data/archive/Realism/camille-corot_entrance-to-a-chalet-in-the-bernese-oberland.jpg"
"camille-corot_fishing-boats-tied-to-the-wharf","Fishing boats tied to the wharf","Camille Corot","Realism","data/archive/Realism/camille-corot_fishing-boats-tied-to-the-wharf.jpg"
"camille-corot_girl-with-mandolin-1865","Girl with mandolin 1865","Camille Corot","Realism","data/archive/Realism/camille-corot_girl-with-mandolin-1865.jpg"
"camille-corot_island-of-san-bartolommeo-1828","Island of san bartolommeo 1828","Camille Corot","Realism","data/archive/Realism/camille-corot_island-of-san-bartolommeo-1828.jpg"
"camille-corot_landscape-by-the-lake","Landscape by the lake","Camille Corot","Realism","data/archive/Realism/camille-corot_landscape-by-the-lake.jpg"
"camille-corot_mantes-view-of-the-cathedral-and-town-through-the-trees-1869","Mantes view of the cathedral and town through the trees 1869","Camille Corot","Realism","data/archive/Realism/camille-corot_mantes-view-of-the-cathedral-and-town-through-the-trees-1869.jpg"
"camille-corot_mother-breast-feeding-her-child","Mother breast feeding her child","Camille Corot","Realism","data/archive/Realism/camille-corot_mother-breast-feeding-her-child.jpg"
"camille-corot_olevano-la-serpentara-1827","Olevano la serpentara 1827","Camille Corot","Realism","data/archive/Realism/camille-corot_olevano-la-serpentara-1827.jpg"
"camille-corot_peasants-under-the-trees-at-dawn-morvan","Peasants under the trees at dawn morvan","Camille Corot","Realism","data/archive/Realism/camille-corot_peasants-under-the-trees-at-dawn-morvan.jpg"
"camille-corot_ravine-in-the-morvan-near-lormes-1860","Ravine in the morvan near lormes 1860","Camille Corot","Realism","data/archive/Realism/camille-corot_ravine-in-the-morvan-near-lormes-1860.jpg"
"camille-corot_rome-the-basilica-of-constantine","Rome the basilica of constantine","Camille Corot","Realism","data/archive/Realism/camille-corot_rome-the-basilica-of-constantine.jpg"
"camille-corot_smugglers","Smugglers","Camille Corot","Realism","data/archive/Realism/camille-corot_smugglers.jpg"
"camille-corot_strolling-along-the-banks-of-a-pond","Strolling along the banks of a pond","Camille Corot","Realism","data/archive/Realism/camille-corot_strolling-along-the-banks-of-a-pond.jpg"
"camille-corot_the-bridge-at-nantes-1870","The bridge at nantes 1870","Camille Corot","Realism","data/archive/Realism/camille-corot_the-bridge-at-nantes-1870.jpg"
"camille-corot_the-ford-under-the-bended-tree","The ford under the bended tree","Camille Corot","Realism","data/archive/Realism/camille-corot_the-ford-under-the-bended-tree.jpg"
"camille-corot_the-little-nest-harriers","The little nest harriers","Camille Corot","Realism","data/archive/Realism/camille-corot_the-little-nest-harriers.jpg"
"camille-corot_the-road-at-the-river-bank","The road at the river bank","Camille Corot","Realism","data/archive/Realism/camille-corot_the-road-at-the-river-bank.jpg"
"camille-corot_the-tower-in-the-trees-1865","The tower in the trees 1865","Camille Corot","Realism","data/archive/Realism/camille-corot_the-tower-in-the-trees-1865.jpg"
"camille-corot_two-women-talking-by-a-gate","Two women talking by a gate","Camille Corot","Realism","data/archive/Realism/camille-corot_two-women-talking-by-a-gate.jpg"
"camille-corot_view-of-the-grand-canal-venice-from-the-riva-degli-schiavone-1828","View of the grand canal venice from the riva degli schiavone 1828","Camille Corot","Realism","data/archive/Realism/camille-corot_view-of-the-grand-canal-venice-from-the-riva-degli-schiavone-1828.jpg"
"camille-corot_ville-d-avray","Ville d avray","Camille Corot","Realism","data/archive/Realism/camille-corot_ville-d-avray.jpg"
"camille-corot_women-in-a-field-of-willows-1865","Women in a field of willows 1865","Camille Corot","Realism","data/archive/Realism/camille-corot_women-in-a-field-of-willows-1865.jpg"
"camille-pissarro_banks-of-a-river-with-barge","Banks of a river with barge","Camille Pissarro","Realism","data/archive/Realism/camille-pissarro_banks-of-a-river-with-barge.jpg"
"camille-pissarro_landscape-varenne-saint-hilaire","Landscape varenne saint hilaire","Camille Pissarro","Realism","data/archive/Realism/camille-pissarro_landscape-varenne-saint-hilaire.jpg"
"camille-pissarro_the-maidservant-1867","The maidservant 1867","Camille Pissarro","Realism","data/archive/Realism/camille-pissarro_the-maidservant-1867.jpg"
"camille-pissarro_village-at-the-foot-of-a-hill-in-saint-thomas-antilles","Village at the foot of a hill in saint thomas antilles","Camille Pissarro","Realism","data/archive/Realism/camille-pissarro_village-at-the-foot-of-a-hill-in-saint-thomas-antilles.jpg"
"charles-francois-daubigny_boats-on-the-oise-1865","Boats on the oise 1865","Charles Francois Daubigny","Realism","data/archive/Realism/charles-francois-daubigny_boats-on-the-oise-1865.jpg"
"charles-francois-daubigny_french-coastal-scene-1868","French coastal scene 1868","Charles Francois Daubigny","Realism","data/archive/Realism/charles-francois-daubigny_french-coastal-scene-1868.jpg"
"charles-francois-daubigny_spring-1857","Spring 1857","Charles Francois Daubigny","Realism","data/archive/Realism/charles-francois-daubigny_spring-1857.jpg"
"charles-francois-daubigny_the-boards-of-cousin-near-avallon-1848","The boards of cousin near avallon 1848","Charles Francois Daubigny","Realism","data/archive/Realism/charles-francois-daubigny_the-boards-of-cousin-near-avallon-1848.jpg"
"charles-francois-daubigny_the-orchard-at-sunset","The orchard at sunset","Charles Francois Daubigny","Realism","data/archive/Realism/charles-francois-daubigny_the-orchard-at-sunset.jpg"
"charles-francois-daubigny_washerwomen-at-the-oise-river-near-valmondois-1865","Washerwomen at the oise river near valmondois 1865","Charles Francois Daubigny","Realism","data/archive/Realism/charles-francois-daubigny_washerwomen-at-the-oise-river-near-valmondois-1865.jpg"
"charles-hermans_portrait-of-a-young-lady","Portrait of a young lady","Charles Hermans","Realism","data/archive/Realism/charles-hermans_portrait-of-a-young-lady.jpg"
"claude-monet_by-the-sea","By the sea","Claude Monet","Realism","data/archive/Realism/claude-monet_by-the-sea.jpg"
"columbano-bordalo-pinheiro_auto-retrato-1904","Auto retrato 1904","Columbano Bordalo Pinheiro","Realism","data/archive/Realism/columbano-bordalo-pinheiro_auto-retrato-1904.jpg"
"constant-troyon_cows-grazing","Cows grazing","Constant Troyon","Realism","data/archive/Realism/constant-troyon_cows-grazing.jpg"
"constant-troyon_returning-from-pasture","Returning from pasture","Constant Troyon","Realism","data/archive/Realism/constant-troyon_returning-from-pasture.jpg"
"constantin-artachino_tatar-inn","Tatar inn","Constantin Artachino","Realism","data/archive/Realism/constantin-artachino_tatar-inn.jpg"
"constantin-guys_parisienne-seen-from-the-back-1855","Parisienne seen from the back 1855","Constantin Guys","Realism","data/archive/Realism/constantin-guys_parisienne-seen-from-the-back-1855.jpg"
"constantin-stahi_plums-at-the-edge-of-the-table-1905","Plums at the edge of the table 1905","Constantin Stahi","Realism","data/archive/Realism/constantin-stahi_plums-at-the-edge-of-the-table-1905.jpg"
"corneliu-baba_the-chess-player-1948","The chess player 1948","Corneliu Baba","Realism","data/archive/Realism/corneliu-baba_the-chess-player-1948.jpg"
"david-burliuk_frank-kleinholtz","Frank kleinholtz","David Burliuk","Realism","data/archive/Realism/david-burliuk_frank-kleinholtz.jpg"
"david-burliuk_nude-1","Nude 1","David Burliuk","Realism","data/archive/Realism/david-burliuk_nude-1.jpg"
"edgar-degas_josephine-gaujean-1868","Josephine gaujean 1868","Edgar Degas","Realism","data/archive/Realism/edgar-degas_josephine-gaujean-1868.jpg"
"edouard-manet_a-veiled-young-woman-1872","A veiled young woman 1872","Edouard Manet","Realism","data/archive/Realism/edouard-manet_a-veiled-young-woman-1872.jpg"
"edouard-manet_eva-gonzales-1878","Eva gonzales 1878","Edouard Manet","Realism","data/archive/Realism/edouard-manet_eva-gonzales-1878.jpg"
"edouard-manet_peony-stem-and-shears-1864","Peony stem and shears 1864","Edouard Manet","Realism","data/archive/Realism/edouard-manet_peony-stem-and-shears-1864.jpg"
"edouard-manet_portrait-of-zacharie-astruc-1866","Portrait of zacharie astruc 1866","Edouard Manet","Realism","data/archive/Realism/edouard-manet_portrait-of-zacharie-astruc-1866.jpg"
"edouard-manet_the-barricade-civil-war-1871","The barricade civil war 1871","Edouard Manet","Realism","data/archive/Realism/edouard-manet_the-barricade-civil-war-1871.jpg"
"edouard-manet_the-luncheon-on-the-grass-1863","The luncheon on the grass 1863","Edouard Manet","Realism","data/archive/Realism/edouard-manet_the-luncheon-on-the-grass-1863.jpg"
"edouard-manet_victorine-meurent-in-the-costume-of-an-espada-1862","Victorine meurent in the costume of an espada 1862","Edouard Manet","Realism","data/archive/Realism/edouard-manet_victorine-meurent-in-the-costume-of-an-espada-1862.jpg"
"efim-volkov_cell","Cell","Efim Volkov","Realism","data/archive/Realism/efim-volkov_cell.jpg"
"efim-volkov_moonlit-night-in-the-wood","Moonlit night in the wood","Efim Volkov","Realism","data/archive/Realism/efim-volkov_moonlit-night-in-the-wood.jpg"
"emile-claus_charlotte-dufaux-in-her-wedding-dress-1886","Charlotte dufaux in her wedding dress 1886","Emile Claus","Realism","data/archive/Realism/emile-claus_charlotte-dufaux-in-her-wedding-dress-1886.jpg"
"eugene-boudin_douarnenez-fishing-boats-at-dockside-1855","Douarnenez fishing boats at dockside 1855","Eugene Boudin","Realism","data/archive/Realism/eugene-boudin_douarnenez-fishing-boats-at-dockside-1855.jpg"
"eugene-boudin_park-cordieres-a-trouville-1873","Park cordieres a trouville 1873","Eugene Boudin","Realism","data/archive/Realism/eugene-boudin_park-cordieres-a-trouville-1873.jpg"
"eugene-boudin_the-fish-market-rotterdam-1876","The fish market rotterdam 1876","Eugene Boudin","Realism","data/archive/Realism/eugene-boudin_the-fish-market-rotterdam-1876.jpg"
"eugene-boudin_white-clouds-blue-sky","White clouds blue sky","Eugene Boudin","Realism","data/archive/Realism/eugene-boudin_white-clouds-blue-sky.jpg"
"felix-vallotton_seated-nude-on-a-couch","Seated nude on a couch","Felix Vallotton","Realism","data/archive/Realism/felix-vallotton_seated-nude-on-a-couch.jpg"
"ferdinand-hodler_olive-trees-in-spain-1878","Olive trees in spain 1878","Ferdinand Hodler","Realism","data/archive/Realism/ferdinand-hodler_olive-trees-in-spain-1878.jpg"
"ferdinand-hodler_the-golden-meadow-1890","The golden meadow 1890","Ferdinand Hodler","Realism","data/archive/Realism/ferdinand-hodler_the-golden-meadow-1890.jpg"
"fernand-khnopff_portrait-of-mrs-botte-1896","Portrait of mrs botte 1896","Fernand Khnopff","Realism","data/archive/Realism/fernand-khnopff_portrait-of-mrs-botte-1896.jpg"
"frederic-remington_the-right-of-the-road-1900","The right of the road 1900","Frederic Remington","Realism","data/archive/Realism/frederic-remington_the-right-of-the-road-1900.jpg"
"fyodor-bronnikov_capuchin-1881","Capuchin 1881","Fyodor Bronnikov","Realism","data/archive/Realism/fyodor-bronnikov_capuchin-1881.jpg"
"fyodor-bronnikov_the-catholic-mass","The catholic mass","Fyodor Bronnikov","Realism","data/archive/Realism/fyodor-bronnikov_the-catholic-mass.jpg"
"fyodor-vasilyev_autumn","Autumn","Fyodor Vasilyev","Realism","data/archive/Realism/fyodor-vasilyev_autumn.jpg"
"fyodor-vasilyev_clouds-1","Clouds 1","Fyodor Vasilyev","Realism","data/archive/Realism/fyodor-vasilyev_clouds-1.jpg"
"fyodor-vasilyev_evening","Evening","Fyodor Vasilyev","Realism","data/archive/Realism/fyodor-vasilyev_evening.jpg"
"fyodor-vasilyev_lombardy-poplars-on-the-bank-of-a-lake-evening","Lombardy poplars on the bank of a lake evening","Fyodor Vasilyev","Realism","data/archive/Realism/fyodor-vasilyev_lombardy-poplars-on-the-bank-of-a-lake-evening.jpg"
"fyodor-vasilyev_on-the-river-windy-day","On the river windy day","Fyodor Vasilyev","Realism","data/archive/Realism/fyodor-vasilyev_on-the-river-windy-day.jpg"
"fyodor-vasilyev_sailboats-study","Sailboats study","Fyodor Vasilyev","Realism","data/archive/Realism/fyodor-vasilyev_sailboats-study.jpg"
"fyodor-vasilyev_trees","Trees","Fyodor Vasilyev","Realism","data/archive/Realism/fyodor-vasilyev_trees.jpg"
"george-catlin_ball-play-of-the-choctaw-ball-up-1850","Ball play of the choctaw ball up 1850","George Catlin","Realism","data/archive/Realism/george-catlin_ball-play-of-the-choctaw-ball-up-1850.jpg"
"george-catlin_osceola-head-chief-seminole-1838","Osceola head chief seminole 1838","George Catlin","Realism","data/archive/Realism/george-catlin_osceola-head-chief-seminole-1838.jpg"
"georgios-jakobides_first-steps-1892","First steps 1892","Georgios Jakobides","Realism","data/archive/Realism/georgios-jakobides_first-steps-1892.jpg"
"georgios-jakobides_the-flower-seller-1900","The flower seller 1900","Georgios Jakobides","Realism","data/archive/Realism/georgios-jakobides_the-flower-seller-1900.jpg"
"giovanni-boldini_cleo-de-merode","Cleo de merode","Giovanni Boldini","Realism","data/archive/Realism/giovanni-boldini_cleo-de-merode.jpg"
"giovanni-boldini_french-painter-henri-de-toulouse-lautrec","French painter henri de toulouse lautrec","Giovanni Boldini","Realism","data/archive/Realism/giovanni-boldini_french-painter-henri-de-toulouse-lautrec.jpg"
"giovanni-boldini_madame-charles-max-1896","Madame charles max 1896","Giovanni Boldini","Realism","data/archive/Realism/giovanni-boldini_madame-charles-max-1896.jpg"
"giovanni-boldini_portrait-of-a-lady-1912-1","Portrait of a lady 1912 1","Giovanni Boldini","Realism","data/archive/Realism/giovanni-boldini_portrait-of-a-lady-1912-1.jpg"
"giovanni-boldini_portrait-of-gladys-deacon-1908","Portrait of gladys deacon 1908","Giovanni Boldini","Realism","data/archive/Realism/giovanni-boldini_portrait-of-gladys-deacon-1908.jpg"
"giovanni-boldini_portrait-of-the-artis-lawrence-alexander-harrison-1902","Portrait of the artis lawrence alexander harrison 1902","Giovanni Boldini","Realism","data/archive/Realism/giovanni-boldini_portrait-of-the-artis-lawrence-alexander-harrison-1902.jpg"
"giovanni-boldini_still-life-with-rose","Still life with rose","Giovanni Boldini","Realism","data/archive/Realism/giovanni-boldini_still-life-with-rose.jpg"
"giovanni-boldini_wall-paintings-of-falconiera","Wall paintings of falconiera","Giovanni Boldini","Realism","data/archive/Realism/giovanni-boldini_wall-paintings-of-falconiera.jpg"
"grigoriy-myasoyedov_opahivanie-1876","Opahivanie 1876","Grigoriy Myasoyedov","Realism","data/archive/Realism/grigoriy-myasoyedov_opahivanie-1876.jpg"
"grigoriy-myasoyedov_time-of-harvesting-mowers-1887","Time of harvesting mowers 1887","Grigoriy Myasoyedov","Realism","data/archive/Realism/grigoriy-myasoyedov_time-of-harvesting-mowers-1887.jpg"
"gustave-courbet_bay-with-cliffs","Bay with cliffs","Gustave Courbet","Realism","data/archive/Realism/gustave-courbet_bay-with-cliffs.jpg"
"gustave-courbet_crumbling-rocks-1864","Crumbling rocks 1864","Gustave Courbet","Realism","data/archive/Realism/gustave-courbet_crumbling-rocks-1864.jpg"
"gustave-courbet_head-of-a-woman-with-flowers-1871","Head of a woman with flowers 1871","Gustave Courbet","Realism","data/archive/Realism/gustave-courbet_head-of-a-woman-with-flowers-1871.jpg"
"gustave-courbet_lake-geneve-before-the-storm","Lake geneve before the storm","Gustave Courbet","Realism","data/archive/Realism/gustave-courbet_lake-geneve-before-the-storm.jpg"
"gustave-courbet_marc-trapadoux-is-examining-the-book-of-prints-1848","Marc trapadoux is examining the book of prints 1848","Gustave Courbet","Realism","data/archive/Realism/gustave-courbet_marc-trapadoux-is-examining-the-book-of-prints-1848.jpg"
"gustave-courbet_portrait-of-charles-baudelaire-1849","Portrait of charles baudelaire 1849","Gustave Courbet","Realism","data/archive/Realism/gustave-courbet_portrait-of-charles-baudelaire-1849.jpg"
"gustave-courbet_river-and-cliff-1865","River and cliff 1865","Gustave Courbet","Realism","data/archive/Realism/gustave-courbet_river-and-cliff-1865.jpg"
"gustave-courbet_seascape-near-trouville","Seascape near trouville","Gustave Courbet","Realism","data/archive/Realism/gustave-courbet_seascape-near-trouville.jpg"
"gustave-courbet_still-life-apples-pears-and-flowers-on-a-table-saint-pelagie-1871","Still life apples pears and flowers on a table saint pelagie 1871","Gustave Courbet","Realism","data/archive/Realism/gustave-courbet_still-life-apples-pears-and-flowers-on-a-table-saint-pelagie-1871.jpg"
"gustave-courbet_the-approaching-storm","The approaching storm","Gustave Courbet","Realism","data/archive/Realism/gustave-courbet_the-approaching-storm.jpg"
"gustave-courbet_the-dead-doe-1857","The dead doe 1857","Gustave Courbet","Realism","data/archive/Realism/gustave-courbet_the-dead-doe-1857.jpg"
"gustave-courbet_the-hunted-deer-spring-1867","The hunted deer spring 1867","Gustave Courbet","Realism","data/archive/Realism/gustave-courbet_the-hunted-deer-spring-1867.jpg"
"gustave-courbet_the-source-among-the-rocks-of-the-doubs-1871","The source among the rocks of the doubs 1871","Gustave Courbet","Realism","data/archive/Realism/gustave-courbet_the-source-among-the-rocks-of-the-doubs-1871.jpg"
"gustave-courbet_the-trout-1873","The trout 1873","Gustave Courbet","Realism","data/archive/Realism/gustave-courbet_the-trout-1873.jpg"
"gustave-courbet_the-young-bather","The young bather","Gustave Courbet","Realism","data/archive/Realism/gustave-courbet_the-young-bather.jpg"
"gustave-courbet_woman-of-frankfurt-1858","Woman of frankfurt 1858","Gustave Courbet","Realism","data/archive/Realism/gustave-courbet_woman-of-frankfurt-1858.jpg"
"helene-schjerfbeck_mother-and-child","Mother and child","Helene Schjerfbeck","Realism","data/archive/Realism/helene-schjerfbeck_mother-and-child.jpg"
"henri-fantin-latour_a-large-bouquet-of-roses-1886","A large bouquet of roses 1886","Henri Fantin Latour","Realism","data/archive/Realism/henri-fantin-latour_a-large-bouquet-of-roses-1886.jpg"
"henri-fantin-latour_basket-of-roses-1880","Basket of roses 1880","Henri Fantin Latour","Realism","data/archive/Realism/henri-fantin-latour_basket-of-roses-1880.jpg"
"henri-fantin-latour_bowl-of-roses-1889","Bowl of roses 1889","Henri Fantin Latour","Realism","data/archive/Realism/henri-fantin-latour_bowl-of-roses-1889.jpg"
"henri-fantin-latour_daisies-1872","Daisies 1872","Henri Fantin Latour","Realism","data/archive/Realism/henri-fantin-latour_daisies-1872.jpg"
"henri-fantin-latour_flowers-and-fruit-on-a-table-1865","Flowers and fruit on a table 1865","Henri Fantin Latour","Realism","data/archive/Realism/henri-fantin-latour_flowers-and-fruit-on-a-table-1865.jpg"
"henri-fantin-latour_geraniums-1888","Geraniums 1888","Henri Fantin Latour","Realism","data/archive/Realism/henri-fantin-latour_geraniums-1888.jpg"
"henri-fantin-latour_madame-ditte-1867","Madame ditte 1867","Henri Fantin Latour","Realism","data/archive/Realism/henri-fantin-latour_madame-ditte-1867.jpg"
"henri-fantin-latour_peaches-1869","Peaches 1869","Henri Fantin Latour","Realism","data/archive/Realism/henri-fantin-latour_peaches-1869.jpg"
"henri-fantin-latour_queens-daisies-1872","Queens daisies 1872","Henri Fantin Latour","Realism","data/archive/Realism/henri-fantin-latour_queens-daisies-1872.jpg"
"henri-fantin-latour_roses-1894-2","Roses 1894 2","Henri Fantin Latour","Realism","data/archive/Realism/henri-fantin-latour_roses-1894-2.jpg"
"henri-fantin-latour_roses-in-a-vase-1884","Roses in a vase 1884","Henri Fantin Latour","Realism","data/archive/Realism/henri-fantin-latour_roses-in-a-vase-1884.jpg"
"henri-fantin-latour_spring-flowers","Spring flowers","Henri Fantin Latour","Realism","data/archive/Realism/henri-fantin-latour_spring-flowers.jpg"
"henri-fantin-latour_still-life-vase-of-hydrangeas-and-ranunculus-1866","Still life vase of hydrangeas and ranunculus 1866","Henri Fantin Latour","Realism","data/archive/Realism/henri-fantin-latour_still-life-vase-of-hydrangeas-and-ranunculus-1866.jpg"
"henri-fantin-latour_the-bethrothal-still-life-1869","The bethrothal still life 1869","Henri Fantin Latour","Realism","data/archive/Realism/henri-fantin-latour_the-bethrothal-still-life-1869.jpg"
"henri-fantin-latour_vase-of-peonies-and-snowballs-1878","Vase of peonies and snowballs 1878","Henri Fantin Latour","Realism","data/archive/Realism/henri-fantin-latour_vase-of-peonies-and-snowballs-1878.jpg"
"henri-fantin-latour_white-roses-in-a-green-vase-1871","White roses in a green vase 1871","Henri Fantin Latour","Realism","data/archive/Realism/henri-fantin-latour_white-roses-in-a-green-vase-1871.jpg"
"henri-matisse_the-study-of-gustave-moreau-1895","The study of gustave moreau 1895","Henri Matisse","Realism","data/archive/Realism/henri-matisse_the-study-of-gustave-moreau-1895.jpg"
"henry-herbert-la-thangue_r-h-la-thangue-portrait-of-the-artist-s-father-1882","R h la thangue portrait of the artist s father 1882","Henry Herbert La Thangue","Realism","data/archive/Realism/henry-herbert-la-thangue_r-h-la-thangue-portrait-of-the-artist-s-father-1882.jpg"
"homer-watson_landscape-with-horse-and-rider","Landscape with horse and rider","Homer Watson","Realism","data/archive/Realism/homer-watson_landscape-with-horse-and-rider.jpg"
"horia-bernea_the-garden-1992","The garden 1992","Horia Bernea","Realism","data/archive/Realism/horia-bernea_the-garden-1992.jpg"
"ilya-mashkov_lilac","Lilac","Ilya Mashkov","Realism","data/archive/Realism/ilya-mashkov_lilac.jpg"
"ilya-mashkov_still-life-fruits-1939","Still life fruits 1939","Ilya Mashkov","Realism","data/archive/Realism/ilya-mashkov_still-life-fruits-1939.jpg"
"ilya-repin_a-bouquet-of-flowers-1878","A bouquet of flowers 1878","Ilya Repin","Realism","data/archive/Realism/ilya-repin_a-bouquet-of-flowers-1878.jpg"
"ilya-repin_aleksander-iii-receiving-rural-district-elders-in-the-yard-of-petrovsky-palace-in-moscow-1886","Aleksander iii receiving rural district elders in the yard of petrovsky palace in moscow 1886","Ilya Repin","Realism","data/archive/Realism/ilya-repin_aleksander-iii-receiving-rural-district-elders-in-the-yard-of-petrovsky-palace-in-moscow-1886.jpg"
"ilya-repin_birch-trees-sunny-day","Birch trees sunny day","Ilya Repin","Realism","data/archive/Realism/ilya-repin_birch-trees-sunny-day.jpg"
"ilya-repin_christ-and-nicodemus-1887","Christ and nicodemus 1887","Ilya Repin","Realism","data/archive/Realism/ilya-repin_christ-and-nicodemus-1887.jpg"
"ilya-repin_double-portrait-of-natalia-nordmann-and-ilya-repin-1903","Double portrait of natalia nordmann and ilya repin 1903","Ilya Repin","Realism","data/archive/Realism/ilya-repin_double-portrait-of-natalia-nordmann-and-ilya-repin-1903.jpg"
"ilya-repin_girl-with-flowers-daughter-of-the-artist-1878","Girl with flowers daughter of the artist 1878","Ilya Repin","Realism","data/archive/Realism/ilya-repin_girl-with-flowers-daughter-of-the-artist-1878.jpg"
"ilya-repin_hunchback-2-1881","Hunchback 2 1881","Ilya Repin","Realism","data/archive/Realism/ilya-repin_hunchback-2-1881.jpg"
"ilya-repin_job-and-his-friends-1869","Job and his friends 1869","Ilya Repin","Realism","data/archive/Realism/ilya-repin_job-and-his-friends-1869.jpg"
"ilya-repin_leo-tolstoy-working-at-the-round-table-1891","Leo tolstoy working at the round table 1891","Ilya Repin","Realism","data/archive/Realism/ilya-repin_leo-tolstoy-working-at-the-round-table-1891.jpg"
"ilya-repin_nativity-1890","Nativity 1890","Ilya Repin","Realism","data/archive/Realism/ilya-repin_nativity-1890.jpg"
"ilya-repin_on-the-terrace-1908","On the terrace 1908","Ilya Repin","Realism","data/archive/Realism/ilya-repin_on-the-terrace-1908.jpg"
"ilya-repin_portrait-of-a-i-shevtsov-1869","Portrait of a i shevtsov 1869","Ilya Repin","Realism","data/archive/Realism/ilya-repin_portrait-of-a-i-shevtsov-1869.jpg"
"ilya-repin_portrait-of-academician-a-f-koni-1915","Portrait of academician a f koni 1915","Ilya Repin","Realism","data/archive/Realism/ilya-repin_portrait-of-academician-a-f-koni-1915.jpg"
"ilya-repin_portrait-of-chuguev-resident-s-l-lyubitskaya-1877","Portrait of chuguev resident s l lyubitskaya 1877","Ilya Repin","Realism","data/archive/Realism/ilya-repin_portrait-of-chuguev-resident-s-l-lyubitskaya-1877.jpg"
"ilya-repin_portrait-of-e-l-prahova-and-painter-r-s-levitsky-1879","Portrait of e l prahova and painter r s levitsky 1879","Ilya Repin","Realism","data/archive/Realism/ilya-repin_portrait-of-e-l-prahova-and-painter-r-s-levitsky-1879.jpg"
"ilya-repin_portrait-of-j-m-vengerov-1915","Portrait of j m vengerov 1915","Ilya Repin","Realism","data/archive/Realism/ilya-repin_portrait-of-j-m-vengerov-1915.jpg"
"ilya-repin_portrait-of-m-p-shevtsova-wife-of-a-shevtsov-1876","Portrait of m p shevtsova wife of a shevtsov 1876","Ilya Repin","Realism","data/archive/Realism/ilya-repin_portrait-of-m-p-shevtsova-wife-of-a-shevtsov-1876.jpg"
"ilya-repin_portrait-of-nadezhda-borisovna-nordman-severova-1909","Portrait of nadezhda borisovna nordman severova 1909","Ilya Repin","Realism","data/archive/Realism/ilya-repin_portrait-of-nadezhda-borisovna-nordman-severova-1909.jpg"
"ilya-repin_portrait-of-pavel-tretyakov-founder-of-the-tretyakov-gallery-1901","Portrait of pavel tretyakov founder of the tretyakov gallery 1901","Ilya Repin","Realism","data/archive/Realism/ilya-repin_portrait-of-pavel-tretyakov-founder-of-the-tretyakov-gallery-1901.jpg"
"ilya-repin_portrait-of-savva-mamontov-1880","Portrait of savva mamontov 1880","Ilya Repin","Realism","data/archive/Realism/ilya-repin_portrait-of-savva-mamontov-1880.jpg"
"ilya-repin_portrait-of-the-art-critic-vladimir-stasov-1873","Portrait of the art critic vladimir stasov 1873","Ilya Repin","Realism","data/archive/Realism/ilya-repin_portrait-of-the-art-critic-vladimir-stasov-1873.jpg"
"ilya-repin_portrait-of-the-artist-v-s-svarog-1915","Portrait of the artist v s svarog 1915","Ilya Repin","Realism","data/archive/Realism/ilya-repin_portrait-of-the-artist-v-s-svarog-1915.jpg"
"ilya-repin_portrait-of-the-composer-anton-rubinstein-1887","Portrait of the composer anton rubinstein 1887","Ilya Repin","Realism","data/archive/Realism/ilya-repin_portrait-of-the-composer-anton-rubinstein-1887.jpg"
"ilya-repin_portrait-of-the-sculptor-e-p-tarhanova-antokolskaya-1893","Portrait of the sculptor e p tarhanova antokolskaya 1893","Ilya Repin","Realism","data/archive/Realism/ilya-repin_portrait-of-the-sculptor-e-p-tarhanova-antokolskaya-1893.jpg"
"ilya-repin_portrait-of-v-v-verevkina-1916","Portrait of v v verevkina 1916","Ilya Repin","Realism","data/archive/Realism/ilya-repin_portrait-of-v-v-verevkina-1916.jpg"
"ilya-repin_portrait-of-writer-vsevolod-mikhailovich-garshin-1884","Portrait of writer vsevolod mikhailovich garshin 1884","Ilya Repin","Realism","data/archive/Realism/ilya-repin_portrait-of-writer-vsevolod-mikhailovich-garshin-1884.jpg"
"ilya-repin_railway-guard-hotkovo-1882","Railway guard hotkovo 1882","Ilya Repin","Realism","data/archive/Realism/ilya-repin_railway-guard-hotkovo-1882.jpg"
"ilya-repin_river-bank-1876","River bank 1876","Ilya Repin","Realism","data/archive/Realism/ilya-repin_river-bank-1876.jpg"
"ilya-repin_sitting-model-1866","Sitting model 1866","Ilya Repin","Realism","data/archive/Realism/ilya-repin_sitting-model-1866.jpg"
"ilya-repin_study-of-an-old-man-1878","Study of an old man 1878","Ilya Repin","Realism","data/archive/Realism/ilya-repin_study-of-an-old-man-1878.jpg"
"ilya-repin_the-model","The model","Ilya Repin","Realism","data/archive/Realism/ilya-repin_the-model.jpg"
"ilya-repin_tsarevna-sophia-alexeevna-in-the-novodevitchy-convent-1879","Tsarevna sophia alexeevna in the novodevitchy convent 1879","Ilya Repin","Realism","data/archive/Realism/ilya-repin_tsarevna-sophia-alexeevna-in-the-novodevitchy-convent-1879.jpg"
"ilya-repin_woman-playing-with-umbrella-1874","Woman playing with umbrella 1874","Ilya Repin","Realism","data/archive/Realism/ilya-repin_woman-playing-with-umbrella-1874.jpg"
"ioannis-altamouras_1877","1877","Ioannis Altamouras","Realism","data/archive/Realism/ioannis-altamouras_1877.jpg"
"ioannis-altamouras_waves","Waves","Ioannis Altamouras","Realism","data/archive/Realism/ioannis-altamouras_waves.jpg"
"iosif-iser_woman-in-yellow-chair-1933","Woman in yellow chair 1933","Iosif Iser","Realism","data/archive/Realism/iosif-iser_woman-in-yellow-chair-1933.jpg"
"isaac-levitan_a-river-1888","A river 1888","Isaac Levitan","Realism","data/archive/Realism/isaac-levitan_a-river-1888.jpg"
"isaac-levitan_apple-trees-in-blossom-1896-2","Apple trees in blossom 1896 2","Isaac Levitan","Realism","data/archive/Realism/isaac-levitan_apple-trees-in-blossom-1896-2.jpg"
"isaac-levitan_autumn-1877","Autumn 1877","Isaac Levitan","Realism","data/archive/Realism/isaac-levitan_autumn-1877.jpg"
"isaac-levitan_autumn-landscape-with-church","Autumn landscape with church","Isaac Levitan","Realism","data/archive/Realism/isaac-levitan_autumn-landscape-with-church.jpg"
"isaac-levitan_before-the-thunderstorm-1893","Before the thunderstorm 1893","Isaac Levitan","Realism","data/archive/Realism/isaac-levitan_before-the-thunderstorm-1893.jpg"
"isaac-levitan_by-the-creek-1899","By the creek 1899","Isaac Levitan","Realism","data/archive/Realism/isaac-levitan_by-the-creek-1899.jpg"
"isaac-levitan_cloudy-sky-twilight-1893","Cloudy sky twilight 1893","Isaac Levitan","Realism","data/archive/Realism/isaac-levitan_cloudy-sky-twilight-1893.jpg"
"isaac-levitan_early-march-1900","Early march 1900","Isaac Levitan","Realism","data/archive/Realism/isaac-levitan_early-march-1900.jpg"
"isaac-levitan_evening-golden-plyos-1889","Evening golden plyos 1889","Isaac Levitan","Realism","data/archive/Realism/isaac-levitan_evening-golden-plyos-1889.jpg"
"isaac-levitan_footpath-in-a-forest-ferns","Footpath in a forest ferns","Isaac Levitan","Realism","data/archive/Realism/isaac-levitan_footpath-in-a-forest-ferns.jpg"
"isaac-levitan_gray-day-1","Gray day 1","Isaac Levitan","Realism","data/archive/Realism/isaac-levitan_gray-day-1.jpg"
"isaac-levitan_hut-on-the-meadow","Hut on the meadow","Isaac Levitan","Realism","data/archive/Realism/isaac-levitan_hut-on-the-meadow.jpg"
"isaac-levitan_inside-the-peter-and-paul-church-in-plyos-1888","Inside the peter and paul church in plyos 1888","Isaac Levitan","Realism","data/archive/Realism/isaac-levitan_inside-the-peter-and-paul-church-in-plyos-1888.jpg"
"isaac-levitan_lake-rus","Lake rus","Isaac Levitan","Realism","data/archive/Realism/isaac-levitan_lake-rus.jpg"
"isaac-levitan_landscape-with-fencing","Landscape with fencing","Isaac Levitan","Realism","data/archive/Realism/isaac-levitan_landscape-with-fencing.jpg"
"isaac-levitan_mediterranean-seacoast-1890","Mediterranean seacoast 1890","Isaac Levitan","Realism","data/archive/Realism/isaac-levitan_mediterranean-seacoast-1890.jpg"
"isaac-levitan_oak-on-the-riverbank-1887","Oak on the riverbank 1887","Isaac Levitan","Realism","data/archive/Realism/isaac-levitan_oak-on-the-riverbank-1887.jpg"
"isaac-levitan_peonies","Peonies","Isaac Levitan","Realism","data/archive/Realism/isaac-levitan_peonies.jpg"
"isaac-levitan_river-in-the-forest-1886","River in the forest 1886","Isaac Levitan","Realism","data/archive/Realism/isaac-levitan_river-in-the-forest-1886.jpg"
"isaac-levitan_self-portrait","Self portrait","Isaac Levitan","Realism","data/archive/Realism/isaac-levitan_self-portrait.jpg"
"isaac-levitan_springtime-the-last-snow-1895-1","Springtime the last snow 1895 1","Isaac Levitan","Realism","data/archive/Realism/isaac-levitan_springtime-the-last-snow-1895-1.jpg"
"isaac-levitan_tatarian-cemetery-crimea-1886","Tatarian cemetery crimea 1886","Isaac Levitan","Realism","data/archive/Realism/isaac-levitan_tatarian-cemetery-crimea-1886.jpg"
"isaac-levitan_the-twilight-moon-1898","The twilight moon 1898","Isaac Levitan","Realism","data/archive/Realism/isaac-levitan_the-twilight-moon-1898.jpg"
"isaac-levitan_venice-1890","Venice 1890","Isaac Levitan","Realism","data/archive/Realism/isaac-levitan_venice-1890.jpg"
"isaac-levitan_village-savvinskaya-1884","Village savvinskaya 1884","Isaac Levitan","Realism","data/archive/Realism/isaac-levitan_village-savvinskaya-1884.jpg"
"isaac-levitan_white-lilac-1895","White lilac 1895","Isaac Levitan","Realism","data/archive/Realism/isaac-levitan_white-lilac-1895.jpg"
"ivan-kramskoy_beekeeper-1872","Beekeeper 1872","Ivan Kramskoy","Realism","data/archive/Realism/ivan-kramskoy_beekeeper-1872.jpg"
"ivan-kramskoy_girl-with-washed-linen-on-the-yoke-1874","Girl with washed linen on the yoke 1874","Ivan Kramskoy","Realism","data/archive/Realism/ivan-kramskoy_girl-with-washed-linen-on-the-yoke-1874.jpg"
"ivan-kramskoy_n-a-nekrasov-during-the-last-songs-1878","N a nekrasov during the last songs 1878","Ivan Kramskoy","Realism","data/archive/Realism/ivan-kramskoy_n-a-nekrasov-during-the-last-songs-1878.jpg"
"ivan-kramskoy_portrait-of-a-woman-1","Portrait of a woman 1","Ivan Kramskoy","Realism","data/archive/Realism/ivan-kramskoy_portrait-of-a-woman-1.jpg"
"ivan-kramskoy_portrait-of-anatoly-kramskoy-the-artist-s-son-1882","Portrait of anatoly kramskoy the artist s son 1882","Ivan Kramskoy","Realism","data/archive/Realism/ivan-kramskoy_portrait-of-anatoly-kramskoy-the-artist-s-son-1882.jpg"
"ivan-kramskoy_portrait-of-olga-afanasiyevna-raftopulo-1884","Portrait of olga afanasiyevna raftopulo 1884","Ivan Kramskoy","Realism","data/archive/Realism/ivan-kramskoy_portrait-of-olga-afanasiyevna-raftopulo-1884.jpg"
"ivan-kramskoy_portrait-of-the-artist-alexander-sokolov-1883","Portrait of the artist alexander sokolov 1883","Ivan Kramskoy","Realism","data/archive/Realism/ivan-kramskoy_portrait-of-the-artist-alexander-sokolov-1883.jpg"
"ivan-kramskoy_portrait-of-the-author-ivan-goncharov-1874","Portrait of the author ivan goncharov 1874","Ivan Kramskoy","Realism","data/archive/Realism/ivan-kramskoy_portrait-of-the-author-ivan-goncharov-1874.jpg"
"ivan-kramskoy_portrait-of-vera-nikolaevna-tretyakova-1876","Portrait of vera nikolaevna tretyakova 1876","Ivan Kramskoy","Realism","data/archive/Realism/ivan-kramskoy_portrait-of-vera-nikolaevna-tretyakova-1876.jpg"
"ivan-kramskoy_the-actor-vasily-samoilov-1881","The actor vasily samoilov 1881","Ivan Kramskoy","Realism","data/archive/Realism/ivan-kramskoy_the-actor-vasily-samoilov-1881.jpg"
"ivan-shishkin_after-the-rain-etude-of-the-forest-1881","After the rain etude of the forest 1881","Ivan Shishkin","Realism","data/archive/Realism/ivan-shishkin_after-the-rain-etude-of-the-forest-1881.jpg"
"ivan-shishkin_at-the-wicket","At the wicket","Ivan Shishkin","Realism","data/archive/Realism/ivan-shishkin_at-the-wicket.jpg"
"ivan-shishkin_bee-families-1892","Bee families 1892","Ivan Shishkin","Realism","data/archive/Realism/ivan-shishkin_bee-families-1892.jpg"
"ivan-shishkin_branches","Branches","Ivan Shishkin","Realism","data/archive/Realism/ivan-shishkin_branches.jpg"
"ivan-shishkin_cloudy-day","Cloudy day","Ivan Shishkin","Realism","data/archive/Realism/ivan-shishkin_cloudy-day.jpg"
"ivan-shishkin_cut-down-birch-1864","Cut down birch 1864","Ivan Shishkin","Realism","data/archive/Realism/ivan-shishkin_cut-down-birch-1864.jpg"
"ivan-shishkin_edge-of-the-forest-1885","Edge of the forest 1885","Ivan Shishkin","Realism","data/archive/Realism/ivan-shishkin_edge-of-the-forest-1885.jpg"
"ivan-shishkin_ferns-1886","Ferns 1886","Ivan Shishkin","Realism","data/archive/Realism/ivan-shishkin_ferns-1886.jpg"
"ivan-shishkin_first-snow-1875","First snow 1875","Ivan Shishkin","Realism","data/archive/Realism/ivan-shishkin_first-snow-1875.jpg"
"ivan-shishkin_forest-4","Forest 4","Ivan Shishkin","Realism","data/archive/Realism/ivan-shishkin_forest-4.jpg"
"ivan-shishkin_forest-horizont","Forest horizont","Ivan Shishkin","Realism","data/archive/Realism/ivan-shishkin_forest-horizont.jpg"
"ivan-shishkin_forest-landscape-with-herons-1870","Forest landscape with herons 1870","Ivan Shishkin","Realism","data/archive/Realism/ivan-shishkin_forest-landscape-with-herons-1870.jpg"
"ivan-shishkin_forest-stream-1870","Forest stream 1870","Ivan Shishkin","Realism","data/archive/Realism/ivan-shishkin_forest-stream-1870.jpg"
"ivan-shishkin_gathering-mushrooms-1870","Gathering mushrooms 1870","Ivan Shishkin","Realism","data/archive/Realism/ivan-shishkin_gathering-mushrooms-1870.jpg"
"ivan-shishkin_herd-of-sheep-in-the-forest-1865","Herd of sheep in the forest 1865","Ivan Shishkin","Realism","data/archive/Realism/ivan-shishkin_herd-of-sheep-in-the-forest-1865.jpg"
"ivan-shishkin_in-the-forest-1886","In the forest 1886","Ivan Shishkin","Realism","data/archive/Realism/ivan-shishkin_in-the-forest-1886.jpg"
"ivan-shishkin_kama-near-yelabuga-1895","Kama near yelabuga 1895","Ivan Shishkin","Realism","data/archive/Realism/ivan-shishkin_kama-near-yelabuga-1895.jpg"
"ivan-shishkin_landscape-with-herd-of-sheep","Landscape with herd of sheep","Ivan Shishkin","Realism","data/archive/Realism/ivan-shishkin_landscape-with-herd-of-sheep.jpg"
"ivan-shishkin_mill-in-the-forest-preobrazhenskoe-1897","Mill in the forest preobrazhenskoe 1897","Ivan Shishkin","Realism","data/archive/Realism/ivan-shishkin_mill-in-the-forest-preobrazhenskoe-1897.jpg"
"ivan-shishkin_noon-in-the-neighbourhood-of-moscow-1869","Noon in the neighbourhood of moscow 1869","Ivan Shishkin","Realism","data/archive/Realism/ivan-shishkin_noon-in-the-neighbourhood-of-moscow-1869.jpg"
"ivan-shishkin_oaks-evening-1887","Oaks evening 1887","Ivan Shishkin","Realism","data/archive/Realism/ivan-shishkin_oaks-evening-1887.jpg"
"ivan-shishkin_on-the-shore-of-the-gulf-of-finland-udrias-near-narva-1888-1","On the shore of the gulf of finland udrias near narva 1888 1","Ivan Shishkin","Realism","data/archive/Realism/ivan-shishkin_on-the-shore-of-the-gulf-of-finland-udrias-near-narva-1888-1.jpg"
"ivan-shishkin_pine-forest-1","Pine forest 1","Ivan Shishkin","Realism","data/archive/Realism/ivan-shishkin_pine-forest-1.jpg"
"ivan-shishkin_pine-merikyul-1894","Pine merikyul 1894","Ivan Shishkin","Realism","data/archive/Realism/ivan-shishkin_pine-merikyul-1894.jpg"
"ivan-shishkin_pond-in-a-old-park-1897","Pond in a old park 1897","Ivan Shishkin","Realism","data/archive/Realism/ivan-shishkin_pond-in-a-old-park-1897.jpg"
"ivan-shishkin_rotten-wood-covered-with-moss-1890","Rotten wood covered with moss 1890","Ivan Shishkin","Realism","data/archive/Realism/ivan-shishkin_rotten-wood-covered-with-moss-1890.jpg"
"ivan-shishkin_stones-1","Stones 1","Ivan Shishkin","Realism","data/archive/Realism/ivan-shishkin_stones-1.jpg"
"ivan-shishkin_summer-landscape-with-two-houses","Summer landscape with two houses","Ivan Shishkin","Realism","data/archive/Realism/ivan-shishkin_summer-landscape-with-two-houses.jpg"
"ivan-shishkin_the-forest-clearing-1896","The forest clearing 1896","Ivan Shishkin","Realism","data/archive/Realism/ivan-shishkin_the-forest-clearing-1896.jpg"
"ivan-shishkin_the-sun-in-the-forest-1895","The sun in the forest 1895","Ivan Shishkin","Realism","data/archive/Realism/ivan-shishkin_the-sun-in-the-forest-1895.jpg"
"ivan-shishkin_twilight-after-sunset-1874","Twilight after sunset 1874","Ivan Shishkin","Realism","data/archive/Realism/ivan-shishkin_twilight-after-sunset-1874.jpg"
"ivan-shishkin_willows-lit-up-by-the-sun","Willows lit up by the sun","Ivan Shishkin","Realism","data/archive/Realism/ivan-shishkin_willows-lit-up-by-the-sun.jpg"
"ivan-shishkin_young-pines","Young pines","Ivan Shishkin","Realism","data/archive/Realism/ivan-shishkin_young-pines.jpg"
"ivan-vladimirov_famine","Famine","Ivan Vladimirov","Realism","data/archive/Realism/ivan-vladimirov_famine.jpg"
"ivan-vladimirov_parade-of-the-navy-imperial-yacht-standart-1902","Parade of the navy imperial yacht standart 1902","Ivan Vladimirov","Realism","data/archive/Realism/ivan-vladimirov_parade-of-the-navy-imperial-yacht-standart-1902.jpg"
"ivan-vladimirov_the-pogrom-of-the-winter-palace","The pogrom of the winter palace","Ivan Vladimirov","Realism","data/archive/Realism/ivan-vladimirov_the-pogrom-of-the-winter-palace.jpg"
"james-mcneill-whistler_annie-haden-1860","Annie haden 1860","James Mcneill Whistler","Realism","data/archive/Realism/james-mcneill-whistler_annie-haden-1860.jpg"
"james-mcneill-whistler_black-lion-wharf","Black lion wharf","James Mcneill Whistler","Realism","data/archive/Realism/james-mcneill-whistler_black-lion-wharf.jpg"
"james-mcneill-whistler_head-of-a-young-woman","Head of a young woman","James Mcneill Whistler","Realism","data/archive/Realism/james-mcneill-whistler_head-of-a-young-woman.jpg"
"james-mcneill-whistler_symphony-in-white-no-3","Symphony in white no 3","James Mcneill Whistler","Realism","data/archive/Realism/james-mcneill-whistler_symphony-in-white-no-3.jpg"
"james-mcneill-whistler_variations-in-flesh-colour-and-green-the-balcony","Variations in flesh colour and green the balcony","James Mcneill Whistler","Realism","data/archive/Realism/james-mcneill-whistler_variations-in-flesh-colour-and-green-the-balcony.jpg"
"james-tissot_an-old-cistern-1889","An old cistern 1889","James Tissot","Realism","data/archive/Realism/james-tissot_an-old-cistern-1889.jpg"
"james-tissot_caricature-of-admiral-sir-hastings-reginald-yelverton","Caricature of admiral sir hastings reginald yelverton","James Tissot","Realism","data/archive/Realism/james-tissot_caricature-of-admiral-sir-hastings-reginald-yelverton.jpg"
"james-tissot_caricature-of-lionel-dawson-damer-m-p","Caricature of lionel dawson damer m p","James Tissot","Realism","data/archive/Realism/james-tissot_caricature-of-lionel-dawson-damer-m-p.jpg"
"james-tissot_daniel-in-the-lion-s","Daniel in the lion s","James Tissot","Realism","data/archive/Realism/james-tissot_daniel-in-the-lion-s.jpg"
"james-tissot_in-full-sun","In full sun","James Tissot","Realism","data/archive/Realism/james-tissot_in-full-sun.jpg"
"james-tissot_letter-with-hats","Letter with hats","James Tissot","Realism","data/archive/Realism/james-tissot_letter-with-hats.jpg"
"james-tissot_metal-ornament-taken-from-the-mosque-of-es-sakra","Metal ornament taken from the mosque of es sakra","James Tissot","Realism","data/archive/Realism/james-tissot_metal-ornament-taken-from-the-mosque-of-es-sakra.jpg"
"james-tissot_portrait-of-woman","Portrait of woman","James Tissot","Realism","data/archive/Realism/james-tissot_portrait-of-woman.jpg"
"james-tissot_room-overlooking-the-harbour","Room overlooking the harbour","James Tissot","Realism","data/archive/Realism/james-tissot_room-overlooking-the-harbour.jpg"
"james-tissot_spring","Spring","James Tissot","Realism","data/archive/Realism/james-tissot_spring.jpg"
"james-tissot_summer","Summer","James Tissot","Realism","data/archive/Realism/james-tissot_summer.jpg"
"james-tissot_the-farewell","The farewell","James Tissot","Realism","data/archive/Realism/james-tissot_the-farewell.jpg"
"james-tissot_the-prodigal-son-in-modern-life-in-foreign-climes","The prodigal son in modern life in foreign climes","James Tissot","Realism","data/archive/Realism/james-tissot_the-prodigal-son-in-modern-life-in-foreign-climes.jpg"
"james-tissot_the-terrace-of-the-trafalgar-tavern-greenwich-london","The terrace of the trafalgar tavern greenwich london","James Tissot","Realism","data/archive/Realism/james-tissot_the-terrace-of-the-trafalgar-tavern-greenwich-london.jpg"
"james-tissot_two-frontispiece-sitting-on-the-globe","Two frontispiece sitting on the globe","James Tissot","Realism","data/archive/Realism/james-tissot_two-frontispiece-sitting-on-the-globe.jpg"
"james-tissot_waiting","Waiting","James Tissot","Realism","data/archive/Realism/james-tissot_waiting.jpg"
"jean-francois-millet_amour-s-dance","Amour s dance","Jean Francois Millet","Realism","data/archive/Realism/jean-francois-millet_amour-s-dance.jpg"
"jean-francois-millet_haystacks-autumn-1873","Haystacks autumn 1873","Jean Francois Millet","Realism","data/archive/Realism/jean-francois-millet_haystacks-autumn-1873.jpg"
"jean-francois-millet_manor-farm-cousin-in-greville-1854","Manor farm cousin in greville 1854","Jean Francois Millet","Realism","data/archive/Realism/jean-francois-millet_manor-farm-cousin-in-greville-1854.jpg"
"jean-francois-millet_peasant-family","Peasant family","Jean Francois Millet","Realism","data/archive/Realism/jean-francois-millet_peasant-family.jpg"
"jean-francois-millet_shepherd-tending-his-flock","Shepherd tending his flock","Jean Francois Millet","Realism","data/archive/Realism/jean-francois-millet_shepherd-tending-his-flock.jpg"
"jean-francois-millet_the-drunkeness-of-noah","The drunkeness of noah","Jean Francois Millet","Realism","data/archive/Realism/jean-francois-millet_the-drunkeness-of-noah.jpg"
"jean-francois-millet_the-sower-1850(1)","The sower 1850(1)","Jean Francois Millet","Realism","data/archive/Realism/jean-francois-millet_the-sower-1850(1).jpg"
"jean-francois-millet_woman-carrying-firewood-and-a-pail-1860","Woman carrying firewood and a pail 1860","Jean Francois Millet","Realism","data/archive/Realism/jean-francois-millet_woman-carrying-firewood-and-a-pail-1860.jpg"
"johan-hendrik-weissenbruch_a-summer-landscape-with-figures-on-a-path","A summer landscape with figures on a path","Johan Hendrik Weissenbruch","Realism","data/archive/Realism/johan-hendrik-weissenbruch_a-summer-landscape-with-figures-on-a-path.jpg"
"johan-hendrik-weissenbruch_farm-beside-canal-in-polder","Farm beside canal in polder","Johan Hendrik Weissenbruch","Realism","data/archive/Realism/johan-hendrik-weissenbruch_farm-beside-canal-in-polder.jpg"
"johan-hendrik-weissenbruch_landscape-at-noorden","Landscape at noorden","Johan Hendrik Weissenbruch","Realism","data/archive/Realism/johan-hendrik-weissenbruch_landscape-at-noorden.jpg"
"johan-hendrik-weissenbruch_road-near-noorden","Road near noorden","Johan Hendrik Weissenbruch","Realism","data/archive/Realism/johan-hendrik-weissenbruch_road-near-noorden.jpg"
"johan-hendrik-weissenbruch_summer-landscape","Summer landscape","Johan Hendrik Weissenbruch","Realism","data/archive/Realism/johan-hendrik-weissenbruch_summer-landscape.jpg"
"john-collier_portrait-of-professor-huxley","Portrait of professor huxley","John Collier","Realism","data/archive/Realism/john-collier_portrait-of-professor-huxley.jpg"
"john-everett-millais_dew-drenched-furze","Dew drenched furze","John Everett Millais","Realism","data/archive/Realism/john-everett-millais_dew-drenched-furze.jpg"
"john-everett-millais_my-first-sermon-1863","My first sermon 1863","John Everett Millais","Realism","data/archive/Realism/john-everett-millais_my-first-sermon-1863.jpg"
"john-everett-millais_sir-john-everett-pippa","Sir john everett pippa","John Everett Millais","Realism","data/archive/Realism/john-everett-millais_sir-john-everett-pippa.jpg"
"john-henry-twachtman_landscape","Landscape","John Henry Twachtman","Realism","data/archive/Realism/john-henry-twachtman_landscape.jpg"
"john-lewis-krimmel_nightlife-in-philadelphia-an-oyster-barrow-in-front-of-the-chestnut-street-theater","Nightlife in philadelphia an oyster barrow in front of the chestnut street theater","John Lewis Krimmel","Realism","data/archive/Realism/john-lewis-krimmel_nightlife-in-philadelphia-an-oyster-barrow-in-front-of-the-chestnut-street-theater.jpg"
"john-singer-sargent_a-mountain-stream-tyrol-1914","A mountain stream tyrol 1914","John Singer Sargent","Realism","data/archive/Realism/john-singer-sargent_a-mountain-stream-tyrol-1914.jpg"
"john-singer-sargent_alfred-son-of-asher-wertheimer","Alfred son of asher wertheimer","John Singer Sargent","Realism","data/archive/Realism/john-singer-sargent_alfred-son-of-asher-wertheimer.jpg"
"john-singer-sargent_blanche-marchesi-1910","Blanche marchesi 1910","John Singer Sargent","Realism","data/archive/Realism/john-singer-sargent_blanche-marchesi-1910.jpg"
"john-singer-sargent_claude-monet-1887","Claude monet 1887","John Singer Sargent","Realism","data/archive/Realism/john-singer-sargent_claude-monet-1887.jpg"
"john-singer-sargent_drawing-3","Drawing 3","John Singer Sargent","Realism","data/archive/Realism/john-singer-sargent_drawing-3.jpg"
"john-singer-sargent_elsie-wagg","Elsie wagg","John Singer Sargent","Realism","data/archive/Realism/john-singer-sargent_elsie-wagg.jpg"
"john-singer-sargent_frederick-law-olmsted-1895","Frederick law olmsted 1895","John Singer Sargent","Realism","data/archive/Realism/john-singer-sargent_frederick-law-olmsted-1895.jpg"
"john-singer-sargent_head-of-a-capri-girl-1878","Head of a capri girl 1878","John Singer Sargent","Realism","data/archive/Realism/john-singer-sargent_head-of-a-capri-girl-1878.jpg"
"john-singer-sargent_henry-viscount-lascelles-1925","Henry viscount lascelles 1925","John Singer Sargent","Realism","data/archive/Realism/john-singer-sargent_henry-viscount-lascelles-1925.jpg"
"john-singer-sargent_johannes-wolff","Johannes wolff","John Singer Sargent","Realism","data/archive/Realism/john-singer-sargent_johannes-wolff.jpg"
"john-singer-sargent_lady-margaret-spicer","Lady margaret spicer","John Singer Sargent","Realism","data/archive/Realism/john-singer-sargent_lady-margaret-spicer.jpg"
"john-singer-sargent_madame-edouard-pailleron-1879","Madame edouard pailleron 1879","John Singer Sargent","Realism","data/archive/Realism/john-singer-sargent_madame-edouard-pailleron-1879.jpg"
"john-singer-sargent_marble-quarries-at-carrara-1913","Marble quarries at carrara 1913","John Singer Sargent","Realism","data/archive/Realism/john-singer-sargent_marble-quarries-at-carrara-1913.jpg"
"john-singer-sargent_miss-helen-duinham-1892","Miss helen duinham 1892","John Singer Sargent","Realism","data/archive/Realism/john-singer-sargent_miss-helen-duinham-1892.jpg"
"john-singer-sargent_mrs-carl-meyer-later-lady-meyer-and-her-two-children-1896","Mrs carl meyer later lady meyer and her two children 1896","John Singer Sargent","Realism","data/archive/Realism/john-singer-sargent_mrs-carl-meyer-later-lady-meyer-and-her-two-children-1896.jpg"
"john-singer-sargent_mrs-edward-deshon-brandegee-1907","Mrs edward deshon brandegee 1907","John Singer Sargent","Realism","data/archive/Realism/john-singer-sargent_mrs-edward-deshon-brandegee-1907.jpg"
"john-singer-sargent_mrs-george-lewis-elizabeth-eberstadt-1892","Mrs george lewis elizabeth eberstadt 1892","John Singer Sargent","Realism","data/archive/Realism/john-singer-sargent_mrs-george-lewis-elizabeth-eberstadt-1892.jpg"
"john-singer-sargent_mrs-joseph-e-widener-1903","Mrs joseph e widener 1903","John Singer Sargent","Realism","data/archive/Realism/john-singer-sargent_mrs-joseph-e-widener-1903.jpg"
"john-singer-sargent_mrs-waldo-story-1883","Mrs waldo story 1883","John Singer Sargent","Realism","data/archive/Realism/john-singer-sargent_mrs-waldo-story-1883.jpg"
"john-singer-sargent_nonchaloir-repose-1911","Nonchaloir repose 1911","John Singer Sargent","Realism","data/archive/Realism/john-singer-sargent_nonchaloir-repose-1911.jpg"
"john-singer-sargent_polly-barnard-also-known-as-study-for-carnation-lily-lily-rose","Polly barnard also known as study for carnation lily lily rose","John Singer Sargent","Realism","data/archive/Realism/john-singer-sargent_polly-barnard-also-known-as-study-for-carnation-lily-lily-rose.jpg"
"john-singer-sargent_portrait-of-frances-mary-vickers","Portrait of frances mary vickers","John Singer Sargent","Realism","data/archive/Realism/john-singer-sargent_portrait-of-frances-mary-vickers.jpg"
"john-singer-sargent_portrait-of-mrs-alice-brisbane-thursby-1898","Portrait of mrs alice brisbane thursby 1898","John Singer Sargent","Realism","data/archive/Realism/john-singer-sargent_portrait-of-mrs-alice-brisbane-thursby-1898.jpg"
"john-singer-sargent_reverend-edmond-ware-1906","Reverend edmond ware 1906","John Singer Sargent","Realism","data/archive/Realism/john-singer-sargent_reverend-edmond-ware-1906.jpg"
"john-singer-sargent_sir-david-richmond","Sir david richmond","John Singer Sargent","Realism","data/archive/Realism/john-singer-sargent_sir-david-richmond.jpg"
"john-singer-sargent_study-of-a-fig-tree-1908","Study of a fig tree 1908","John Singer Sargent","Realism","data/archive/Realism/john-singer-sargent_study-of-a-fig-tree-1908.jpg"
"john-singer-sargent_the-duchess-of-sutherland-1904","The duchess of sutherland 1904","John Singer Sargent","Realism","data/archive/Realism/john-singer-sargent_the-duchess-of-sutherland-1904.jpg"
"john-singer-sargent_the-wyndham-sisters-1899","The wyndham sisters 1899","John Singer Sargent","Realism","data/archive/Realism/john-singer-sargent_the-wyndham-sisters-1899.jpg"
"john-singer-sargent_venetian-water-carriers-1882","Venetian water carriers 1882","John Singer Sargent","Realism","data/archive/Realism/john-singer-sargent_venetian-water-carriers-1882.jpg"
"jose-malhoa_the-artist-s-studio-1894","The artist s studio 1894","Jose Malhoa","Realism","data/archive/Realism/jose-malhoa_the-artist-s-studio-1894.jpg"
"julius-leblanc-stewart_forest-glade-santa-barbara-1918(1)","Forest glade santa barbara 1918(1)","Julius Leblanc Stewart","Realism","data/archive/Realism/julius-leblanc-stewart_forest-glade-santa-barbara-1918(1).jpg"
"julius-leblanc-stewart_portrait-of-laure-hayman-1882(1)","Portrait of laure hayman 1882(1)","Julius Leblanc Stewart","Realism","data/archive/Realism/julius-leblanc-stewart_portrait-of-laure-hayman-1882(1).jpg"
"julius-leblanc-stewart_the-ball(1)","The ball(1)","Julius Leblanc Stewart","Realism","data/archive/Realism/julius-leblanc-stewart_the-ball(1).jpg"
"julius-leblanc-stewart_yachting-in-the-mediterranean-1896(1)","Yachting in the mediterranean 1896(1)","Julius Leblanc Stewart","Realism","data/archive/Realism/julius-leblanc-stewart_yachting-in-the-mediterranean-1896(1).jpg"
"klavdy-lebedev_dancing","Dancing","Klavdy Lebedev","Realism","data/archive/Realism/klavdy-lebedev_dancing.jpg"
"koloman-moser_girls-in-henhouse-1897","Girls in henhouse 1897","Koloman Moser","Realism","data/archive/Realism/koloman-moser_girls-in-henhouse-1897.jpg"
"konstantin-bogaevsky_panorama-of-construction-of-dnieper-hydroelectric-station","Panorama of construction of dnieper hydroelectric station","Konstantin Bogaevsky","Realism","data/archive/Realism/konstantin-bogaevsky_panorama-of-construction-of-dnieper-hydroelectric-station.jpg"
"konstantin-korovin_fishing-on-murman-sea-1896","Fishing on murman sea 1896","Konstantin Korovin","Realism","data/archive/Realism/konstantin-korovin_fishing-on-murman-sea-1896.jpg"
"konstantin-makovsky_children-in-a-field","Children in a field","Konstantin Makovsky","Realism","data/archive/Realism/konstantin-makovsky_children-in-a-field.jpg"
"konstantin-makovsky_girl-with-flowers","Girl with flowers","Konstantin Makovsky","Realism","data/archive/Realism/konstantin-makovsky_girl-with-flowers.jpg"
"konstantin-makovsky_meal-of-pilgrims-in-the-trinity-lavra-of-st-sergius","Meal of pilgrims in the trinity lavra of st sergius","Konstantin Makovsky","Realism","data/archive/Realism/konstantin-makovsky_meal-of-pilgrims-in-the-trinity-lavra-of-st-sergius.jpg"
"konstantin-makovsky_portrait-of-the-girl","Portrait of the girl","Konstantin Makovsky","Realism","data/archive/Realism/konstantin-makovsky_portrait-of-the-girl.jpg"
"konstantin-somov_portrait-a-somova-mikhailova","Portrait a somova mikhailova","Konstantin Somov","Realism","data/archive/Realism/konstantin-somov_portrait-a-somova-mikhailova.jpg"
"konstantin-somov_portrait-of-m-karpova","Portrait of m karpova","Konstantin Somov","Realism","data/archive/Realism/konstantin-somov_portrait-of-m-karpova.jpg"
"konstantinos-volanakis_a-busy-harbour","A busy harbour","Konstantinos Volanakis","Realism","data/archive/Realism/konstantinos-volanakis_a-busy-harbour.jpg"
"konstantinos-volanakis_karaiskakis-faliro","Karaiskakis faliro","Konstantinos Volanakis","Realism","data/archive/Realism/konstantinos-volanakis_karaiskakis-faliro.jpg"
"konstantinos-volanakis_the-burning-of-a-turkish-frigate(3)","The burning of a turkish frigate(3)","Konstantinos Volanakis","Realism","data/archive/Realism/konstantinos-volanakis_the-burning-of-a-turkish-frigate(3).jpg"
"leon-bonnat_le-cardinal-charles-lavigerie-1888","Le cardinal charles lavigerie 1888","Leon Bonnat","Realism","data/archive/Realism/leon-bonnat_le-cardinal-charles-lavigerie-1888.jpg"
"m.c.-escher_bookplate-dr-p-h-m-travaglino","Bookplate dr p h m travaglino","M.c. Escher","Realism","data/archive/Realism/m.c.-escher_bookplate-dr-p-h-m-travaglino.jpg"
"m.c.-escher_mumified-frog","Mumified frog","M.c. Escher","Realism","data/archive/Realism/m.c.-escher_mumified-frog.jpg"
"m.c.-escher_not_detected_204722","Sem título (204722)","M.c. Escher","Realism","data/archive/Realism/m.c.-escher_not_detected_204722.jpg"
"martin-johnson-heade_magnolias-on-gold-velvet-cloth-1890","Magnolias on gold velvet cloth 1890","Martin Johnson Heade","Realism","data/archive/Realism/martin-johnson-heade_magnolias-on-gold-velvet-cloth-1890.jpg"
"martiros-saryan_armenian-village-1969","Armenian village 1969","Martiros Saryan","Realism","data/archive/Realism/martiros-saryan_armenian-village-1969.jpg"
"martiros-saryan_flowers-1928","Flowers 1928","Martiros Saryan","Realism","data/archive/Realism/martiros-saryan_flowers-1928.jpg"
"martiros-saryan_in-the-mountains-1960","In the mountains 1960","Martiros Saryan","Realism","data/archive/Realism/martiros-saryan_in-the-mountains-1960.jpg"
"martiros-saryan_mountain-river-1971","Mountain river 1971","Martiros Saryan","Realism","data/archive/Realism/martiros-saryan_mountain-river-1971.jpg"
"martiros-saryan_portrait-of-mother-1898","Portrait of mother 1898","Martiros Saryan","Realism","data/archive/Realism/martiros-saryan_portrait-of-mother-1898.jpg"
"martiros-saryan_still-life-cyclamen-1940","Still life cyclamen 1940","Martiros Saryan","Realism","data/archive/Realism/martiros-saryan_still-life-cyclamen-1940.jpg"
"martiros-saryan_wild-poppies-1945","Wild poppies 1945","Martiros Saryan","Realism","data/archive/Realism/martiros-saryan_wild-poppies-1945.jpg"
"mary-cassatt_portrait-of-alexander-cassatt","Portrait of alexander cassatt","Mary Cassatt","Realism","data/archive/Realism/mary-cassatt_portrait-of-alexander-cassatt.jpg"
"max-liebermann_spinning-workshop-in-laren-1889","Spinning workshop in laren 1889","Max Liebermann","Realism","data/archive/Realism/max-liebermann_spinning-workshop-in-laren-1889.jpg"
"maxime-lalanne_le-pont-d-espagne-ch-te-sup-rieure","Le pont d espagne ch te sup rieure","Maxime Lalanne","Realism","data/archive/Realism/maxime-lalanne_le-pont-d-espagne-ch-te-sup-rieure.jpg"
"mihaly-munkacsy_evening-in-parc-monceau-1895","Evening in parc monceau 1895","Mihaly Munkacsy","Realism","data/archive/Realism/mihaly-munkacsy_evening-in-parc-monceau-1895.jpg"
"mihaly-munkacsy_teacher-1882","Teacher 1882","Mihaly Munkacsy","Realism","data/archive/Realism/mihaly-munkacsy_teacher-1882.jpg"
"mikhail-lebedev_rome-in-the-morning-1835","Rome in the morning 1835","Mikhail Lebedev","Realism","data/archive/Realism/mikhail-lebedev_rome-in-the-morning-1835.jpg"
"mikhail-nesterov_portrait-of-maxim-gorky-1901","Portrait of maxim gorky 1901","Mikhail Nesterov","Realism","data/archive/Realism/mikhail-nesterov_portrait-of-maxim-gorky-1901.jpg"
"mikhail-vrubel_duel-of-pechorin-and-grushnitsky-1891","Duel of pechorin and grushnitsky 1891","Mikhail Vrubel","Realism","data/archive/Realism/mikhail-vrubel_duel-of-pechorin-and-grushnitsky-1891.jpg"
"mikhail-vrubel_self-portrait-1882","Self portrait 1882","Mikhail Vrubel","Realism","data/archive/Realism/mikhail-vrubel_self-portrait-1882.jpg"
"mykola-pymonenko_fair","Fair","Mykola Pymonenko","Realism","data/archive/Realism/mykola-pymonenko_fair.jpg"
"mykola-pymonenko_victime-of-fanatisme-1899","Victime of fanatisme 1899","Mykola Pymonenko","Realism","data/archive/Realism/mykola-pymonenko_victime-of-fanatisme-1899.jpg"
"mykola-yaroshenko_portrait-of-alexander-gerd","Portrait of alexander gerd","Mykola Yaroshenko","Realism","data/archive/Realism/mykola-yaroshenko_portrait-of-alexander-gerd.jpg"
"mykola-yaroshenko_the-student-1881","The student 1881","Mykola Yaroshenko","Realism","data/archive/Realism/mykola-yaroshenko_the-student-1881.jpg"
"n.c.-wyeth_painting-of-native-american-1","Painting of native american 1","N.c. Wyeth","Realism","data/archive/Realism/n.c.-wyeth_painting-of-native-american-1.jpg"
"n.c.-wyeth_treasure-island-title-1","Treasure island title 1","N.c. Wyeth","Realism","data/archive/Realism/n.c.-wyeth_treasure-island-title-1.jpg"
"nicholas-roerich_elders-gathering-1898-1","Elders gathering 1898 1","Nicholas Roerich","Realism","data/archive/Realism/nicholas-roerich_elders-gathering-1898-1.jpg"
"nicholas-roerich_idols-1901","Idols 1901","Nicholas Roerich","Realism","data/archive/Realism/nicholas-roerich_idols-1901.jpg"
"nicholas-roerich_old-ladoga-fortress-1899","Old ladoga fortress 1899","Nicholas Roerich","Realism","data/archive/Realism/nicholas-roerich_old-ladoga-fortress-1899.jpg"
"nicholas-roerich_priest-from-gryzovo-1893","Priest from gryzovo 1893","Nicholas Roerich","Realism","data/archive/Realism/nicholas-roerich_priest-from-gryzovo-1893.jpg"
"nicholas-roerich_socrates-1893","Socrates 1893","Nicholas Roerich","Realism","data/archive/Realism/nicholas-roerich_socrates-1893.jpg"
"nicholas-roerich_stuffed-grouse","Stuffed grouse","Nicholas Roerich","Realism","data/archive/Realism/nicholas-roerich_stuffed-grouse.jpg"
"nicholas-roerich_wenden-ruins-of-chapel-1903","Wenden ruins of chapel 1903","Nicholas Roerich","Realism","data/archive/Realism/nicholas-roerich_wenden-ruins-of-chapel-1903.jpg"
"nicolae-grigorescu_head-of-a-young-farmer","Head of a young farmer","Nicolae Grigorescu","Realism","data/archive/Realism/nicolae-grigorescu_head-of-a-young-farmer.jpg"
"nicolae-vermont_self-portrait","Self portrait","Nicolae Vermont","Realism","data/archive/Realism/nicolae-vermont_self-portrait.jpg"
"nikolai-ge_death-of-imelda-lambertatstsi","Death of imelda lambertatstsi","Nikolai Ge","Realism","data/archive/Realism/nikolai-ge_death-of-imelda-lambertatstsi.jpg"
"nikolai-ge_not_detected_252984","Sem título (252984)","Nikolai Ge","Realism","data/archive/Realism/nikolai-ge_not_detected_252984.jpg"
"nikolai-ge_portrait-of-ivan-zabela","Portrait of ivan zabela","Nikolai Ge","Realism","data/archive/Realism/nikolai-ge_portrait-of-ivan-zabela.jpg"
"nikolai-ge_portrait-of-tatyana-tolstaya-leo-tolstoy-s-daughter","Portrait of tatyana tolstaya leo tolstoy s daughter","Nikolai Ge","Realism","data/archive/Realism/nikolai-ge_portrait-of-tatyana-tolstaya-leo-tolstoy-s-daughter.jpg"
"nikolai-ge_the-judgment-of-the-sanhedrin","The judgment of the sanhedrin","Nikolai Ge","Realism","data/archive/Realism/nikolai-ge_the-judgment-of-the-sanhedrin.jpg"
"nikolaos-gyzis_peek-a-boo-1882(1)","Peek a boo 1882(1)","Nikolaos Gyzis","Realism","data/archive/Realism/nikolaos-gyzis_peek-a-boo-1882(1).jpg"
"nikolaos-lytras_portrait-of-the-painter-gerassimos-dialismas","Portrait of the painter gerassimos dialismas","Nikolaos Lytras","Realism","data/archive/Realism/nikolaos-lytras_portrait-of-the-painter-gerassimos-dialismas.jpg"
"nikolay-bogdanov-belsky_country-boy","Country boy","Nikolay Bogdanov Belsky","Realism","data/archive/Realism/nikolay-bogdanov-belsky_country-boy.jpg"
"nikolay-bogdanov-belsky_leo-tolstoy-amoung-the-peasants","Leo tolstoy amoung the peasants","Nikolay Bogdanov Belsky","Realism","data/archive/Realism/nikolay-bogdanov-belsky_leo-tolstoy-amoung-the-peasants.jpg"
"nikolay-bogdanov-belsky_portrait-of-a-gorchakov","Portrait of a gorchakov","Nikolay Bogdanov Belsky","Realism","data/archive/Realism/nikolay-bogdanov-belsky_portrait-of-a-gorchakov.jpg"
"nikolay-bogdanov-belsky_reading-the-newspaper-war-news","Reading the newspaper war news","Nikolay Bogdanov Belsky","Realism","data/archive/Realism/nikolay-bogdanov-belsky_reading-the-newspaper-war-news.jpg"
"nikolay-bogdanov-belsky_talant-and-admirer","Talant and admirer","Nikolay Bogdanov Belsky","Realism","data/archive/Realism/nikolay-bogdanov-belsky_talant-and-admirer.jpg"
"nikolay-bogdanov-belsky_woodland-path","Woodland path","Nikolay Bogdanov Belsky","Realism","data/archive/Realism/nikolay-bogdanov-belsky_woodland-path.jpg"
"octav-bancila_peticarul","Peticarul","Octav Bancila","Realism","data/archive/Realism/octav-bancila_peticarul.jpg"
"odilon-redon_bouquet-of-flowers-2","Bouquet of flowers 2","Odilon Redon","Realism","data/archive/Realism/odilon-redon_bouquet-of-flowers-2.jpg"
"odilon-redon_flowers-2","Flowers 2","Odilon Redon","Realism","data/archive/Realism/odilon-redon_flowers-2.jpg"
"odilon-redon_large-boquet-on-a-black-background","Large boquet on a black background","Odilon Redon","Realism","data/archive/Realism/odilon-redon_large-boquet-on-a-black-background.jpg"
"odilon-redon_vase-of-flowers-1","Vase of flowers 1","Odilon Redon","Realism","data/archive/Realism/odilon-redon_vase-of-flowers-1.jpg"
"odilon-redon_vase-of-flowers-with-branches-of-a-flowering-apple-tree","Vase of flowers with branches of a flowering apple tree","Odilon Redon","Realism","data/archive/Realism/odilon-redon_vase-of-flowers-with-branches-of-a-flowering-apple-tree.jpg"
"pablo-picasso_female-nude-from-back-1895","Female nude from back 1895","Pablo Picasso","Realism","data/archive/Realism/pablo-picasso_female-nude-from-back-1895.jpg"
"pablo-picasso_the-altarboy-1896","The altarboy 1896","Pablo Picasso","Realism","data/archive/Realism/pablo-picasso_the-altarboy-1896.jpg"
"pavel-fedotov_fashionable-wife-lioness","Fashionable wife lioness","Pavel Fedotov","Realism","data/archive/Realism/pavel-fedotov_fashionable-wife-lioness.jpg"
"pavel-fedotov_portrait-of-m-m-rodivanovsky","Portrait of m m rodivanovsky","Pavel Fedotov","Realism","data/archive/Realism/pavel-fedotov_portrait-of-m-m-rodivanovsky.jpg"
"pavel-fedotov_s-d-shishmarev-on-board-the-ship","S d shishmarev on board the ship","Pavel Fedotov","Realism","data/archive/Realism/pavel-fedotov_s-d-shishmarev-on-board-the-ship.jpg"
"peder-severin-kroyer_fishermen-hauling-the-net-on-skagen-s-north-beach-1883","Fishermen hauling the net on skagen s north beach 1883","Peder Severin Kroyer","Realism","data/archive/Realism/peder-severin-kroyer_fishermen-hauling-the-net-on-skagen-s-north-beach-1883.jpg"
"peder-severin-kroyer_marie-in-the-garden","Marie in the garden","Peder Severin Kroyer","Realism","data/archive/Realism/peder-severin-kroyer_marie-in-the-garden.jpg"
"pericles-pantazis_dutch-girl-1880","Dutch girl 1880","Pericles Pantazis","Realism","data/archive/Realism/pericles-pantazis_dutch-girl-1880.jpg"
"pierre-auguste-renoir_crown-of-roses","Crown of roses","Pierre Auguste Renoir","Realism","data/archive/Realism/pierre-auguste-renoir_crown-of-roses.jpg"
"pierre-auguste-renoir_the-return-of-the-boating-party-1862","The return of the boating party 1862","Pierre Auguste Renoir","Realism","data/archive/Realism/pierre-auguste-renoir_the-return-of-the-boating-party-1862.jpg"
"pyotr-konchalovsky_alder-against-the-sun-1932","Alder against the sun 1932","Pyotr Konchalovsky","Realism","data/archive/Realism/pyotr-konchalovsky_alder-against-the-sun-1932.jpg"
"pyotr-konchalovsky_at-the-window-1939","At the window 1939","Pyotr Konchalovsky","Realism","data/archive/Realism/pyotr-konchalovsky_at-the-window-1939.jpg"
"pyotr-konchalovsky_blue-willows-1926","Blue willows 1926","Pyotr Konchalovsky","Realism","data/archive/Realism/pyotr-konchalovsky_blue-willows-1926.jpg"
"pyotr-konchalovsky_crimean-landscape-my-crimea-1947","Crimean landscape my crimea 1947","Pyotr Konchalovsky","Realism","data/archive/Realism/pyotr-konchalovsky_crimean-landscape-my-crimea-1947.jpg"
"pyotr-konchalovsky_garden-in-bloom-1935","Garden in bloom 1935","Pyotr Konchalovsky","Realism","data/archive/Realism/pyotr-konchalovsky_garden-in-bloom-1935.jpg"
"pyotr-konchalovsky_katya-by-the-window-1935","Katya by the window 1935","Pyotr Konchalovsky","Realism","data/archive/Realism/pyotr-konchalovsky_katya-by-the-window-1935.jpg"
"pyotr-konchalovsky_lilac-1953","Lilac 1953","Pyotr Konchalovsky","Realism","data/archive/Realism/pyotr-konchalovsky_lilac-1953.jpg"
"pyotr-konchalovsky_okorokovo-pond-1946","Okorokovo pond 1946","Pyotr Konchalovsky","Realism","data/archive/Realism/pyotr-konchalovsky_okorokovo-pond-1946.jpg"
"pyotr-konchalovsky_portrait-of-boris-nikolayevich-yakovlev-1953","Portrait of boris nikolayevich yakovlev 1953","Pyotr Konchalovsky","Realism","data/archive/Realism/pyotr-konchalovsky_portrait-of-boris-nikolayevich-yakovlev-1953.jpg"
"pyotr-konchalovsky_portrait-of-the-artist-v-g-dulova-1945","Portrait of the artist v g dulova 1945","Pyotr Konchalovsky","Realism","data/archive/Realism/pyotr-konchalovsky_portrait-of-the-artist-v-g-dulova-1945.jpg"
"pyotr-konchalovsky_roses-in-a-glass","Roses in a glass","Pyotr Konchalovsky","Realism","data/archive/Realism/pyotr-konchalovsky_roses-in-a-glass.jpg"
"pyotr-konchalovsky_spring-view-from-the-window-on-konyushkovskaya-1944","Spring view from the window on konyushkovskaya 1944","Pyotr Konchalovsky","Realism","data/archive/Realism/pyotr-konchalovsky_spring-view-from-the-window-on-konyushkovskaya-1944.jpg"
"pyotr-konchalovsky_still-life-dishes-and-fruits-1953","Still life dishes and fruits 1953","Pyotr Konchalovsky","Realism","data/archive/Realism/pyotr-konchalovsky_still-life-dishes-and-fruits-1953.jpg"
"pyotr-konchalovsky_still-life-lilacs-1937","Still life lilacs 1937","Pyotr Konchalovsky","Realism","data/archive/Realism/pyotr-konchalovsky_still-life-lilacs-1937.jpg"
"pyotr-konchalovsky_still-life-morning-lilac-1946","Still life morning lilac 1946","Pyotr Konchalovsky","Realism","data/archive/Realism/pyotr-konchalovsky_still-life-morning-lilac-1946.jpg"
"pyotr-konchalovsky_still-life-the-dutch-bouquet-1935","Still life the dutch bouquet 1935","Pyotr Konchalovsky","Realism","data/archive/Realism/pyotr-konchalovsky_still-life-the-dutch-bouquet-1935.jpg"
"pyotr-konchalovsky_still-life-with-rabbit-1954","Still life with rabbit 1954","Pyotr Konchalovsky","Realism","data/archive/Realism/pyotr-konchalovsky_still-life-with-rabbit-1954.jpg"
"pyotr-konchalovsky_the-moon-through-the-trees-1923","The moon through the trees 1923","Pyotr Konchalovsky","Realism","data/archive/Realism/pyotr-konchalovsky_the-moon-through-the-trees-1923.jpg"
"pyotr-konchalovsky_turkey-with-the-family-1936","Turkey with the family 1936","Pyotr Konchalovsky","Realism","data/archive/Realism/pyotr-konchalovsky_turkey-with-the-family-1936.jpg"
"pyotr-konchalovsky_winter-landscape-with-train-1934","Winter landscape with train 1934","Pyotr Konchalovsky","Realism","data/archive/Realism/pyotr-konchalovsky_winter-landscape-with-train-1934.jpg"
"robert-brackman_girl-from-village-1960","Girl from village 1960","Robert Brackman","Realism","data/archive/Realism/robert-brackman_girl-from-village-1960.jpg"
"robert-brackman_three-women-nude-and-with-pitcher","Three women nude and with pitcher","Robert Brackman","Realism","data/archive/Realism/robert-brackman_three-women-nude-and-with-pitcher.jpg"
"salvador-dali_figure-at-a-window","Figure at a window","Salvador Dali","Realism","data/archive/Realism/salvador-dali_figure-at-a-window.jpg"
"salvador-dali_my-wife-nude-contemplating-her-own-flesh-becoming-stairs-three-vertebrae-of-a-column-sky-and","My wife nude contemplating her own flesh becoming stairs three vertebrae of a column sky and","Salvador Dali","Realism","data/archive/Realism/salvador-dali_my-wife-nude-contemplating-her-own-flesh-becoming-stairs-three-vertebrae-of-a-column-sky-and.jpg"
"salvador-dali_portrait-of-nada-pachevich","Portrait of nada pachevich","Salvador Dali","Realism","data/archive/Realism/salvador-dali_portrait-of-nada-pachevich.jpg"
"salvador-dali_the-basket-of-bread","The basket of bread","Salvador Dali","Realism","data/archive/Realism/salvador-dali_the-basket-of-bread.jpg"
"salvador-dali_untitled-still-life-with-white-cloth","Untitled still life with white cloth","Salvador Dali","Realism","data/archive/Realism/salvador-dali_untitled-still-life-with-white-cloth.jpg"
"taras-shevchenko_nunnery-in-chyhyryn-1845","Nunnery in chyhyryn 1845","Taras Shevchenko","Realism","data/archive/Realism/taras-shevchenko_nunnery-in-chyhyryn-1845.jpg"
"theo-van-rysselberghe_portrait-of-mr-camille-laurent-1884","Portrait of mr camille laurent 1884","Theo Van Rysselberghe","Realism","data/archive/Realism/theo-van-rysselberghe_portrait-of-mr-camille-laurent-1884.jpg"
"theodor-severin-kittelsen_for-meget-av-det-gode(2)","For meget av det gode(2)","Theodor Severin Kittelsen","Realism","data/archive/Realism/theodor-severin-kittelsen_for-meget-av-det-gode(2).jpg"
"theodor-severin-kittelsen_letter-to-jens(1)","Letter to jens(1)","Theodor Severin Kittelsen","Realism","data/archive/Realism/theodor-severin-kittelsen_letter-to-jens(1).jpg"
"theodore-gericault_dead-cat","Dead cat","Theodore Gericault","Realism","data/archive/Realism/theodore-gericault_dead-cat.jpg"
"theodore-gericault_wounded-cuirassier","Wounded cuirassier","Theodore Gericault","Realism","data/archive/Realism/theodore-gericault_wounded-cuirassier.jpg"
"theodore-rousseau_edge-of-the-loire-1855","Edge of the loire 1855","Theodore Rousseau","Realism","data/archive/Realism/theodore-rousseau_edge-of-the-loire-1855.jpg"
"theodore-rousseau_landscape-at-vigerie-valley-santoire-auvergne-1830","Landscape at vigerie valley santoire auvergne 1830","Theodore Rousseau","Realism","data/archive/Realism/theodore-rousseau_landscape-at-vigerie-valley-santoire-auvergne-1830.jpg"
"theodore-rousseau_meadows-crossed-by-a-river-1851","Meadows crossed by a river 1851","Theodore Rousseau","Realism","data/archive/Realism/theodore-rousseau_meadows-crossed-by-a-river-1851.jpg"
"theodore-rousseau_not_detected_198927","Sem título (198927)","Theodore Rousseau","Realism","data/archive/Realism/theodore-rousseau_not_detected_198927.jpg"
"theodore-rousseau_not_detected_198948","Sem título (198948)","Theodore Rousseau","Realism","data/archive/Realism/theodore-rousseau_not_detected_198948.jpg"
"theodore-rousseau_rocky-valley","Rocky valley","Theodore Rousseau","Realism","data/archive/Realism/theodore-rousseau_rocky-valley.jpg"
"theodore-rousseau_the-campaign-at-sunrise","The campaign at sunrise","Theodore Rousseau","Realism","data/archive/Realism/theodore-rousseau_the-campaign-at-sunrise.jpg"
"theodore-rousseau_the-pond-near-the-road-1848","The pond near the road 1848","Theodore Rousseau","Realism","data/archive/Realism/theodore-rousseau_the-pond-near-the-road-1848.jpg"
"theodore-rousseau_water-mill-thiers-1830","Water mill thiers 1830","Theodore Rousseau","Realism","data/archive/Realism/theodore-rousseau_water-mill-thiers-1830.jpg"
"thomas-eakins_benjamin-eakins-and-samuel-murray-with-bicycles-1899","Benjamin eakins and samuel murray with bicycles 1899","Thomas Eakins","Realism","data/archive/Realism/thomas-eakins_benjamin-eakins-and-samuel-murray-with-bicycles-1899.jpg"
"thomas-eakins_drawing-1872","Drawing 1872","Thomas Eakins","Realism","data/archive/Realism/thomas-eakins_drawing-1872.jpg"
"thomas-eakins_grouse","Grouse","Thomas Eakins","Realism","data/archive/Realism/thomas-eakins_grouse.jpg"
"thomas-eakins_landscape-1884","Landscape 1884","Thomas Eakins","Realism","data/archive/Realism/thomas-eakins_landscape-1884.jpg"
"thomas-eakins_music-1904","Music 1904","Thomas Eakins","Realism","data/archive/Realism/thomas-eakins_music-1904.jpg"
"thomas-eakins_photograph-1910-11","Photograph 1910 11","Thomas Eakins","Realism","data/archive/Realism/thomas-eakins_photograph-1910-11.jpg"
"thomas-eakins_photograph-1910-26","Photograph 1910 26","Thomas Eakins","Realism","data/archive/Realism/thomas-eakins_photograph-1910-26.jpg"
"thomas-eakins_portrait-3","Portrait 3","Thomas Eakins","Realism","data/archive/Realism/thomas-eakins_portrait-3.jpg"
"thomas-eakins_portrait-of-dr-edward-anthony-spitzka","Portrait of dr edward anthony spitzka","Thomas Eakins","Realism","data/archive/Realism/thomas-eakins_portrait-of-dr-edward-anthony-spitzka.jpg"
"thomas-eakins_portrait-of-james-wright-1890","Portrait of james wright 1890","Thomas Eakins","Realism","data/archive/Realism/thomas-eakins_portrait-of-james-wright-1890.jpg"
"thomas-eakins_portrait-of-mrs-w-h-bowden-1906","Portrait of mrs w h bowden 1906","Thomas Eakins","Realism","data/archive/Realism/thomas-eakins_portrait-of-mrs-w-h-bowden-1906.jpg"
"thomas-eakins_portraits-3","Portraits 3","Thomas Eakins","Realism","data/archive/Realism/thomas-eakins_portraits-3.jpg"
"thomas-eakins_shad-fishing-at-gloucester-on-the-delaware-river-1881","Shad fishing at gloucester on the delaware river 1881","Thomas Eakins","Realism","data/archive/Realism/thomas-eakins_shad-fishing-at-gloucester-on-the-delaware-river-1881.jpg"
"thomas-eakins_starting-out-after-rail-1874","Starting out after rail 1874","Thomas Eakins","Realism","data/archive/Realism/thomas-eakins_starting-out-after-rail-1874.jpg"
"thomas-eakins_study-for-the-bathhole-1883","Study for the bathhole 1883","Thomas Eakins","Realism","data/archive/Realism/thomas-eakins_study-for-the-bathhole-1883.jpg"
"thomas-eakins_the-agnew-clinic-1889","The agnew clinic 1889","Thomas Eakins","Realism","data/archive/Realism/thomas-eakins_the-agnew-clinic-1889.jpg"
"thomas-eakins_the-oarsmen-the-schreiber-brothers-1874","The oarsmen the schreiber brothers 1874","Thomas Eakins","Realism","data/archive/Realism/thomas-eakins_the-oarsmen-the-schreiber-brothers-1874.jpg"
"thomas-eakins_weda-cook-1891","Weda cook 1891","Thomas Eakins","Realism","data/archive/Realism/thomas-eakins_weda-cook-1891.jpg"
"valentin-serov_autumn-evening-domotkanovo-1886","Autumn evening domotkanovo 1886","Valentin Serov","Realism","data/archive/Realism/valentin-serov_autumn-evening-domotkanovo-1886.jpg"
"valentin-serov_grand-eagle-cup-1910","Grand eagle cup 1910","Valentin Serov","Realism","data/archive/Realism/valentin-serov_grand-eagle-cup-1910.jpg"
"valentin-serov_october-1898","October 1898","Valentin Serov","Realism","data/archive/Realism/valentin-serov_october-1898.jpg"
"valentin-serov_portrait-of-i-m-moskvitin-1908","Portrait of i m moskvitin 1908","Valentin Serov","Realism","data/archive/Realism/valentin-serov_portrait-of-i-m-moskvitin-1908.jpg"
"valentin-serov_portrait-of-maria-morozova-1897","Portrait of maria morozova 1897","Valentin Serov","Realism","data/archive/Realism/valentin-serov_portrait-of-maria-morozova-1897.jpg"
"valentin-serov_portrait-of-prince-vladimir-mikhailovich-golitsyn-1906","Portrait of prince vladimir mikhailovich golitsyn 1906","Valentin Serov","Realism","data/archive/Realism/valentin-serov_portrait-of-prince-vladimir-mikhailovich-golitsyn-1906.jpg"
"valentin-serov_portrait-of-vladimir-girshman-1911","Portrait of vladimir girshman 1911","Valentin Serov","Realism","data/archive/Realism/valentin-serov_portrait-of-vladimir-girshman-1911.jpg"
"valentin-serov_winter-in-abramtsevo-1886-1","Winter in abramtsevo 1886 1","Valentin Serov","Realism","data/archive/Realism/valentin-serov_winter-in-abramtsevo-1886-1.jpg"
"vasily-perov_botanist-1874","Botanist 1874","Vasily Perov","Realism","data/archive/Realism/vasily-perov_botanist-1874.jpg"
"vasily-perov_court-pugacheva-1875","Court pugacheva 1875","Vasily Perov","Realism","data/archive/Realism/vasily-perov_court-pugacheva-1875.jpg"
"vasily-perov_fishers-priest-deacon-and-seminarian-1879","Fishers priest deacon and seminarian 1879","Vasily Perov","Realism","data/archive/Realism/vasily-perov_fishers-priest-deacon-and-seminarian-1879.jpg"
"vasily-perov_hunters-at-rest-1871","Hunters at rest 1871","Vasily Perov","Realism","data/archive/Realism/vasily-perov_hunters-at-rest-1871.jpg"
"vasily-perov_naushnitsa-before-the-storm-1874","Naushnitsa before the storm 1874","Vasily Perov","Realism","data/archive/Realism/vasily-perov_naushnitsa-before-the-storm-1874.jpg"
"vasily-perov_parisian-rag-picker-1864","Parisian rag picker 1864","Vasily Perov","Realism","data/archive/Realism/vasily-perov_parisian-rag-picker-1864.jpg"
"vasily-perov_portrait-of-f-f-rezanov-1868","Portrait of f f rezanov 1868","Vasily Perov","Realism","data/archive/Realism/vasily-perov_portrait-of-f-f-rezanov-1868.jpg"
"vasily-perov_portrait-of-the-painter-alexey-savrasov","Portrait of the painter alexey savrasov","Vasily Perov","Realism","data/archive/Realism/vasily-perov_portrait-of-the-painter-alexey-savrasov.jpg"
"vasily-perov_repast-1865","Repast 1865","Vasily Perov","Realism","data/archive/Realism/vasily-perov_repast-1865.jpg"
"vasily-perov_street-musicians-in-paris-1863","Street musicians in paris 1863","Vasily Perov","Realism","data/archive/Realism/vasily-perov_street-musicians-in-paris-1863.jpg"
"vasily-perov_triple-1865","Triple 1865","Vasily Perov","Realism","data/archive/Realism/vasily-perov_triple-1865.jpg"
"vasily-polenov_amazon-on-a-horseback","Amazon on a horseback","Vasily Polenov","Realism","data/archive/Realism/vasily-polenov_amazon-on-a-horseback.jpg"
"vasily-polenov_baptism-1896","Baptism 1896","Vasily Polenov","Realism","data/archive/Realism/vasily-polenov_baptism-1896.jpg"
"vasily-polenov_christ-and-the-sinner-1876","Christ and the sinner 1876","Vasily Polenov","Realism","data/archive/Realism/vasily-polenov_christ-and-the-sinner-1876.jpg"
"vasily-polenov_dreams-on-the-hill","Dreams on the hill","Vasily Polenov","Realism","data/archive/Realism/vasily-polenov_dreams-on-the-hill.jpg"
"vasily-polenov_great-pyramids-of-cheops-and-chephren-1899","Great pyramids of cheops and chephren 1899","Vasily Polenov","Realism","data/archive/Realism/vasily-polenov_great-pyramids-of-cheops-and-chephren-1899.jpg"
"vasily-polenov_interior-of-isba","Interior of isba","Vasily Polenov","Realism","data/archive/Realism/vasily-polenov_interior-of-isba.jpg"
"vasily-polenov_monastery-over-the-river-1898","Monastery over the river 1898","Vasily Polenov","Realism","data/archive/Realism/vasily-polenov_monastery-over-the-river-1898.jpg"
"vasily-polenov_on-the-boat-abramtsevo-1880","On the boat abramtsevo 1880","Vasily Polenov","Realism","data/archive/Realism/vasily-polenov_on-the-boat-abramtsevo-1880.jpg"
"vasily-polenov_pond-in-the-park-olshanka-1877","Pond in the park olshanka 1877","Vasily Polenov","Realism","data/archive/Realism/vasily-polenov_pond-in-the-park-olshanka-1877.jpg"
"vasily-polenov_sea-of-galilee-1899","Sea of galilee 1899","Vasily Polenov","Realism","data/archive/Realism/vasily-polenov_sea-of-galilee-1899.jpg"
"vasily-polenov_the-cart-with-the-wounded-1876","The cart with the wounded 1876","Vasily Polenov","Realism","data/archive/Realism/vasily-polenov_the-cart-with-the-wounded-1876.jpg"
"vasily-polenov_the-river-oyat-1880","The river oyat 1880","Vasily Polenov","Realism","data/archive/Realism/vasily-polenov_the-river-oyat-1880.jpg"
"vasily-polenov_troada-1881","Troada 1881","Vasily Polenov","Realism","data/archive/Realism/vasily-polenov_troada-1881.jpg"
"vasily-polenov_we-decided-to-go-to-jerusalem","We decided to go to jerusalem","Vasily Polenov","Realism","data/archive/Realism/vasily-polenov_we-decided-to-go-to-jerusalem.jpg"
"vasily-sadovnikov_illumination-of-the-theatre-square-in-1856","Illumination of the theatre square in 1856","Vasily Sadovnikov","Realism","data/archive/Realism/vasily-sadovnikov_illumination-of-the-theatre-square-in-1856.jpg"
"vasily-sadovnikov_view-of-the-anichkov-palace-1862","View of the anichkov palace 1862","Vasily Sadovnikov","Realism","data/archive/Realism/vasily-sadovnikov_view-of-the-anichkov-palace-1862.jpg"
"vasily-surikov_belfry-ivan-the-great-1876","Belfry ivan the great 1876","Vasily Surikov","Realism","data/archive/Realism/vasily-surikov_belfry-ivan-the-great-1876.jpg"
"vasily-surikov_colosseum-1900","Colosseum 1900","Vasily Surikov","Realism","data/archive/Realism/vasily-surikov_colosseum-1900.jpg"
"vasily-surikov_female-figures-wanderer-whacky-study-to-boyarynya-morozova","Female figures wanderer whacky study to boyarynya morozova","Vasily Surikov","Realism","data/archive/Realism/vasily-surikov_female-figures-wanderer-whacky-study-to-boyarynya-morozova.jpg"
"vasily-surikov_head-of-girl-portrait-of-z-s-khaminova-1908","Head of girl portrait of z s khaminova 1908","Vasily Surikov","Realism","data/archive/Realism/vasily-surikov_head-of-girl-portrait-of-z-s-khaminova-1908.jpg"
"vasily-surikov_khakasy-with-his-feet-bound-with-chains-1873","Khakasy with his feet bound with chains 1873","Vasily Surikov","Realism","data/archive/Realism/vasily-surikov_khakasy-with-his-feet-bound-with-chains-1873.jpg"
"vasily-surikov_monk","Monk","Vasily Surikov","Realism","data/archive/Realism/vasily-surikov_monk.jpg"
"vasily-surikov_pompey-street-1884","Pompey street 1884","Vasily Surikov","Realism","data/archive/Realism/vasily-surikov_pompey-street-1884.jpg"
"vasily-surikov_portrait-of-governor-zamyatnin","Portrait of governor zamyatnin","Vasily Surikov","Realism","data/archive/Realism/vasily-surikov_portrait-of-governor-zamyatnin.jpg"
"vasily-surikov_portrait-of-princess-p-i-shcherbatova-1910","Portrait of princess p i shcherbatova 1910","Vasily Surikov","Realism","data/archive/Realism/vasily-surikov_portrait-of-princess-p-i-shcherbatova-1910.jpg"
"vasily-surikov_room-in-surikov-s-house","Room in surikov s house","Vasily Surikov","Realism","data/archive/Realism/vasily-surikov_room-in-surikov-s-house.jpg"
"vasily-surikov_self-portrait","Self portrait","Vasily Surikov","Realism","data/archive/Realism/vasily-surikov_self-portrait.jpg"
"vasily-surikov_square-san-fernando-in-seville-1910","Square san fernando in seville 1910","Vasily Surikov","Realism","data/archive/Realism/vasily-surikov_square-san-fernando-in-seville-1910.jpg"
"vasily-surikov_study-to-boyarynya-morozova-9","Study to boyarynya morozova 9","Vasily Surikov","Realism","data/archive/Realism/vasily-surikov_study-to-boyarynya-morozova-9.jpg"
"vasily-surikov_the-head-of-soldier-drummer-1898","The head of soldier drummer 1898","Vasily Surikov","Realism","data/archive/Realism/vasily-surikov_the-head-of-soldier-drummer-1898.jpg"
"vasily-surikov_view-of-krasnoyarsk-1887","View of krasnoyarsk 1887","Vasily Surikov","Realism","data/archive/Realism/vasily-surikov_view-of-krasnoyarsk-1887.jpg"
"vasily-surikov_yermak-s-conquest-of-siberia-study-1","Yermak s conquest of siberia study 1","Vasily Surikov","Realism","data/archive/Realism/vasily-surikov_yermak-s-conquest-of-siberia-study-1.jpg"
"vasily-tropinin_obolenskaya-na-1833","Obolenskaya na 1833","Vasily Tropinin","Realism","data/archive/Realism/vasily-tropinin_obolenskaya-na-1833.jpg"
"vasily-tropinin_portrait-of-morkov","Portrait of morkov","Vasily Tropinin","Realism","data/archive/Realism/vasily-tropinin_portrait-of-morkov.jpg"
"vasily-vereshchagin_afghan-1868","Afghan 1868","Vasily Vereshchagin","Realism","data/archive/Realism/vasily-vereshchagin_afghan-1868.jpg"
"vasily-vereshchagin_bashi-bazouk-albanian-1878","Bashi bazouk albanian 1878","Vasily Vereshchagin","Realism","data/archive/Realism/vasily-vereshchagin_bashi-bazouk-albanian-1878.jpg"
"vasily-vereshchagin_burlak-who-hold-hands-on-the-strap-1866","Burlak who hold hands on the strap 1866","Vasily Vereshchagin","Realism","data/archive/Realism/vasily-vereshchagin_burlak-who-hold-hands-on-the-strap-1866.jpg"
"vasily-vereshchagin_church-of-god-of-war-shrine-buddhist-temple","Church of god of war shrine buddhist temple","Vasily Vereshchagin","Realism","data/archive/Realism/vasily-vereshchagin_church-of-god-of-war-shrine-buddhist-temple.jpg"
"vasily-vereshchagin_fire-of-zamoskvorechye-1896","Fire of zamoskvorechye 1896","Vasily Vereshchagin","Realism","data/archive/Realism/vasily-vereshchagin_fire-of-zamoskvorechye-1896.jpg"
"vasily-vereshchagin_in-the-kremlin-a-fire-1895","In the kremlin a fire 1895","Vasily Vereshchagin","Realism","data/archive/Realism/vasily-vereshchagin_in-the-kremlin-a-fire-1895.jpg"
"vasily-vereshchagin_kalmyk-lama-1873","Kalmyk lama 1873","Vasily Vereshchagin","Realism","data/archive/Realism/vasily-vereshchagin_kalmyk-lama-1873.jpg"
"vasily-vereshchagin_looking-out-1873","Looking out 1873","Vasily Vereshchagin","Realism","data/archive/Realism/vasily-vereshchagin_looking-out-1873.jpg"
"vasily-vereshchagin_mullah-tajik","Mullah tajik","Vasily Vereshchagin","Realism","data/archive/Realism/vasily-vereshchagin_mullah-tajik.jpg"
"vasily-vereshchagin_posthumous-monuments-in-ladakh-1875","Posthumous monuments in ladakh 1875","Vasily Vereshchagin","Realism","data/archive/Realism/vasily-vereshchagin_posthumous-monuments-in-ladakh-1875.jpg"
"vasily-vereshchagin_shir-dor-madrasah-in-registan-square-in-samarkand-1870","Shir dor madrasah in registan square in samarkand 1870","Vasily Vereshchagin","Realism","data/archive/Realism/vasily-vereshchagin_shir-dor-madrasah-in-registan-square-in-samarkand-1870.jpg"
"vasily-vereshchagin_tamerlan-s-gate-1871","Tamerlan s gate 1871","Vasily Vereshchagin","Realism","data/archive/Realism/vasily-vereshchagin_tamerlan-s-gate-1871.jpg"
"vasily-vereshchagin_the-rider-in-jaipur","The rider in jaipur","Vasily Vereshchagin","Realism","data/archive/Realism/vasily-vereshchagin_the-rider-in-jaipur.jpg"
"vasily-vereshchagin_uzbek-the-foreman-elder-village-hodzhagent-1868","Uzbek the foreman elder village hodzhagent 1868","Vasily Vereshchagin","Realism","data/archive/Realism/vasily-vereshchagin_uzbek-the-foreman-elder-village-hodzhagent-1868.jpg"
"viktor-vasnetsov_away-1871","Away 1871","Viktor Vasnetsov","Realism","data/archive/Realism/viktor-vasnetsov_away-1871.jpg"
"viktor-vasnetsov_in-the-park","In the park","Viktor Vasnetsov","Realism","data/archive/Realism/viktor-vasnetsov_in-the-park.jpg"
"viktor-vasnetsov_pond-in-akhtyrka-1880","Pond in akhtyrka 1880","Viktor Vasnetsov","Realism","data/archive/Realism/viktor-vasnetsov_pond-in-akhtyrka-1880.jpg"
"viktor-vasnetsov_portrait-of-vera-savvishna-mammoth-1896","Portrait of vera savvishna mammoth 1896","Viktor Vasnetsov","Realism","data/archive/Realism/viktor-vasnetsov_portrait-of-vera-savvishna-mammoth-1896.jpg"
"viktor-vasnetsov_vyatka-river-1878","Vyatka river 1878","Viktor Vasnetsov","Realism","data/archive/Realism/viktor-vasnetsov_vyatka-river-1878.jpg"
"vincent-van-gogh_an-old-man-putting-dry-rice-on-the-hearth-1881(1)","An old man putting dry rice on the hearth 1881(1)","Vincent Van Gogh","Realism","data/archive/Realism/vincent-van-gogh_an-old-man-putting-dry-rice-on-the-hearth-1881(1).jpg"
"vincent-van-gogh_basket-of-potatoes-1885(1)","Basket of potatoes 1885(1)","Vincent Van Gogh","Realism","data/archive/Realism/vincent-van-gogh_basket-of-potatoes-1885(1).jpg"
"vincent-van-gogh_bird-s-nest-1885(1)","Bird s nest 1885(1)","Vincent Van Gogh","Realism","data/archive/Realism/vincent-van-gogh_bird-s-nest-1885(1).jpg"
"vincent-van-gogh_cemetery-1883(1)","Cemetery 1883(1)","Vincent Van Gogh","Realism","data/archive/Realism/vincent-van-gogh_cemetery-1883(1).jpg"
"vincent-van-gogh_cottage-with-peasant-coming-home-1885(1)","Cottage with peasant coming home 1885(1)","Vincent Van Gogh","Realism","data/archive/Realism/vincent-van-gogh_cottage-with-peasant-coming-home-1885(1).jpg"
"vincent-van-gogh_digger-1882-1(1)","Digger 1882 1(1)","Vincent Van Gogh","Realism","data/archive/Realism/vincent-van-gogh_digger-1882-1(1).jpg"
"vincent-van-gogh_farmer-leaning-on-his-spade-1881(1)","Farmer leaning on his spade 1881(1)","Vincent Van Gogh","Realism","data/archive/Realism/vincent-van-gogh_farmer-leaning-on-his-spade-1881(1).jpg"
"vincent-van-gogh_fish-drying-barn-seen-from-a-height-1882(1)","Fish drying barn seen from a height 1882(1)","Vincent Van Gogh","Realism","data/archive/Realism/vincent-van-gogh_fish-drying-barn-seen-from-a-height-1882(1).jpg"
"vincent-van-gogh_four-peasants-at-a-meal-study-for-the-potato-eaters-1885(1)","Four peasants at a meal study for the potato eaters 1885(1)","Vincent Van Gogh","Realism","data/archive/Realism/vincent-van-gogh_four-peasants-at-a-meal-study-for-the-potato-eaters-1885(1).jpg"
"vincent-van-gogh_girl-kneeling-by-a-cradle-1883(1)","Girl kneeling by a cradle 1883(1)","Vincent Van Gogh","Realism","data/archive/Realism/vincent-van-gogh_girl-kneeling-by-a-cradle-1883(1).jpg"
"vincent-van-gogh_hand-with-a-stick-and-four-people-sharing-a-meal-1885(1)","Hand with a stick and four people sharing a meal 1885(1)","Vincent Van Gogh","Realism","data/archive/Realism/vincent-van-gogh_hand-with-a-stick-and-four-people-sharing-a-meal-1885(1).jpg"
"vincent-van-gogh_head-of-a-man-with-cap-1885(1)","Head of a man with cap 1885(1)","Vincent Van Gogh","Realism","data/archive/Realism/vincent-van-gogh_head-of-a-man-with-cap-1885(1).jpg"
"vincent-van-gogh_head-of-a-peasant-woman-with-dark-cap-1885-6(1)","Head of a peasant woman with dark cap 1885 6(1)","Vincent Van Gogh","Realism","data/archive/Realism/vincent-van-gogh_head-of-a-peasant-woman-with-dark-cap-1885-6(1).jpg"
"vincent-van-gogh_head-of-a-woman-14","Head of a woman 14","Vincent Van Gogh","Realism","data/archive/Realism/vincent-van-gogh_head-of-a-woman-14.jpg"
"vincent-van-gogh_head-of-a-woman-with-her-hair-loose-1885(1)","Head of a woman with her hair loose 1885(1)","Vincent Van Gogh","Realism","data/archive/Realism/vincent-van-gogh_head-of-a-woman-with-her-hair-loose-1885(1).jpg"
"vincent-van-gogh_idol-4","Idol 4","Vincent Van Gogh","Realism","data/archive/Realism/vincent-van-gogh_idol-4.jpg"
"vincent-van-gogh_landscape-at-nuenen","Landscape at nuenen","Vincent Van Gogh","Realism","data/archive/Realism/vincent-van-gogh_landscape-at-nuenen.jpg"
"vincent-van-gogh_landscape-with-woman-walking-1883","Landscape with woman walking 1883","Vincent Van Gogh","Realism","data/archive/Realism/vincent-van-gogh_landscape-with-woman-walking-1883.jpg"
"vincent-van-gogh_man-in-a-village-inn-1883","Man in a village inn 1883","Vincent Van Gogh","Realism","data/archive/Realism/vincent-van-gogh_man-in-a-village-inn-1883.jpg"
"vincent-van-gogh_man-with-rake-1883","Man with rake 1883","Vincent Van Gogh","Realism","data/archive/Realism/vincent-van-gogh_man-with-rake-1883.jpg"
"vincent-van-gogh_miners-wives-carrying-sacks-of-coal-1882","Miners wives carrying sacks of coal 1882","Vincent Van Gogh","Realism","data/archive/Realism/vincent-van-gogh_miners-wives-carrying-sacks-of-coal-1882.jpg"
"vincent-van-gogh_old-woman-seen-from-behind-1882","Old woman seen from behind 1882","Vincent Van Gogh","Realism","data/archive/Realism/vincent-van-gogh_old-woman-seen-from-behind-1882.jpg"
"vincent-van-gogh_orphan-man-with-cap-half-length-1883","Orphan man with cap half length 1883","Vincent Van Gogh","Realism","data/archive/Realism/vincent-van-gogh_orphan-man-with-cap-half-length-1883.jpg"
"vincent-van-gogh_orphan-man-with-top-hat-standing-near-the-stove-seen-from-the-back-1882","Orphan man with top hat standing near the stove seen from the back 1882","Vincent Van Gogh","Realism","data/archive/Realism/vincent-van-gogh_orphan-man-with-top-hat-standing-near-the-stove-seen-from-the-back-1882.jpg"
"vincent-van-gogh_peasant-chopping-1885-1","Peasant chopping 1885 1","Vincent Van Gogh","Realism","data/archive/Realism/vincent-van-gogh_peasant-chopping-1885-1.jpg"
"vincent-van-gogh_peasant-with-a-chopping-knife-1881","Peasant with a chopping knife 1881","Vincent Van Gogh","Realism","data/archive/Realism/vincent-van-gogh_peasant-with-a-chopping-knife-1881.jpg"
"vincent-van-gogh_peasant-woman-by-the-hearth","Peasant woman by the hearth","Vincent Van Gogh","Realism","data/archive/Realism/vincent-van-gogh_peasant-woman-by-the-hearth.jpg"
"vincent-van-gogh_peasant-woman-head-1885-5","Peasant woman head 1885 5","Vincent Van Gogh","Realism","data/archive/Realism/vincent-van-gogh_peasant-woman-head-1885-5.jpg"
"vincent-van-gogh_peasant-woman-lifting-potatoes-4-1885","Peasant woman lifting potatoes 4 1885","Vincent Van Gogh","Realism","data/archive/Realism/vincent-van-gogh_peasant-woman-lifting-potatoes-4-1885.jpg"
"vincent-van-gogh_peasant-woman-sitting-by-the-fire-1885","Peasant woman sitting by the fire 1885","Vincent Van Gogh","Realism","data/archive/Realism/vincent-van-gogh_peasant-woman-sitting-by-the-fire-1885.jpg"
"vincent-van-gogh_peasant-woman-with-a-bucket-1885","Peasant woman with a bucket 1885","Vincent Van Gogh","Realism","data/archive/Realism/vincent-van-gogh_peasant-woman-with-a-bucket-1885.jpg"
"vincent-van-gogh_pine-trees-in-the-fen-1884","Pine trees in the fen 1884","Vincent Van Gogh","Realism","data/archive/Realism/vincent-van-gogh_pine-trees-in-the-fen-1884.jpg"
"vincent-van-gogh_portrait-of-a-woman-head-of-a-peasant-woman-with-bonnet","Portrait of a woman head of a peasant woman with bonnet","Vincent Van Gogh","Realism","data/archive/Realism/vincent-van-gogh_portrait-of-a-woman-head-of-a-peasant-woman-with-bonnet.jpg"
"vincent-van-gogh_road-with-pollard-willows-1881-2","Road with pollard willows 1881 2","Vincent Van Gogh","Realism","data/archive/Realism/vincent-van-gogh_road-with-pollard-willows-1881-2.jpg"
"vincent-van-gogh_scheveningen-women-and-other-people-under-umbrellas-1882","Scheveningen women and other people under umbrellas 1882","Vincent Van Gogh","Realism","data/archive/Realism/vincent-van-gogh_scheveningen-women-and-other-people-under-umbrellas-1882.jpg"
"vincent-van-gogh_self-portrait-with-pipe-1886-1","Self portrait with pipe 1886 1","Vincent Van Gogh","Realism","data/archive/Realism/vincent-van-gogh_self-portrait-with-pipe-1886-1.jpg"
"vincent-van-gogh_sien-under-umbrella-with-girl-1882","Sien under umbrella with girl 1882","Vincent Van Gogh","Realism","data/archive/Realism/vincent-van-gogh_sien-under-umbrella-with-girl-1882.jpg"
"vincent-van-gogh_sketches-of-heads-1884","Sketches of heads 1884","Vincent Van Gogh","Realism","data/archive/Realism/vincent-van-gogh_sketches-of-heads-1884.jpg"
"vincent-van-gogh_sower-1882-2","Sower 1882 2","Vincent Van Gogh","Realism","data/archive/Realism/vincent-van-gogh_sower-1882-2.jpg"
"vincent-van-gogh_still-life-with-a-basket-of-apples-1885","Still life with a basket of apples 1885","Vincent Van Gogh","Realism","data/archive/Realism/vincent-van-gogh_still-life-with-a-basket-of-apples-1885.jpg"
"vincent-van-gogh_still-life-with-meadow-flowers-and-roses-1886","Still life with meadow flowers and roses 1886","Vincent Van Gogh","Realism","data/archive/Realism/vincent-van-gogh_still-life-with-meadow-flowers-and-roses-1886.jpg"
"vincent-van-gogh_studies-of-donkey-carts-1882","Studies of donkey carts 1882","Vincent Van Gogh","Realism","data/archive/Realism/vincent-van-gogh_studies-of-donkey-carts-1882.jpg"
"vincent-van-gogh_the-fish-drying-barn-at-scheveningen","The fish drying barn at scheveningen","Vincent Van Gogh","Realism","data/archive/Realism/vincent-van-gogh_the-fish-drying-barn-at-scheveningen.jpg"
"vincent-van-gogh_the-parsonage-garden-at-nuenen-with-pond-and-figures-1885","The parsonage garden at nuenen with pond and figures 1885","Vincent Van Gogh","Realism","data/archive/Realism/vincent-van-gogh_the-parsonage-garden-at-nuenen-with-pond-and-figures-1885.jpg"
"vincent-van-gogh_three-people-sharing-a-meal-1885","Three people sharing a meal 1885","Vincent Van Gogh","Realism","data/archive/Realism/vincent-van-gogh_three-people-sharing-a-meal-1885.jpg"
"vincent-van-gogh_torso-of-venus-and-a-landscape-1887","Torso of venus and a landscape 1887","Vincent Van Gogh","Realism","data/archive/Realism/vincent-van-gogh_torso-of-venus-and-a-landscape-1887.jpg"
"vincent-van-gogh_two-women-in-a-balcony-box-1885","Two women in a balcony box 1885","Vincent Van Gogh","Realism","data/archive/Realism/vincent-van-gogh_two-women-in-a-balcony-box-1885.jpg"
"vincent-van-gogh_vase-with-gladioli-and-carnations-1886-1","Vase with gladioli and carnations 1886 1","Vincent Van Gogh","Realism","data/archive/Realism/vincent-van-gogh_vase-with-gladioli-and-carnations-1886-1.jpg"
"vincent-van-gogh_village-at-sunset-1884","Village at sunset 1884","Vincent Van Gogh","Realism","data/archive/Realism/vincent-van-gogh_village-at-sunset-1884.jpg"
"vincent-van-gogh_weaver-facing-right-interior-with-one-window-and-high-chair-1884","Weaver facing right interior with one window and high chair 1884","Vincent Van Gogh","Realism","data/archive/Realism/vincent-van-gogh_weaver-facing-right-interior-with-one-window-and-high-chair-1884.jpg"
"vincent-van-gogh_woman-by-a-hearth-1885-1","Woman by a hearth 1885 1","Vincent Van Gogh","Realism","data/archive/Realism/vincent-van-gogh_woman-by-a-hearth-1885-1.jpg"
"vincent-van-gogh_woman-preparing-a-meal-1885","Woman preparing a meal 1885","Vincent Van Gogh","Realism","data/archive/Realism/vincent-van-gogh_woman-preparing-a-meal-1885.jpg"
"vincent-van-gogh_woman-sitting-on-a-basket-with-head-in-hands","Woman sitting on a basket with head in hands","Vincent Van Gogh","Realism","data/archive/Realism/vincent-van-gogh_woman-sitting-on-a-basket-with-head-in-hands.jpg"
"vincent-van-gogh_woman-with-shawl-over-her-hair-head-1883","Woman with shawl over her hair head 1883","Vincent Van Gogh","Realism","data/archive/Realism/vincent-van-gogh_woman-with-shawl-over-her-hair-head-1883.jpg"
"vincent-van-gogh_workman-sitting-on-a-basket-cutting-bread-1882","Workman sitting on a basket cutting bread 1882","Vincent Van Gogh","Realism","data/archive/Realism/vincent-van-gogh_workman-sitting-on-a-basket-cutting-bread-1882.jpg"
"vladimir-makovsky_a-portrait-of-dmitry-rovinsky-1894","A portrait of dmitry rovinsky 1894","Vladimir Makovsky","Realism","data/archive/Realism/vladimir-makovsky_a-portrait-of-dmitry-rovinsky-1894.jpg"
"vladimir-makovsky_congratulations-1878","Congratulations 1878","Vladimir Makovsky","Realism","data/archive/Realism/vladimir-makovsky_congratulations-1878.jpg"
"vladimir-makovsky_hunters-at-rest-1887","Hunters at rest 1887","Vladimir Makovsky","Realism","data/archive/Realism/vladimir-makovsky_hunters-at-rest-1887.jpg"
"vladimir-makovsky_moscow-types-1879","Moscow types 1879","Vladimir Makovsky","Realism","data/archive/Realism/vladimir-makovsky_moscow-types-1879.jpg"
"vladimir-makovsky_portrait-of-i-e-tsvetkov-1913","Portrait of i e tsvetkov 1913","Vladimir Makovsky","Realism","data/archive/Realism/vladimir-makovsky_portrait-of-i-e-tsvetkov-1913.jpg"
"vladimir-makovsky_the-choice-of-wedding-presents-1898","The choice of wedding presents 1898","Vladimir Makovsky","Realism","data/archive/Realism/vladimir-makovsky_the-choice-of-wedding-presents-1898.jpg"
"vladimir-makovsky_two-ukrainians-1882","Two ukrainians 1882","Vladimir Makovsky","Realism","data/archive/Realism/vladimir-makovsky_two-ukrainians-1882.jpg"
"volodymyr-orlovsky_at-the-seashore-1884","At the seashore 1884","Volodymyr Orlovsky","Realism","data/archive/Realism/volodymyr-orlovsky_at-the-seashore-1884.jpg"
"volodymyr-orlovsky_huts-in-the-forest-calm-1890(1)","Huts in the forest calm 1890(1)","Volodymyr Orlovsky","Realism","data/archive/Realism/volodymyr-orlovsky_huts-in-the-forest-calm-1890(1).jpg"
"volodymyr-orlovsky_leisure-at-the-steppe-1884","Leisure at the steppe 1884","Volodymyr Orlovsky","Realism","data/archive/Realism/volodymyr-orlovsky_leisure-at-the-steppe-1884.jpg"
"volodymyr-orlovsky_sunset-1896","Sunset 1896","Volodymyr Orlovsky","Realism","data/archive/Realism/volodymyr-orlovsky_sunset-1896.jpg"
"wilhelm-leibl_der-zeitungsleser-1891","Der zeitungsleser 1891","Wilhelm Leibl","Realism","data/archive/Realism/wilhelm-leibl_der-zeitungsleser-1891.jpg"
"wilhelm-leibl_selbstbildnis-des-achtzehnj-hrigen-1862","Selbstbildnis des achtzehnj hrigen 1862","Wilhelm Leibl","Realism","data/archive/Realism/wilhelm-leibl_selbstbildnis-des-achtzehnj-hrigen-1862.jpg"
"william-adolphe-bouguereau_before-the-bath-1900","Before the bath 1900","William Adolphe Bouguereau","Realism","data/archive/Realism/william-adolphe-bouguereau_before-the-bath-1900.jpg"
"william-adolphe-bouguereau_head-of-a-little-girl-1888","Head of a little girl 1888","William Adolphe Bouguereau","Realism","data/archive/Realism/william-adolphe-bouguereau_head-of-a-little-girl-1888.jpg"
"william-adolphe-bouguereau_love-s-scerets-1896","Love s scerets 1896","William Adolphe Bouguereau","Realism","data/archive/Realism/william-adolphe-bouguereau_love-s-scerets-1896.jpg"
"william-adolphe-bouguereau_reflexion-1897","Reflexion 1897","William Adolphe Bouguereau","Realism","data/archive/Realism/william-adolphe-bouguereau_reflexion-1897.jpg"
"william-adolphe-bouguereau_the-little-marauder-1900","The little marauder 1900","William Adolphe Bouguereau","Realism","data/archive/Realism/william-adolphe-bouguereau_the-little-marauder-1900.jpg"
"william-adolphe-bouguereau_yvonne-1896","Yvonne 1896","William Adolphe Bouguereau","Realism","data/archive/Realism/william-adolphe-bouguereau_yvonne-1896.jpg"
"william-merritt-chase_portrait-of-a-gentleman","Portrait of a gentleman","William Merritt Chase","Realism","data/archive/Realism/william-merritt-chase_portrait-of-a-gentleman.jpg"
"william-merritt-chase_still-life-with-vegetable","Still life with vegetable","William Merritt Chase","Realism","data/archive/Realism/william-merritt-chase_still-life-with-vegetable.jpg"
"winslow-homer_autumn","Autumn","Winslow Homer","Realism","data/archive/Realism/winslow-homer_autumn.jpg"
"winslow-homer_farmer-with-a-pitchfork","Farmer with a pitchfork","Winslow Homer","Realism","data/archive/Realism/winslow-homer_farmer-with-a-pitchfork.jpg"
"winslow-homer_hudson-river","Hudson river","Winslow Homer","Realism","data/archive/Realism/winslow-homer_hudson-river.jpg"
"winslow-homer_on-the-fence","On the fence","Winslow Homer","Realism","data/archive/Realism/winslow-homer_on-the-fence.jpg"
"winslow-homer_shore-at-bermuda","Shore at bermuda","Winslow Homer","Realism","data/archive/Realism/winslow-homer_shore-at-bermuda.jpg"
"winslow-homer_the-blue-boat-1892","The blue boat 1892","Winslow Homer","Realism","data/archive/Realism/winslow-homer_the-blue-boat-1892.jpg"
"winslow-homer_the-turtle-pound-1898","The turtle pound 1898","Winslow Homer","Realism","data/archive/Realism/winslow-homer_the-turtle-pound-1898.jpg"
"yiannis-moralis_not-detected-17","Sem título (17)","Yiannis Moralis","Realism","data/archive/Realism/yiannis-moralis_not-detected-17.jpg"
"allan-ramsay_john-reid","John reid","Allan Ramsay","Rococo","data/archive/Rococo/allan-ramsay_john-reid.jpg"
"allan-ramsay_portrait-of-augusta-of-saxe-gotha-princess-of-wales","Portrait of augusta of saxe gotha princess of wales","Allan Ramsay","Rococo","data/archive/Rococo/allan-ramsay_portrait-of-augusta-of-saxe-gotha-princess-of-wales.jpg"
"allan-ramsay_robert-wood","Robert wood","Allan Ramsay","Rococo","data/archive/Rococo/allan-ramsay_robert-wood.jpg"
"antoine-pesne_frederick-the-great-as-crown-prince","Frederick the great as crown prince","Antoine Pesne","Rococo","data/archive/Rococo/antoine-pesne_frederick-the-great-as-crown-prince.jpg"
"antoine-pesne_louise-eleonore-von-wreech-1737","Louise eleonore von wreech 1737","Antoine Pesne","Rococo","data/archive/Rococo/antoine-pesne_louise-eleonore-von-wreech-1737.jpg"
"antoine-pesne_portrait-of-teofila-dzia-y-ska-1754","Portrait of teofila dzia y ska 1754","Antoine Pesne","Rococo","data/archive/Rococo/antoine-pesne_portrait-of-teofila-dzia-y-ska-1754.jpg"
"antoine-watteau_back-of-woman","Back of woman","Antoine Watteau","Rococo","data/archive/Rococo/antoine-watteau_back-of-woman.jpg"
"antoine-watteau_love-in-the-french-theather-1716","Love in the french theather 1716","Antoine Watteau","Rococo","data/archive/Rococo/antoine-watteau_love-in-the-french-theather-1716.jpg"
"antoine-watteau_studies-of-women-s-heads","Studies of women s heads","Antoine Watteau","Rococo","data/archive/Rococo/antoine-watteau_studies-of-women-s-heads.jpg"
"antoine-watteau_the-halt-during-the-chase","The halt during the chase","Antoine Watteau","Rococo","data/archive/Rococo/antoine-watteau_the-halt-during-the-chase.jpg"
"antoine-watteau_the-toilette","The toilette","Antoine Watteau","Rococo","data/archive/Rococo/antoine-watteau_the-toilette.jpg"
"benjamin-west_esau-and-jacob-presented-to-isaac","Esau and jacob presented to isaac","Benjamin West","Rococo","data/archive/Rococo/benjamin-west_esau-and-jacob-presented-to-isaac.jpg"
"benjamin-west_mrs-thomas-keyes-and-her-daughter","Mrs thomas keyes and her daughter","Benjamin West","Rococo","data/archive/Rococo/benjamin-west_mrs-thomas-keyes-and-her-daughter.jpg"
"benjamin-west_self-portrait-1770","Self portrait 1770","Benjamin West","Rococo","data/archive/Rococo/benjamin-west_self-portrait-1770.jpg"
"benjamin-west_the-indians-delivering-up-the-english-captives-to-colonel-bouquet-near-his-camp-at-the-folks-of","The indians delivering up the english captives to colonel bouquet near his camp at the folks of","Benjamin West","Rococo","data/archive/Rococo/benjamin-west_the-indians-delivering-up-the-english-captives-to-colonel-bouquet-near-his-camp-at-the-folks-of.jpg"
"bernardo-bellotto_colosseum-and-arch-of-constantine-rome","Colosseum and arch of constantine rome","Bernardo Bellotto","Rococo","data/archive/Rococo/bernardo-bellotto_colosseum-and-arch-of-constantine-rome.jpg"
"bernardo-bellotto_palace-on-the-water-in-warsaw-1775","Palace on the water in warsaw 1775","Bernardo Bellotto","Rococo","data/archive/Rococo/bernardo-bellotto_palace-on-the-water-in-warsaw-1775.jpg"
"bernardo-bellotto_the-dominican-church-in-vienna-1758","The dominican church in vienna 1758","Bernardo Bellotto","Rococo","data/archive/Rococo/bernardo-bellotto_the-dominican-church-in-vienna-1758.jpg"
"bernardo-bellotto_the-ruins-of-thebes-on-the-river-march-1758","The ruins of thebes on the river march 1758","Bernardo Bellotto","Rococo","data/archive/Rococo/bernardo-bellotto_the-ruins-of-thebes-on-the-river-march-1758.jpg"
"bernardo-bellotto_view-of-the-grand-canal-at-san-stae-1738","View of the grand canal at san stae 1738","Bernardo Bellotto","Rococo","data/archive/Rococo/bernardo-bellotto_view-of-the-grand-canal-at-san-stae-1738.jpg"
"canaletto_an-island-in-the-lagoon-with-a-gateway-and-a-church","An island in the lagoon with a gateway and a church","Canaletto","Rococo","data/archive/Rococo/canaletto_an-island-in-the-lagoon-with-a-gateway-and-a-church.jpg"
"canaletto_imaginary-view-of-venice","Imaginary view of venice","Canaletto","Rococo","data/archive/Rococo/canaletto_imaginary-view-of-venice.jpg"
"canaletto_rome-the-arch-of-constantine-1742","Rome the arch of constantine 1742","Canaletto","Rococo","data/archive/Rococo/canaletto_rome-the-arch-of-constantine-1742.jpg"
"canaletto_the-molo-and-the-riva-degli-schiavoni-from-the-st-mark-s-basin-1740","The molo and the riva degli schiavoni from the st mark s basin 1740","Canaletto","Rococo","data/archive/Rococo/canaletto_the-molo-and-the-riva-degli-schiavoni-from-the-st-mark-s-basin-1740.jpg"
"canaletto_warwick-castle-the-east-front-1752","Warwick castle the east front 1752","Canaletto","Rococo","data/archive/Rococo/canaletto_warwick-castle-the-east-front-1752.jpg"
"carl-ludwig-johann-christineck_portrait-of-alexei-orlov-1779","Portrait of alexei orlov 1779","Carl Ludwig Johann Christineck","Rococo","data/archive/Rococo/carl-ludwig-johann-christineck_portrait-of-alexei-orlov-1779.jpg"
"carl-ludwig-johann-christineck_yuri-matveevich-veldten-1786","Yuri matveevich veldten 1786","Carl Ludwig Johann Christineck","Rococo","data/archive/Rococo/carl-ludwig-johann-christineck_yuri-matveevich-veldten-1786.jpg"
"dmitry-levitzky_count-artemiy-vorontsov","Count artemiy vorontsov","Dmitry Levitzky","Rococo","data/archive/Rococo/dmitry-levitzky_count-artemiy-vorontsov.jpg"
"dmitry-levitzky_ivan-ribotpierre","Ivan ribotpierre","Dmitry Levitzky","Rococo","data/archive/Rococo/dmitry-levitzky_ivan-ribotpierre.jpg"
"dmitry-levitzky_portrait-of-an-unknown-man-1781","Portrait of an unknown man 1781","Dmitry Levitzky","Rococo","data/archive/Rococo/dmitry-levitzky_portrait-of-an-unknown-man-1781.jpg"
"dmitry-levitzky_portrait-of-countess-ursula-mniszek-1782","Portrait of countess ursula mniszek 1782","Dmitry Levitzky","Rococo","data/archive/Rococo/dmitry-levitzky_portrait-of-countess-ursula-mniszek-1782.jpg"
"dmitry-levitzky_portrait-of-i-v-lopukhin","Portrait of i v lopukhin","Dmitry Levitzky","Rococo","data/archive/Rococo/dmitry-levitzky_portrait-of-i-v-lopukhin.jpg"
"dmitry-levitzky_portrait-of-priest-peter-levitzky-1812","Portrait of priest peter levitzky 1812","Dmitry Levitzky","Rococo","data/archive/Rococo/dmitry-levitzky_portrait-of-priest-peter-levitzky-1812.jpg"
"dmitry-levitzky_valentin-platonovich-musin-pushkin","Valentin platonovich musin pushkin","Dmitry Levitzky","Rococo","data/archive/Rococo/dmitry-levitzky_valentin-platonovich-musin-pushkin.jpg"
"francisco-bayeu-y-subias_the-holy-family-1776","The holy family 1776","Francisco Bayeu Y Subias","Rococo","data/archive/Rococo/francisco-bayeu-y-subias_the-holy-family-1776.jpg"
"francois-boucher_landscape-near-beauvais-early-1740","Landscape near beauvais early 1740","Francois Boucher","Rococo","data/archive/Rococo/francois-boucher_landscape-near-beauvais-early-1740.jpg"
"francois-boucher_rinaldo-and-armida-1734","Rinaldo and armida 1734","Francois Boucher","Rococo","data/archive/Rococo/francois-boucher_rinaldo-and-armida-1734.jpg"
"francois-boucher_the-mill-1751","The mill 1751","Francois Boucher","Rococo","data/archive/Rococo/francois-boucher_the-mill-1751.jpg"
"francois-boucher_venus","Venus","Francois Boucher","Rococo","data/archive/Rococo/francois-boucher_venus.jpg"
"fyodor-rokotov_portrait-of-an-unknown-woman-in-a-blue-dress-with-yellow-trimmings","Portrait of an unknown woman in a blue dress with yellow trimmings","Fyodor Rokotov","Rococo","data/archive/Rococo/fyodor-rokotov_portrait-of-an-unknown-woman-in-a-blue-dress-with-yellow-trimmings.jpg"
"fyodor-rokotov_portrait-of-p-i-vyrubov","Portrait of p i vyrubov","Fyodor Rokotov","Rococo","data/archive/Rococo/fyodor-rokotov_portrait-of-p-i-vyrubov.jpg"
"george-morland_a-visit-to-the-boarding-school-1788","A visit to the boarding school 1788","George Morland","Rococo","data/archive/Rococo/george-morland_a-visit-to-the-boarding-school-1788.jpg"
"george-morland_farmyard-scene","Farmyard scene","George Morland","Rococo","data/archive/Rococo/george-morland_farmyard-scene.jpg"
"george-morland_morning-the-benevolent-sportsman-1792","Morning the benevolent sportsman 1792","George Morland","Rococo","data/archive/Rococo/george-morland_morning-the-benevolent-sportsman-1792.jpg"
"george-morland_sow-and-piglets-in-a-sty","Sow and piglets in a sty","George Morland","Rococo","data/archive/Rococo/george-morland_sow-and-piglets-in-a-sty.jpg"
"george-morland_the-roadside-inn-1792","The roadside inn 1792","George Morland","Rococo","data/archive/Rococo/george-morland_the-roadside-inn-1792.jpg"
"george-morland_wooded-landscape-with-a-toll-gate","Wooded landscape with a toll gate","George Morland","Rococo","data/archive/Rococo/george-morland_wooded-landscape-with-a-toll-gate.jpg"
"giovanni-battista-tiepolo_annunciation-1725","Annunciation 1725","Giovanni Battista Tiepolo","Rococo","data/archive/Rococo/giovanni-battista-tiepolo_annunciation-1725.jpg"
"giovanni-battista-tiepolo_detail-of-agamemnon-from-minerva-restraining-achilles-from-killing-agamemnon-1757","Detail of agamemnon from minerva restraining achilles from killing agamemnon 1757","Giovanni Battista Tiepolo","Rococo","data/archive/Rococo/giovanni-battista-tiepolo_detail-of-agamemnon-from-minerva-restraining-achilles-from-killing-agamemnon-1757.jpg"
"giovanni-battista-tiepolo_last-communion-of-st-lucy-1748","Last communion of st lucy 1748","Giovanni Battista Tiepolo","Rococo","data/archive/Rococo/giovanni-battista-tiepolo_last-communion-of-st-lucy-1748.jpg"
"giovanni-battista-tiepolo_rinaldo-abandoning-armida-1757","Rinaldo abandoning armida 1757","Giovanni Battista Tiepolo","Rococo","data/archive/Rococo/giovanni-battista-tiepolo_rinaldo-abandoning-armida-1757.jpg"
"giovanni-battista-tiepolo_the-appearance-of-the-angel-before-sarah-1728","The appearance of the angel before sarah 1728","Giovanni Battista Tiepolo","Rococo","data/archive/Rococo/giovanni-battista-tiepolo_the-appearance-of-the-angel-before-sarah-1728.jpg"
"giovanni-battista-tiepolo_the-investiture-of-herold-as-duke-of-franconia-1751","The investiture of herold as duke of franconia 1751","Giovanni Battista Tiepolo","Rococo","data/archive/Rococo/giovanni-battista-tiepolo_the-investiture-of-herold-as-duke-of-franconia-1751.jpg"
"giovanni-battista-tiepolo_the-triumph-of-flora-1744","The triumph of flora 1744","Giovanni Battista Tiepolo","Rococo","data/archive/Rococo/giovanni-battista-tiepolo_the-triumph-of-flora-1744.jpg"
"giovanni-domenico-tiepolo_apollo-and-diana-1757","Apollo and diana 1757","Giovanni Domenico Tiepolo","Rococo","data/archive/Rococo/giovanni-domenico-tiepolo_apollo-and-diana-1757.jpg"
"giovanni-domenico-tiepolo_jesus-and-the-children","Jesus and the children","Giovanni Domenico Tiepolo","Rococo","data/archive/Rococo/giovanni-domenico-tiepolo_jesus-and-the-children.jpg"
"giovanni-domenico-tiepolo_pulcinella-on-holiday","Pulcinella on holiday","Giovanni Domenico Tiepolo","Rococo","data/archive/Rococo/giovanni-domenico-tiepolo_pulcinella-on-holiday.jpg"
"giovanni-domenico-tiepolo_the-rest-on-the-flight-to-egypt","The rest on the flight to egypt","Giovanni Domenico Tiepolo","Rococo","data/archive/Rococo/giovanni-domenico-tiepolo_the-rest-on-the-flight-to-egypt.jpg"
"hubert-robert_architectural-landscape-with-a-canal-1783","Architectural landscape with a canal 1783","Hubert Robert","Rococo","data/archive/Rococo/hubert-robert_architectural-landscape-with-a-canal-1783.jpg"
"hubert-robert_the-fire-of-rome-18-july-64-ad","The fire of rome 18 july 64 ad","Hubert Robert","Rococo","data/archive/Rococo/hubert-robert_the-fire-of-rome-18-july-64-ad.jpg"
"jean-baptiste-oudry_chatte-et-chaton-et-chien-et-perroquet-1737","Chatte et chaton et chien et perroquet 1737","Jean Baptiste Oudry","Rococo","data/archive/Rococo/jean-baptiste-oudry_chatte-et-chaton-et-chien-et-perroquet-1737.jpg"
"jean-baptiste-simeon-chardin_a-chemist-in-his-laboratory-a-philosopher-giving-a-lecture-1734","A chemist in his laboratory a philosopher giving a lecture 1734","Jean Baptiste Simeon Chardin","Rococo","data/archive/Rococo/jean-baptiste-simeon-chardin_a-chemist-in-his-laboratory-a-philosopher-giving-a-lecture-1734.jpg"
"jean-baptiste-simeon-chardin_portrait-of-a-young-girl-1777","Portrait of a young girl 1777","Jean Baptiste Simeon Chardin","Rococo","data/archive/Rococo/jean-baptiste-simeon-chardin_portrait-of-a-young-girl-1777.jpg"
"jean-baptiste-simeon-chardin_still-life-with-dead-pheasant-and-hunting-bag-1760","Still life with dead pheasant and hunting bag 1760","Jean Baptiste Simeon Chardin","Rococo","data/archive/Rococo/jean-baptiste-simeon-chardin_still-life-with-dead-pheasant-and-hunting-bag-1760.jpg"
"jean-baptiste-simeon-chardin_the-laundress","The laundress","Jean Baptiste Simeon Chardin","Rococo","data/archive/Rococo/jean-baptiste-simeon-chardin_the-laundress.jpg"
"jean-honore-fragonard_aurore","Aurore","Jean Honore Fragonard","Rococo","data/archive/Rococo/jean-honore-fragonard_aurore.jpg"
"jean-honore-fragonard_portrait-of-monsieur-de-la-breteche-brother-of-the-abbot-of-saint-non-1769","Portrait of monsieur de la breteche brother of the abbot of saint non 1769","Jean Honore Fragonard","Rococo","data/archive/Rococo/jean-honore-fragonard_portrait-of-monsieur-de-la-breteche-brother-of-the-abbot-of-saint-non-1769.jpg"
"jean-honore-fragonard_the-cradle-1765","The cradle 1765","Jean Honore Fragonard","Rococo","data/archive/Rococo/jean-honore-fragonard_the-cradle-1765.jpg"
"jean-honore-fragonard_the-sermon-of-love","The sermon of love","Jean Honore Fragonard","Rococo","data/archive/Rococo/jean-honore-fragonard_the-sermon-of-love.jpg"
"jean-honore-fragonard_young-woman-playing-with-a-dog-1772","Young woman playing with a dog 1772","Jean Honore Fragonard","Rococo","data/archive/Rococo/jean-honore-fragonard_young-woman-playing-with-a-dog-1772.jpg"
"jean-marc-nattier_thalia-muse-of-comedy-1739","Thalia muse of comedy 1739","Jean Marc Nattier","Rococo","data/archive/Rococo/jean-marc-nattier_thalia-muse-of-comedy-1739.jpg"
"john-russell_lieutenant-colonel-thomas-lloyd-1751-1828-colonel-of-the-leeds-volunteers-1801","Lieutenant colonel thomas lloyd 1751 1828 colonel of the leeds volunteers 1801","John Russell","Rococo","data/archive/Rococo/john-russell_lieutenant-colonel-thomas-lloyd-1751-1828-colonel-of-the-leeds-volunteers-1801.jpg"
"john-russell_small-girl-presenting-cherries-1780","Small girl presenting cherries 1780","John Russell","Rococo","data/archive/Rococo/john-russell_small-girl-presenting-cherries-1780.jpg"
"joseph-wright_edward-becher-leacroft","Edward becher leacroft","Joseph Wright","Rococo","data/archive/Rococo/joseph-wright_edward-becher-leacroft.jpg"
"joseph-wright_portrait-of-a-lady-1","Portrait of a lady 1","Joseph Wright","Rococo","data/archive/Rococo/joseph-wright_portrait-of-a-lady-1.jpg"
"joshua-reynolds_admiral-the-honourable-samue-barrington","Admiral the honourable samue barrington","Joshua Reynolds","Rococo","data/archive/Rococo/joshua-reynolds_admiral-the-honourable-samue-barrington.jpg"
"joshua-reynolds_caroline-duchess-of-marlborough-1762","Caroline duchess of marlborough 1762","Joshua Reynolds","Rococo","data/archive/Rococo/joshua-reynolds_caroline-duchess-of-marlborough-1762.jpg"
"joshua-reynolds_edward-morant-and-his-son-john","Edward morant and his son john","Joshua Reynolds","Rococo","data/archive/Rococo/joshua-reynolds_edward-morant-and-his-son-john.jpg"
"joshua-reynolds_george-clive-and-his-family-with-an-indian-maid","George clive and his family with an indian maid","Joshua Reynolds","Rococo","data/archive/Rococo/joshua-reynolds_george-clive-and-his-family-with-an-indian-maid.jpg"
"joshua-reynolds_john-murray-4th-earl-of-dunmore","John murray 4th earl of dunmore","Joshua Reynolds","Rococo","data/archive/Rococo/joshua-reynolds_john-murray-4th-earl-of-dunmore.jpg"
"joshua-reynolds_lady-in-pink-said-to-be-mrs-elizabeth-sheridan","Lady in pink said to be mrs elizabeth sheridan","Joshua Reynolds","Rococo","data/archive/Rococo/joshua-reynolds_lady-in-pink-said-to-be-mrs-elizabeth-sheridan.jpg"
"joshua-reynolds_miss-elizabeth-ingram","Miss elizabeth ingram","Joshua Reynolds","Rococo","data/archive/Rococo/joshua-reynolds_miss-elizabeth-ingram.jpg"
"joshua-reynolds_mrs-mary-nesbitt","Mrs mary nesbitt","Joshua Reynolds","Rococo","data/archive/Rococo/joshua-reynolds_mrs-mary-nesbitt.jpg"
"joshua-reynolds_portrait-of-a-lady","Portrait of a lady","Joshua Reynolds","Rococo","data/archive/Rococo/joshua-reynolds_portrait-of-a-lady.jpg"
"joshua-reynolds_portrait-of-maria-anne-fitzherbert","Portrait of maria anne fitzherbert","Joshua Reynolds","Rococo","data/archive/Rococo/joshua-reynolds_portrait-of-maria-anne-fitzherbert.jpg"
"joshua-reynolds_sir-joseph-banks-1772","Sir joseph banks 1772","Joshua Reynolds","Rococo","data/archive/Rococo/joshua-reynolds_sir-joseph-banks-1772.jpg"
"joshua-reynolds_the-infant-academy","The infant academy","Joshua Reynolds","Rococo","data/archive/Rococo/joshua-reynolds_the-infant-academy.jpg"
"louise-elisabeth-vigee-le-brun_anna-ivanovna-tolstaya","Anna ivanovna tolstaya","Louise Elisabeth Vigee Le Brun","Rococo","data/archive/Rococo/louise-elisabeth-vigee-le-brun_anna-ivanovna-tolstaya.jpg"
"louise-elisabeth-vigee-le-brun_lady-hamilton-as-ariadne-1790","Lady hamilton as ariadne 1790","Louise Elisabeth Vigee Le Brun","Rococo","data/archive/Rococo/louise-elisabeth-vigee-le-brun_lady-hamilton-as-ariadne-1790.jpg"
"louise-elisabeth-vigee-le-brun_portrait-of-caroline-murat-with-her-daughter-letizia-1807","Portrait of caroline murat with her daughter letizia 1807","Louise Elisabeth Vigee Le Brun","Rococo","data/archive/Rococo/louise-elisabeth-vigee-le-brun_portrait-of-caroline-murat-with-her-daughter-letizia-1807.jpg"
"louise-elisabeth-vigee-le-brun_portrait-of-maria-carolina-of-austria-1791","Portrait of maria carolina of austria 1791","Louise Elisabeth Vigee Le Brun","Rococo","data/archive/Rococo/louise-elisabeth-vigee-le-brun_portrait-of-maria-carolina-of-austria-1791.jpg"
"louise-elisabeth-vigee-le-brun_the-daughter-s-portrait","The daughter s portrait","Louise Elisabeth Vigee Le Brun","Rococo","data/archive/Rococo/louise-elisabeth-vigee-le-brun_the-daughter-s-portrait.jpg"
"maurice-quentin-de-la-tour_charles-parrocel-painter","Charles parrocel painter","Maurice Quentin De La Tour","Rococo","data/archive/Rococo/maurice-quentin-de-la-tour_charles-parrocel-painter.jpg"
"maurice-quentin-de-la-tour_jacques-dumont-le-romain-playing-the-guitar","Jacques dumont le romain playing the guitar","Maurice Quentin De La Tour","Rococo","data/archive/Rococo/maurice-quentin-de-la-tour_jacques-dumont-le-romain-playing-the-guitar.jpg"
"maurice-quentin-de-la-tour_louis-de-silvestre","Louis de silvestre","Maurice Quentin De La Tour","Rococo","data/archive/Rococo/maurice-quentin-de-la-tour_louis-de-silvestre.jpg"
"maurice-quentin-de-la-tour_marie-fel-with-eyes-full-of-love","Marie fel with eyes full of love","Maurice Quentin De La Tour","Rococo","data/archive/Rococo/maurice-quentin-de-la-tour_marie-fel-with-eyes-full-of-love.jpg"
"maurice-quentin-de-la-tour_portrait-of-king-louis-xv-1748","Portrait of king louis xv 1748","Maurice Quentin De La Tour","Rococo","data/archive/Rococo/maurice-quentin-de-la-tour_portrait-of-king-louis-xv-1748.jpg"
"maurice-quentin-de-la-tour_preparation-of-the-portrait-of-joseph-amedee-victor-paris-son-of-john-of-paris-montmartel","Preparation of the portrait of joseph amedee victor paris son of john of paris montmartel","Maurice Quentin De La Tour","Rococo","data/archive/Rococo/maurice-quentin-de-la-tour_preparation-of-the-portrait-of-joseph-amedee-victor-paris-son-of-john-of-paris-montmartel.jpg"
"maurice-quentin-de-la-tour_self-portrait-4","Self portrait 4","Maurice Quentin De La Tour","Rococo","data/archive/Rococo/maurice-quentin-de-la-tour_self-portrait-4.jpg"
"maurice-quentin-de-la-tour_study-for-portrait-of-unknown-woman-2","Study for portrait of unknown woman 2","Maurice Quentin De La Tour","Rococo","data/archive/Rococo/maurice-quentin-de-la-tour_study-for-portrait-of-unknown-woman-2.jpg"
"maurice-quentin-de-la-tour_study-to-portrait-of-unknown-woman","Study to portrait of unknown woman","Maurice Quentin De La Tour","Rococo","data/archive/Rococo/maurice-quentin-de-la-tour_study-to-portrait-of-unknown-woman.jpg"
"pietro-longhi_a-visit-to-a-lord","A visit to a lord","Pietro Longhi","Rococo","data/archive/Rococo/pietro-longhi_a-visit-to-a-lord.jpg"
"pietro-longhi_preparing-the-polenta","Preparing the polenta","Pietro Longhi","Rococo","data/archive/Rococo/pietro-longhi_preparing-the-polenta.jpg"
"pietro-longhi_the-furlana-venetian-dance","The furlana venetian dance","Pietro Longhi","Rococo","data/archive/Rococo/pietro-longhi_the-furlana-venetian-dance.jpg"
"pietro-longhi_the-rhinoceros-1751","The rhinoceros 1751","Pietro Longhi","Rococo","data/archive/Rococo/pietro-longhi_the-rhinoceros-1751.jpg"
"pietro-longhi_women-sewing","Women sewing","Pietro Longhi","Rococo","data/archive/Rococo/pietro-longhi_women-sewing.jpg"
"thomas-gainsborough_conversation-in-a-park-1745","Conversation in a park 1745","Thomas Gainsborough","Rococo","data/archive/Rococo/thomas-gainsborough_conversation-in-a-park-1745.jpg"
"thomas-gainsborough_forest-landsape-with-mountain","Forest landsape with mountain","Thomas Gainsborough","Rococo","data/archive/Rococo/thomas-gainsborough_forest-landsape-with-mountain.jpg"
"thomas-gainsborough_john-campbell-4th-duke-of-argyll","John campbell 4th duke of argyll","Thomas Gainsborough","Rococo","data/archive/Rococo/thomas-gainsborough_john-campbell-4th-duke-of-argyll.jpg"
"thomas-gainsborough_landscape-with-the-village-cornard","Landscape with the village cornard","Thomas Gainsborough","Rococo","data/archive/Rococo/thomas-gainsborough_landscape-with-the-village-cornard.jpg"
"thomas-gainsborough_mrs-grace-d-elliott-1778","Mrs grace d elliott 1778","Thomas Gainsborough","Rococo","data/archive/Rococo/thomas-gainsborough_mrs-grace-d-elliott-1778.jpg"
"thomas-gainsborough_portrait-of-elizabeth-bowes","Portrait of elizabeth bowes","Thomas Gainsborough","Rococo","data/archive/Rococo/thomas-gainsborough_portrait-of-elizabeth-bowes.jpg"
"thomas-gainsborough_portrait-of-mrs-awse-1767","Portrait of mrs awse 1767","Thomas Gainsborough","Rococo","data/archive/Rococo/thomas-gainsborough_portrait-of-mrs-awse-1767.jpg"
"thomas-gainsborough_river-landscape-with-rustic-lovers","River landscape with rustic lovers","Thomas Gainsborough","Rococo","data/archive/Rococo/thomas-gainsborough_river-landscape-with-rustic-lovers.jpg"
"thomas-gainsborough_the-artist-s-wife","The artist s wife","Thomas Gainsborough","Rococo","data/archive/Rococo/thomas-gainsborough_the-artist-s-wife.jpg"
"thomas-gainsborough_the-painter-s-daughters-1770","The painter s daughters 1770","Thomas Gainsborough","Rococo","data/archive/Rococo/thomas-gainsborough_the-painter-s-daughters-1770.jpg"
"vieira-portuense_fuga-de-margarida-de-anjou-epis-dio-da-guerra-das-duas-rosas-1798","Fuga de margarida de anjou epis dio da guerra das duas rosas 1798","Vieira Portuense","Rococo","data/archive/Rococo/vieira-portuense_fuga-de-margarida-de-anjou-epis-dio-da-guerra-das-duas-rosas-1798.jpg"
"vladimir-borovikovsky_countess-vera-zavadovskaya","Countess vera zavadovskaya","Vladimir Borovikovsky","Rococo","data/archive/Rococo/vladimir-borovikovsky_countess-vera-zavadovskaya.jpg"
"vladimir-borovikovsky_naryshkina-elena","Naryshkina elena","Vladimir Borovikovsky","Rococo","data/archive/Rococo/vladimir-borovikovsky_naryshkina-elena.jpg"
"vladimir-borovikovsky_portrait-of-an-unknown-with-a-child","Portrait of an unknown with a child","Vladimir Borovikovsky","Rococo","data/archive/Rococo/vladimir-borovikovsky_portrait-of-an-unknown-with-a-child.jpg"
"vladimir-borovikovsky_portrait-of-empress-elisabeth-alexeievna-1795","Portrait of empress elisabeth alexeievna 1795","Vladimir Borovikovsky","Rococo","data/archive/Rococo/vladimir-borovikovsky_portrait-of-empress-elisabeth-alexeievna-1795.jpg"
"vladimir-borovikovsky_portrait-of-prince-a-b-kurakin-1799","Portrait of prince a b kurakin 1799","Vladimir Borovikovsky","Rococo","data/archive/Rococo/vladimir-borovikovsky_portrait-of-prince-a-b-kurakin-1799.jpg"
"vladimir-borovikovsky_st-alexander-nevsky","St alexander nevsky","Vladimir Borovikovsky","Rococo","data/archive/Rococo/vladimir-borovikovsky_st-alexander-nevsky.jpg"
"william-hogarth_beer-street-1751","Beer street 1751","William Hogarth","Rococo","data/archive/Rococo/william-hogarth_beer-street-1751.jpg"
"william-hogarth_english-librettist-thomas-morell","English librettist thomas morell","William Hogarth","Rococo","data/archive/Rococo/william-hogarth_english-librettist-thomas-morell.jpg"
"william-hogarth_marriage-1735","Marriage 1735","William Hogarth","Rococo","data/archive/Rococo/william-hogarth_marriage-1735.jpg"
"william-hogarth_second-stage-of-cruelty-1751","Second stage of cruelty 1751","William Hogarth","Rococo","data/archive/Rococo/william-hogarth_second-stage-of-cruelty-1751.jpg"
"william-hogarth_the-countess-s-morning-levee","The countess s morning levee","William Hogarth","Rococo","data/archive/Rococo/william-hogarth_the-countess-s-morning-levee.jpg"
"william-hogarth_the-mackinen-children-1747","The mackinen children 1747","William Hogarth","Rococo","data/archive/Rococo/william-hogarth_the-mackinen-children-1747.jpg"
"william-hogarth_the-theft-of-a-watch","The theft of a watch","William Hogarth","Rococo","data/archive/Rococo/william-hogarth_the-theft-of-a-watch.jpg"
"william-hogarth_william-cavendish-marquess-of-hartington-later-4th-duke-of-devonshire-1741","William cavendish marquess of hartington later 4th duke of devonshire 1741","William Hogarth","Rococo","data/archive/Rococo/william-hogarth_william-cavendish-marquess-of-hartington-later-4th-duke-of-devonshire-1741.jpg"
"adolphe-joseph-thomas-monticelli_italian-fishing-vessels-at-dusk","Italian fishing vessels at dusk","Adolphe Joseph Thomas Monticelli","Romanticism","data/archive/Romanticism/adolphe-joseph-thomas-monticelli_italian-fishing-vessels-at-dusk.jpg"
"adolphe-joseph-thomas-monticelli_the-hay-card","The hay card","Adolphe Joseph Thomas Monticelli","Romanticism","data/archive/Romanticism/adolphe-joseph-thomas-monticelli_the-hay-card.jpg"
"akseli-gallen-kallela_m-ntykoski-waterfall-1893","M ntykoski waterfall 1893","Akseli Gallen Kallela","Romanticism","data/archive/Romanticism/akseli-gallen-kallela_m-ntykoski-waterfall-1893.jpg"
"albert-bierstadt_forest-stream","Forest stream","Albert Bierstadt","Romanticism","data/archive/Romanticism/albert-bierstadt_forest-stream.jpg"
"albert-bierstadt_street-in-nassau-1878","Street in nassau 1878","Albert Bierstadt","Romanticism","data/archive/Romanticism/albert-bierstadt_street-in-nassau-1878.jpg"
"alexander-ivanov_landscape-in-albano","Landscape in albano","Alexander Ivanov","Romanticism","data/archive/Romanticism/alexander-ivanov_landscape-in-albano.jpg"
"alexander-ivanov_water-and-stones-under-palaccuolo","Water and stones under palaccuolo","Alexander Ivanov","Romanticism","data/archive/Romanticism/alexander-ivanov_water-and-stones-under-palaccuolo.jpg"
"alexander-orlowski_portrait-of-a-cabman-1820","Portrait of a cabman 1820","Alexander Orlowski","Romanticism","data/archive/Romanticism/alexander-orlowski_portrait-of-a-cabman-1820.jpg"
"alexander-orlowski_shipwreck","Shipwreck","Alexander Orlowski","Romanticism","data/archive/Romanticism/alexander-orlowski_shipwreck.jpg"
"alexander-shilov_olga-leznik-1996","Olga leznik 1996","Alexander Shilov","Romanticism","data/archive/Romanticism/alexander-shilov_olga-leznik-1996.jpg"
"alexey-bogolyubov_palermo-1850","Palermo 1850","Alexey Bogolyubov","Romanticism","data/archive/Romanticism/alexey-bogolyubov_palermo-1850.jpg"
"alexey-venetsianov_french-activities-in-the-store","French activities in the store","Alexey Venetsianov","Romanticism","data/archive/Romanticism/alexey-venetsianov_french-activities-in-the-store.jpg"
"alfred-stevens_afternoon-in-the-park","Afternoon in the park","Alfred Stevens","Romanticism","data/archive/Romanticism/alfred-stevens_afternoon-in-the-park.jpg"
"alfred-stevens_maria-magdalena-1887","Maria magdalena 1887","Alfred Stevens","Romanticism","data/archive/Romanticism/alfred-stevens_maria-magdalena-1887.jpg"
"alfred-stevens_reverie","Reverie","Alfred Stevens","Romanticism","data/archive/Romanticism/alfred-stevens_reverie.jpg"
"alfred-stevens_the-studio-1869","The studio 1869","Alfred Stevens","Romanticism","data/archive/Romanticism/alfred-stevens_the-studio-1869.jpg"
"alphonse-mucha_maria-young-girl-in-a-moravian-costume","Maria young girl in a moravian costume","Alphonse Mucha","Romanticism","data/archive/Romanticism/alphonse-mucha_maria-young-girl-in-a-moravian-costume.jpg"
"andrei-ryabushkin_family-of-merchant-in-xvii-century","Family of merchant in xvii century","Andrei Ryabushkin","Romanticism","data/archive/Romanticism/andrei-ryabushkin_family-of-merchant-in-xvii-century.jpg"
"andrei-ryabushkin_tzar-mikhail-fedorovich-holding-council-with-the-boyars-in-his-royal-chamber","Tzar mikhail fedorovich holding council with the boyars in his royal chamber","Andrei Ryabushkin","Romanticism","data/archive/Romanticism/andrei-ryabushkin_tzar-mikhail-fedorovich-holding-council-with-the-boyars-in-his-royal-chamber.jpg"
"anton-melbye_the-sailing-ship-johanna-and-other-vessels-in-sundet-off-kronborg-castle-1849","The sailing ship johanna and other vessels in sundet off kronborg castle 1849","Anton Melbye","Romanticism","data/archive/Romanticism/anton-melbye_the-sailing-ship-johanna-and-other-vessels-in-sundet-off-kronborg-castle-1849.jpg"
"arnold-b├г┬╢cklin_soldiers-amount-towards-a-mountain-fortress","Soldiers amount towards a mountain fortress","Arnold B├г┬╢cklin","Romanticism","data/archive/Romanticism/arnold-b├г┬╢cklin_soldiers-amount-towards-a-mountain-fortress.jpg"
"arthur-hughes_home-from-the-sea-1862","Home from the sea 1862","Arthur Hughes","Romanticism","data/archive/Romanticism/arthur-hughes_home-from-the-sea-1862.jpg"
"arthur-hughes_the-king-s-orchard-1","The king s orchard 1","Arthur Hughes","Romanticism","data/archive/Romanticism/arthur-hughes_the-king-s-orchard-1.jpg"
"camille-corot_circle-of-nymphs-morning","Circle of nymphs morning","Camille Corot","Romanticism","data/archive/Romanticism/camille-corot_circle-of-nymphs-morning.jpg"
"camille-corot_judith","Judith","Camille Corot","Romanticism","data/archive/Romanticism/camille-corot_judith.jpg"
"camille-corot_odalisque","Odalisque","Camille Corot","Romanticism","data/archive/Romanticism/camille-corot_odalisque.jpg"
"camille-corot_the-halberdsman-1870","The halberdsman 1870","Camille Corot","Romanticism","data/archive/Romanticism/camille-corot_the-halberdsman-1870.jpg"
"caspar-david-friedrich_a-walk-at-dusk","A walk at dusk","Caspar David Friedrich","Romanticism","data/archive/Romanticism/caspar-david-friedrich_a-walk-at-dusk.jpg"
"caspar-david-friedrich_cross-in-the-forrest","Cross in the forrest","Caspar David Friedrich","Romanticism","data/archive/Romanticism/caspar-david-friedrich_cross-in-the-forrest.jpg"
"caspar-david-friedrich_fog-in-the-elbe-valley-1821","Fog in the elbe valley 1821","Caspar David Friedrich","Romanticism","data/archive/Romanticism/caspar-david-friedrich_fog-in-the-elbe-valley-1821.jpg"
"caspar-david-friedrich_man-and-woman","Man and woman","Caspar David Friedrich","Romanticism","data/archive/Romanticism/caspar-david-friedrich_man-and-woman.jpg"
"caspar-david-friedrich_not-detected-5","Sem título (5)","Caspar David Friedrich","Romanticism","data/archive/Romanticism/caspar-david-friedrich_not-detected-5.jpg"
"caspar-david-friedrich_sea-with-ships","Sea with ships","Caspar David Friedrich","Romanticism","data/archive/Romanticism/caspar-david-friedrich_sea-with-ships.jpg"
"caspar-david-friedrich_view-from-the-artists-studio-window-on-left","View from the artists studio window on left","Caspar David Friedrich","Romanticism","data/archive/Romanticism/caspar-david-friedrich_view-from-the-artists-studio-window-on-left.jpg"
"caspar-david-friedrich_wc-croix-et-cath-drale-dans-la-montagne-1812-1812-museum-kunstpalast-height0-45-cm-17-7-in","Wc croix et cath drale dans la montagne 1812 1812 museum kunstpalast height0 45 cm 17 7 in","Caspar David Friedrich","Romanticism","data/archive/Romanticism/caspar-david-friedrich_wc-croix-et-cath-drale-dans-la-montagne-1812-1812-museum-kunstpalast-height0-45-cm-17-7-in.jpg"
"christen-kobke_frederiksborg-castle-seen-from-the-northwest-1836","Frederiksborg castle seen from the northwest 1836","Christen Kobke","Romanticism","data/archive/Romanticism/christen-kobke_frederiksborg-castle-seen-from-the-northwest-1836.jpg"
"constantin-daniel-rosenthal_anica-manu-with-her-child","Anica manu with her child","Constantin Daniel Rosenthal","Romanticism","data/archive/Romanticism/constantin-daniel-rosenthal_anica-manu-with-her-child.jpg"
"cornelis-springer_a-country-road","A country road","Cornelis Springer","Romanticism","data/archive/Romanticism/cornelis-springer_a-country-road.jpg"
"cornelis-springer_cityhall-in-lbeck","Cityhall in lbeck","Cornelis Springer","Romanticism","data/archive/Romanticism/cornelis-springer_cityhall-in-lbeck.jpg"
"cornelis-springer_market-oudewater","Market oudewater","Cornelis Springer","Romanticism","data/archive/Romanticism/cornelis-springer_market-oudewater.jpg"
"cornelis-springer_the-smithy-of-culemborg-in-the-winter-1860","The smithy of culemborg in the winter 1860","Cornelis Springer","Romanticism","data/archive/Romanticism/cornelis-springer_the-smithy-of-culemborg-in-the-winter-1860.jpg"
"cornelis-springer_weeshuis-in-enkhuizen","Weeshuis in enkhuizen","Cornelis Springer","Romanticism","data/archive/Romanticism/cornelis-springer_weeshuis-in-enkhuizen.jpg"
"dante-gabriel-rossetti_annie-miller-1877-2","Annie miller 1877 2","Dante Gabriel Rossetti","Romanticism","data/archive/Romanticism/dante-gabriel-rossetti_annie-miller-1877-2.jpg"
"dante-gabriel-rossetti_dante-s-dream-at-the-time-of-the-death-of-beatrice-study-1870","Dante s dream at the time of the death of beatrice study 1870","Dante Gabriel Rossetti","Romanticism","data/archive/Romanticism/dante-gabriel-rossetti_dante-s-dream-at-the-time-of-the-death-of-beatrice-study-1870.jpg"
"dante-gabriel-rossetti_fanny-cornforth-1862","Fanny cornforth 1862","Dante Gabriel Rossetti","Romanticism","data/archive/Romanticism/dante-gabriel-rossetti_fanny-cornforth-1862.jpg"
"dante-gabriel-rossetti_hunt","Hunt","Dante Gabriel Rossetti","Romanticism","data/archive/Romanticism/dante-gabriel-rossetti_hunt.jpg"
"dante-gabriel-rossetti_lady-lilith-1868","Lady lilith 1868","Dante Gabriel Rossetti","Romanticism","data/archive/Romanticism/dante-gabriel-rossetti_lady-lilith-1868.jpg"
"dante-gabriel-rossetti_paolo-and-francesca-1855","Paolo and francesca 1855","Dante Gabriel Rossetti","Romanticism","data/archive/Romanticism/dante-gabriel-rossetti_paolo-and-francesca-1855.jpg"
"dante-gabriel-rossetti_regina-cordium-1860","Regina cordium 1860","Dante Gabriel Rossetti","Romanticism","data/archive/Romanticism/dante-gabriel-rossetti_regina-cordium-1860.jpg"
"dante-gabriel-rossetti_sir-tristram-and-la-belle","Sir tristram and la belle","Dante Gabriel Rossetti","Romanticism","data/archive/Romanticism/dante-gabriel-rossetti_sir-tristram-and-la-belle.jpg"
"dante-gabriel-rossetti_the-blue-bower-1865","The blue bower 1865","Dante Gabriel Rossetti","Romanticism","data/archive/Romanticism/dante-gabriel-rossetti_the-blue-bower-1865.jpg"
"dante-gabriel-rossetti_the-lady-of-pity-1879","The lady of pity 1879","Dante Gabriel Rossetti","Romanticism","data/archive/Romanticism/dante-gabriel-rossetti_the-lady-of-pity-1879.jpg"
"dante-gabriel-rossetti_the-tune-of-the-seven-towers-1857","The tune of the seven towers 1857","Dante Gabriel Rossetti","Romanticism","data/archive/Romanticism/dante-gabriel-rossetti_the-tune-of-the-seven-towers-1857.jpg"
"david-wilkie_abraham-raimbach","Abraham raimbach","David Wilkie","Romanticism","data/archive/Romanticism/david-wilkie_abraham-raimbach.jpg"
"david-wilkie_sheepwashing-1817","Sheepwashing 1817","David Wilkie","Romanticism","data/archive/Romanticism/david-wilkie_sheepwashing-1817.jpg"
"david-wilkie_village-politicians","Village politicians","David Wilkie","Romanticism","data/archive/Romanticism/david-wilkie_village-politicians.jpg"
"domingos-sequeira_retrato-equestre-de-carlota-joaquina-of-spain-1830","Retrato equestre de carlota joaquina of spain 1830","Domingos Sequeira","Romanticism","data/archive/Romanticism/domingos-sequeira_retrato-equestre-de-carlota-joaquina-of-spain-1830.jpg"
"eduard-von-gebhardt_portrait-of-a-woman","Portrait of a woman","Eduard Von Gebhardt","Romanticism","data/archive/Romanticism/eduard-von-gebhardt_portrait-of-a-woman.jpg"
"edward-burne-jones_cinderella-1863","Cinderella 1863","Edward Burne Jones","Romanticism","data/archive/Romanticism/edward-burne-jones_cinderella-1863.jpg"
"edward-burne-jones_faith-hope-and-charity","Faith hope and charity","Edward Burne Jones","Romanticism","data/archive/Romanticism/edward-burne-jones_faith-hope-and-charity.jpg"
"edward-burne-jones_king-mark-and-la-belle-iseult","King mark and la belle iseult","Edward Burne Jones","Romanticism","data/archive/Romanticism/edward-burne-jones_king-mark-and-la-belle-iseult.jpg"
"edward-burne-jones_not_detected_205449","Sem título (205449)","Edward Burne Jones","Romanticism","data/archive/Romanticism/edward-burne-jones_not_detected_205449.jpg"
"edward-burne-jones_sidonia-von-bork-1849","Sidonia von bork 1849","Edward Burne Jones","Romanticism","data/archive/Romanticism/edward-burne-jones_sidonia-von-bork-1849.jpg"
"edward-burne-jones_the-baleful-head-1887","The baleful head 1887","Edward Burne Jones","Romanticism","data/archive/Romanticism/edward-burne-jones_the-baleful-head-1887.jpg"
"edward-burne-jones_the-garden-of-the-hesperides","The garden of the hesperides","Edward Burne Jones","Romanticism","data/archive/Romanticism/edward-burne-jones_the-garden-of-the-hesperides.jpg"
"edward-burne-jones_the-merciful-knight-1863","The merciful knight 1863","Edward Burne Jones","Romanticism","data/archive/Romanticism/edward-burne-jones_the-merciful-knight-1863.jpg"
"edward-burne-jones_the-temple-of-love","The temple of love","Edward Burne Jones","Romanticism","data/archive/Romanticism/edward-burne-jones_the-temple-of-love.jpg"
"edwin-henry-landseer_a-lake-scene-effect-of-a-storm","A lake scene effect of a storm","Edwin Henry Landseer","Romanticism","data/archive/Romanticism/edwin-henry-landseer_a-lake-scene-effect-of-a-storm.jpg"
"edwin-henry-landseer_john-allen","John allen","Edwin Henry Landseer","Romanticism","data/archive/Romanticism/edwin-henry-landseer_john-allen.jpg"
"edwin-henry-landseer_scene-in-the-olden-time-at-bolton-abbey","Scene in the olden time at bolton abbey","Edwin Henry Landseer","Romanticism","data/archive/Romanticism/edwin-henry-landseer_scene-in-the-olden-time-at-bolton-abbey.jpg"
"edwin-henry-landseer_van-amburgh-and-his-big-game-cats","Van amburgh and his big game cats","Edwin Henry Landseer","Romanticism","data/archive/Romanticism/edwin-henry-landseer_van-amburgh-and-his-big-game-cats.jpg"
"eugene-delacroix_a-mandarin-drake(1)","A mandarin drake(1)","Eugene Delacroix","Romanticism","data/archive/Romanticism/eugene-delacroix_a-mandarin-drake(1).jpg"
"eugene-delacroix_cat-head(1)","Cat head(1)","Eugene Delacroix","Romanticism","data/archive/Romanticism/eugene-delacroix_cat-head(1).jpg"
"eugene-delacroix_fan-with-caricatures-1838(1)","Fan with caricatures 1838(1)","Eugene Delacroix","Romanticism","data/archive/Romanticism/eugene-delacroix_fan-with-caricatures-1838(1).jpg"
"eugene-delacroix_hamlet-sees-the-ghost-of-his-father-1843(1)","Hamlet sees the ghost of his father 1843(1)","Eugene Delacroix","Romanticism","data/archive/Romanticism/eugene-delacroix_hamlet-sees-the-ghost-of-his-father-1843(1).jpg"
"eugene-delacroix_male-academy-figure-1821(1)","Male academy figure 1821(1)","Eugene Delacroix","Romanticism","data/archive/Romanticism/eugene-delacroix_male-academy-figure-1821(1).jpg"
"eugene-delacroix_rebecca-kidnapped-by-the-templar-sir-brian-de-bois-guilbert-1858(1)","Rebecca kidnapped by the templar sir brian de bois guilbert 1858(1)","Eugene Delacroix","Romanticism","data/archive/Romanticism/eugene-delacroix_rebecca-kidnapped-by-the-templar-sir-brian-de-bois-guilbert-1858(1).jpg"
"eugene-delacroix_study-for-part-of-the-justice-frieze-1836(1)","Study for part of the justice frieze 1836(1)","Eugene Delacroix","Romanticism","data/archive/Romanticism/eugene-delacroix_study-for-part-of-the-justice-frieze-1836(1).jpg"
"eugene-delacroix_the-coast-of-spain-at-salabrena-1832(1)","The coast of spain at salabrena 1832(1)","Eugene Delacroix","Romanticism","data/archive/Romanticism/eugene-delacroix_the-coast-of-spain-at-salabrena-1832(1).jpg"
"eugene-delacroix_the-mediterranean-1835(1)","The mediterranean 1835(1)","Eugene Delacroix","Romanticism","data/archive/Romanticism/eugene-delacroix_the-mediterranean-1835(1).jpg"
"eugene-delacroix_two-views-of-costumes-souliotes-1825(1)","Two views of costumes souliotes 1825(1)","Eugene Delacroix","Romanticism","data/archive/Romanticism/eugene-delacroix_two-views-of-costumes-souliotes-1825(1).jpg"
"ferdinand-georg-waldm├г┬╝ller_maple-trees-near-ischl-1831","Maple trees near ischl 1831","Ferdinand Georg Waldm├г┬╝ller","Romanticism","data/archive/Romanticism/ferdinand-georg-waldm├г┬╝ller_maple-trees-near-ischl-1831.jpg"
"ferdinand-georg-waldm├г┬╝ller_the-radhausberg-at-gastein-1837","The radhausberg at gastein 1837","Ferdinand Georg Waldm├г┬╝ller","Romanticism","data/archive/Romanticism/ferdinand-georg-waldm├г┬╝ller_the-radhausberg-at-gastein-1837.jpg"
"ferdinand-hodler_at-the-jonction","At the jonction","Ferdinand Hodler","Romanticism","data/archive/Romanticism/ferdinand-hodler_at-the-jonction.jpg"
"ford-madox-brown_head-of-a-page-boy","Head of a page boy","Ford Madox Brown","Romanticism","data/archive/Romanticism/ford-madox-brown_head-of-a-page-boy.jpg"
"ford-madox-brown_the-bromley-children-1843","The bromley children 1843","Ford Madox Brown","Romanticism","data/archive/Romanticism/ford-madox-brown_the-bromley-children-1843.jpg"
"ford-madox-brown_the-trial-of-wycliffe-a-d","The trial of wycliffe a d","Ford Madox Brown","Romanticism","data/archive/Romanticism/ford-madox-brown_the-trial-of-wycliffe-a-d.jpg"
"francesco-hayez_destruction-of-the-temple-of-jerusalem-1867","Destruction of the temple of jerusalem 1867","Francesco Hayez","Romanticism","data/archive/Romanticism/francesco-hayez_destruction-of-the-temple-of-jerusalem-1867.jpg"
"francesco-hayez_portrait-of-antoniet-negroni-prati-morosini-1872","Portrait of antoniet negroni prati morosini 1872","Francesco Hayez","Romanticism","data/archive/Romanticism/francesco-hayez_portrait-of-antoniet-negroni-prati-morosini-1872.jpg"
"francesco-hayez_portrait-of-matilde-juva-branca-1851","Portrait of matilde juva branca 1851","Francesco Hayez","Romanticism","data/archive/Romanticism/francesco-hayez_portrait-of-matilde-juva-branca-1851.jpg"
"francesco-hayez_the-liberation-from-the-prison-of-vettor-pisani-1840","The liberation from the prison of vettor pisani 1840","Francesco Hayez","Romanticism","data/archive/Romanticism/francesco-hayez_the-liberation-from-the-prison-of-vettor-pisani-1840.jpg"
"francisco-goya_a-way-of-flying-1823","A way of flying 1823","Francisco Goya","Romanticism","data/archive/Romanticism/francisco-goya_a-way-of-flying-1823.jpg"
"francisco-goya_as-far-back-as-his-grandfather-1799","As far back as his grandfather 1799","Francisco Goya","Romanticism","data/archive/Romanticism/francisco-goya_as-far-back-as-his-grandfather-1799.jpg"
"francisco-goya_boys-playing-soldiers-1779","Boys playing soldiers 1779","Francisco Goya","Romanticism","data/archive/Romanticism/francisco-goya_boys-playing-soldiers-1779.jpg"
"francisco-goya_colossus","Colossus","Francisco Goya","Romanticism","data/archive/Romanticism/francisco-goya_colossus.jpg"
"francisco-goya_don-ramon-satue-1823","Don ramon satue 1823","Francisco Goya","Romanticism","data/archive/Romanticism/francisco-goya_don-ramon-satue-1823.jpg"
"francisco-goya_feminine-folly","Feminine folly","Francisco Goya","Romanticism","data/archive/Romanticism/francisco-goya_feminine-folly.jpg"
"francisco-goya_gumersinda-goicoechea-goya-s-daughter-in-law-1815","Gumersinda goicoechea goya s daughter in law 1815","Francisco Goya","Romanticism","data/archive/Romanticism/francisco-goya_gumersinda-goicoechea-goya-s-daughter-in-law-1815.jpg"
"francisco-goya_juan-antonio-llorente","Juan antonio llorente","Francisco Goya","Romanticism","data/archive/Romanticism/francisco-goya_juan-antonio-llorente.jpg"
"francisco-goya_lunatic-behind-bars-1828","Lunatic behind bars 1828","Francisco Goya","Romanticism","data/archive/Romanticism/francisco-goya_lunatic-behind-bars-1828.jpg"
"francisco-goya_not-for-those-1814","Not for those 1814","Francisco Goya","Romanticism","data/archive/Romanticism/francisco-goya_not-for-those-1814.jpg"
"francisco-goya_pilgrimage-to-the-church-of-san-isidro-1788","Pilgrimage to the church of san isidro 1788","Francisco Goya","Romanticism","data/archive/Romanticism/francisco-goya_pilgrimage-to-the-church-of-san-isidro-1788.jpg"
"francisco-goya_portrait-of-the-actor-isidro-meiquez","Portrait of the actor isidro meiquez","Francisco Goya","Romanticism","data/archive/Romanticism/francisco-goya_portrait-of-the-actor-isidro-meiquez.jpg"
"francisco-goya_ridiculous-dream","Ridiculous dream","Francisco Goya","Romanticism","data/archive/Romanticism/francisco-goya_ridiculous-dream.jpg"
"francisco-goya_self-portrait-1815","Self portrait 1815","Francisco Goya","Romanticism","data/archive/Romanticism/francisco-goya_self-portrait-1815.jpg"
"francisco-goya_squealers-1799","Squealers 1799","Francisco Goya","Romanticism","data/archive/Romanticism/francisco-goya_squealers-1799.jpg"
"francisco-goya_the-arrest-of-christ-1798","The arrest of christ 1798","Francisco Goya","Romanticism","data/archive/Romanticism/francisco-goya_the-arrest-of-christ-1798.jpg"
"francisco-goya_the-duchess-of-alba-1797","The duchess of alba 1797","Francisco Goya","Romanticism","data/archive/Romanticism/francisco-goya_the-duchess-of-alba-1797.jpg"
"francisco-goya_the-ill-matched-couple","The ill matched couple","Francisco Goya","Romanticism","data/archive/Romanticism/francisco-goya_the-ill-matched-couple.jpg"
"francisco-goya_the-old-woman-with-a-mirror","The old woman with a mirror","Francisco Goya","Romanticism","data/archive/Romanticism/francisco-goya_the-old-woman-with-a-mirror.jpg"
"francisco-goya_the-straw-manikin-1792","The straw manikin 1792","Francisco Goya","Romanticism","data/archive/Romanticism/francisco-goya_the-straw-manikin-1792.jpg"
"francisco-goya_they-say-yes-and-give-their-hand-to-the-first-comer-1799","They say yes and give their hand to the first comer 1799","Francisco Goya","Romanticism","data/archive/Romanticism/francisco-goya_they-say-yes-and-give-their-hand-to-the-first-comer-1799.jpg"
"francisco-goya_truth-rescued-by-time-witnessed-by-history-1814","Truth rescued by time witnessed by history 1814","Francisco Goya","Romanticism","data/archive/Romanticism/francisco-goya_truth-rescued-by-time-witnessed-by-history-1814.jpg"
"francisco-goya_when-day-breaks-we-will-be-off-1799","When day breaks we will be off 1799","Francisco Goya","Romanticism","data/archive/Romanticism/francisco-goya_when-day-breaks-we-will-be-off-1799.jpg"
"francisco-goya_young-people-laughing-1823","Young people laughing 1823","Francisco Goya","Romanticism","data/archive/Romanticism/francisco-goya_young-people-laughing-1823.jpg"
"franz-richard-unterberger_motio-of-lake-garda","Motio of lake garda","Franz Richard Unterberger","Romanticism","data/archive/Romanticism/franz-richard-unterberger_motio-of-lake-garda.jpg"
"franz-richard-unterberger_the-view-from-the-balcony","The view from the balcony","Franz Richard Unterberger","Romanticism","data/archive/Romanticism/franz-richard-unterberger_the-view-from-the-balcony.jpg"
"franz-xaver-winterhalter_roman-genre-scene","Roman genre scene","Franz Xaver Winterhalter","Romanticism","data/archive/Romanticism/franz-xaver-winterhalter_roman-genre-scene.jpg"
"frederic-edwin-church_parthenon-1869","Parthenon 1869","Frederic Edwin Church","Romanticism","data/archive/Romanticism/frederic-edwin-church_parthenon-1869.jpg"
"fyodor-bronnikov_in-the-family-1856","In the family 1856","Fyodor Bronnikov","Romanticism","data/archive/Romanticism/fyodor-bronnikov_in-the-family-1856.jpg"
"fyodor-bronnikov_portrait-of-an-old-man-in-a-crimson-dress-1881","Portrait of an old man in a crimson dress 1881","Fyodor Bronnikov","Romanticism","data/archive/Romanticism/fyodor-bronnikov_portrait-of-an-old-man-in-a-crimson-dress-1881.jpg"
"fyodor-bronnikov_street-in-italy-1890","Street in italy 1890","Fyodor Bronnikov","Romanticism","data/archive/Romanticism/fyodor-bronnikov_street-in-italy-1890.jpg"
"fyodor-solntsev_from-portrait-of-the-nun-martha-ivanovna","From portrait of the nun martha ivanovna","Fyodor Solntsev","Romanticism","data/archive/Romanticism/fyodor-solntsev_from-portrait-of-the-nun-martha-ivanovna.jpg"
"fyodor-solntsev_people-clothes-the-province-of-kiev","People clothes the province of kiev","Fyodor Solntsev","Romanticism","data/archive/Romanticism/fyodor-solntsev_people-clothes-the-province-of-kiev.jpg"
"george-frederick-watts_choosing(1)","Choosing(1)","George Frederick Watts","Romanticism","data/archive/Romanticism/george-frederick-watts_choosing(1).jpg"
"george-frederick-watts_may-prinsep-1867(1)","May prinsep 1867(1)","George Frederick Watts","Romanticism","data/archive/Romanticism/george-frederick-watts_may-prinsep-1867(1).jpg"
"george-frederick-watts_thames","Thames","George Frederick Watts","Romanticism","data/archive/Romanticism/george-frederick-watts_thames.jpg"
"george-stubbs_cattle-by-a-stream","Cattle by a stream","George Stubbs","Romanticism","data/archive/Romanticism/george-stubbs_cattle-by-a-stream.jpg"
"george-stubbs_horse-attacked-by-a-lion","Horse attacked by a lion","George Stubbs","Romanticism","data/archive/Romanticism/george-stubbs_horse-attacked-by-a-lion.jpg"
"george-stubbs_melbourne-and-milbanke-families","Melbourne and milbanke families","George Stubbs","Romanticism","data/archive/Romanticism/george-stubbs_melbourne-and-milbanke-families.jpg"
"george-stubbs_sleeping-leopard-1777","Sleeping leopard 1777","George Stubbs","Romanticism","data/archive/Romanticism/george-stubbs_sleeping-leopard-1777.jpg"
"gheorghe-tattarescu_flor-reas","Flor reas","Gheorghe Tattarescu","Romanticism","data/archive/Romanticism/gheorghe-tattarescu_flor-reas.jpg"
"gheorghe-tattarescu_sailor","Sailor","Gheorghe Tattarescu","Romanticism","data/archive/Romanticism/gheorghe-tattarescu_sailor.jpg"
"gustave-dore_a-canyon-1878","A canyon 1878","Gustave Dore","Romanticism","data/archive/Romanticism/gustave-dore_a-canyon-1878.jpg"
"gustave-dore_adam-and-eve-are-driven-out-of-eden","Adam and eve are driven out of eden","Gustave Dore","Romanticism","data/archive/Romanticism/gustave-dore_adam-and-eve-are-driven-out-of-eden.jpg"
"gustave-dore_arachne","Arachne","Gustave Dore","Romanticism","data/archive/Romanticism/gustave-dore_arachne.jpg"
"gustave-dore_beatrice-virgil","Beatrice virgil","Gustave Dore","Romanticism","data/archive/Romanticism/gustave-dore_beatrice-virgil.jpg"
"gustave-dore_christ-presented-to-the-people","Christ presented to the people","Gustave Dore","Romanticism","data/archive/Romanticism/gustave-dore_christ-presented-to-the-people.jpg"
"gustave-dore_cyrus-restores-the-vessels-of-the-temple","Cyrus restores the vessels of the temple","Gustave Dore","Romanticism","data/archive/Romanticism/gustave-dore_cyrus-restores-the-vessels-of-the-temple.jpg"
"gustave-dore_death-of-baldwin-i-the-latin-king-of-jerusalem-1877","Death of baldwin i the latin king of jerusalem 1877","Gustave Dore","Romanticism","data/archive/Romanticism/gustave-dore_death-of-baldwin-i-the-latin-king-of-jerusalem-1877.jpg"
"gustave-dore_don-quixote-103","Don quixote 103","Gustave Dore","Romanticism","data/archive/Romanticism/gustave-dore_don-quixote-103.jpg"
"gustave-dore_don-quixote-118","Don quixote 118","Gustave Dore","Romanticism","data/archive/Romanticism/gustave-dore_don-quixote-118.jpg"
"gustave-dore_don-quixote-132","Don quixote 132","Gustave Dore","Romanticism","data/archive/Romanticism/gustave-dore_don-quixote-132.jpg"
"gustave-dore_don-quixote-147","Don quixote 147","Gustave Dore","Romanticism","data/archive/Romanticism/gustave-dore_don-quixote-147.jpg"
"gustave-dore_don-quixote-23","Don quixote 23","Gustave Dore","Romanticism","data/archive/Romanticism/gustave-dore_don-quixote-23.jpg"
"gustave-dore_don-quixote-38","Don quixote 38","Gustave Dore","Romanticism","data/archive/Romanticism/gustave-dore_don-quixote-38.jpg"
"gustave-dore_don-quixote-52","Don quixote 52","Gustave Dore","Romanticism","data/archive/Romanticism/gustave-dore_don-quixote-52.jpg"
"gustave-dore_don-quixote-67","Don quixote 67","Gustave Dore","Romanticism","data/archive/Romanticism/gustave-dore_don-quixote-67.jpg"
"gustave-dore_don-quixote-81","Don quixote 81","Gustave Dore","Romanticism","data/archive/Romanticism/gustave-dore_don-quixote-81.jpg"
"gustave-dore_don-quixote-96","Don quixote 96","Gustave Dore","Romanticism","data/archive/Romanticism/gustave-dore_don-quixote-96.jpg"
"gustave-dore_enthusiasm-of-crusaders-at-the-first-view-of-jerusalem","Enthusiasm of crusaders at the first view of jerusalem","Gustave Dore","Romanticism","data/archive/Romanticism/gustave-dore_enthusiasm-of-crusaders-at-the-first-view-of-jerusalem.jpg"
"gustave-dore_forthwith-upright-he-rears-from-off-the-pool-his-mighty-stature","Forthwith upright he rears from off the pool his mighty stature","Gustave Dore","Romanticism","data/archive/Romanticism/gustave-dore_forthwith-upright-he-rears-from-off-the-pool-his-mighty-stature.jpg"
"gustave-dore_godfrey-meets-the-remains-of-the-army-of-peter-the-hermit","Godfrey meets the remains of the army of peter the hermit","Gustave Dore","Romanticism","data/archive/Romanticism/gustave-dore_godfrey-meets-the-remains-of-the-army-of-peter-the-hermit.jpg"
"gustave-dore_houndsditch-1872","Houndsditch 1872","Gustave Dore","Romanticism","data/archive/Romanticism/gustave-dore_houndsditch-1872.jpg"
"gustave-dore_idylls-of-the-king-8","Idylls of the king 8","Gustave Dore","Romanticism","data/archive/Romanticism/gustave-dore_idylls-of-the-king-8.jpg"
"gustave-dore_jacob-and-esau-meet","Jacob and esau meet","Gustave Dore","Romanticism","data/archive/Romanticism/gustave-dore_jacob-and-esau-meet.jpg"
"gustave-dore_orlando-furioso-1","Orlando furioso 1","Gustave Dore","Romanticism","data/archive/Romanticism/gustave-dore_orlando-furioso-1.jpg"
"gustave-dore_paradise-lost-1","Paradise lost 1","Gustave Dore","Romanticism","data/archive/Romanticism/gustave-dore_paradise-lost-1.jpg"
"gustave-dore_people-mourn-over-the-destruction-of-jerusalem","People mourn over the destruction of jerusalem","Gustave Dore","Romanticism","data/archive/Romanticism/gustave-dore_people-mourn-over-the-destruction-of-jerusalem.jpg"
"gustave-dore_queen-vashti-refuses-to-obey-ahasuerus-command","Queen vashti refuses to obey ahasuerus command","Gustave Dore","Romanticism","data/archive/Romanticism/gustave-dore_queen-vashti-refuses-to-obey-ahasuerus-command.jpg"
"gustave-dore_sapia","Sapia","Gustave Dore","Romanticism","data/archive/Romanticism/gustave-dore_sapia.jpg"
"gustave-dore_slaughter-of-the-sons-of-zedekiah-before-their-father-1866","Slaughter of the sons of zedekiah before their father 1866","Gustave Dore","Romanticism","data/archive/Romanticism/gustave-dore_slaughter-of-the-sons-of-zedekiah-before-their-father-1866.jpg"
"gustave-dore_st-peter-and-st-john-at-beautiful-gate","St peter and st john at beautiful gate","Gustave Dore","Romanticism","data/archive/Romanticism/gustave-dore_st-peter-and-st-john-at-beautiful-gate.jpg"
"gustave-dore_the-annunciation","The annunciation","Gustave Dore","Romanticism","data/archive/Romanticism/gustave-dore_the-annunciation.jpg"
"gustave-dore_the-battle-of-dorylaeum","The battle of dorylaeum","Gustave Dore","Romanticism","data/archive/Romanticism/gustave-dore_the-battle-of-dorylaeum.jpg"
"gustave-dore_the-christian-martyrs","The christian martyrs","Gustave Dore","Romanticism","data/archive/Romanticism/gustave-dore_the-christian-martyrs.jpg"
"gustave-dore_the-crusaders-war-machinery-1877","The crusaders war machinery 1877","Gustave Dore","Romanticism","data/archive/Romanticism/gustave-dore_the-crusaders-war-machinery-1877.jpg"
"gustave-dore_the-departure","The departure","Gustave Dore","Romanticism","data/archive/Romanticism/gustave-dore_the-departure.jpg"
"gustave-dore_the-empyrean","The empyrean","Gustave Dore","Romanticism","data/archive/Romanticism/gustave-dore_the-empyrean.jpg"
"gustave-dore_the-gleaners","The gleaners","Gustave Dore","Romanticism","data/archive/Romanticism/gustave-dore_the-gleaners.jpg"
"gustave-dore_the-inferno-canto-12-2","The inferno canto 12 2","Gustave Dore","Romanticism","data/archive/Romanticism/gustave-dore_the-inferno-canto-12-2.jpg"
"gustave-dore_the-inferno-canto-31","The inferno canto 31","Gustave Dore","Romanticism","data/archive/Romanticism/gustave-dore_the-inferno-canto-31.jpg"
"gustave-dore_the-inferno-canto-7","The inferno canto 7","Gustave Dore","Romanticism","data/archive/Romanticism/gustave-dore_the-inferno-canto-7.jpg"
"gustave-dore_the-lion","The lion","Gustave Dore","Romanticism","data/archive/Romanticism/gustave-dore_the-lion.jpg"
"gustave-dore_the-ogre-received-him-as-civilly-as-an-ogre-can","The ogre received him as civilly as an ogre can","Gustave Dore","Romanticism","data/archive/Romanticism/gustave-dore_the-ogre-received-him-as-civilly-as-an-ogre-can.jpg"
"gustave-dore_the-punishment-of-the-simonists","The punishment of the simonists","Gustave Dore","Romanticism","data/archive/Romanticism/gustave-dore_the-punishment-of-the-simonists.jpg"
"gustave-dore_the-siege-of-ptolemais-1","The siege of ptolemais 1","Gustave Dore","Romanticism","data/archive/Romanticism/gustave-dore_the-siege-of-ptolemais-1.jpg"
"gustave-dore_the-tower-of-babel","The tower of babel","Gustave Dore","Romanticism","data/archive/Romanticism/gustave-dore_the-tower-of-babel.jpg"
"gustave-dore_the-wise-men-guided-by-the-star","The wise men guided by the star","Gustave Dore","Romanticism","data/archive/Romanticism/gustave-dore_the-wise-men-guided-by-the-star.jpg"
"gustave-dore_two-hundred-knights-attack-twenty-thousand-saracens","Two hundred knights attack twenty thousand saracens","Gustave Dore","Romanticism","data/archive/Romanticism/gustave-dore_two-hundred-knights-attack-twenty-thousand-saracens.jpg"
"gustave-dore_zechariah","Zechariah","Gustave Dore","Romanticism","data/archive/Romanticism/gustave-dore_zechariah.jpg"
"gustave-moreau_study-for-the-head-of-oedipus","Study for the head of oedipus","Gustave Moreau","Romanticism","data/archive/Romanticism/gustave-moreau_study-for-the-head-of-oedipus.jpg"
"henry-raeburn_john-home","John home","Henry Raeburn","Romanticism","data/archive/Romanticism/henry-raeburn_john-home.jpg"
"henry-raeburn_portrait-of-david-anderson","Portrait of david anderson","Henry Raeburn","Romanticism","data/archive/Romanticism/henry-raeburn_portrait-of-david-anderson.jpg"
"henry-raeburn_portrait-of-the-binning-children","Portrait of the binning children","Henry Raeburn","Romanticism","data/archive/Romanticism/henry-raeburn_portrait-of-the-binning-children.jpg"
"henryk-siemiradzki_burial-of-alexander-nevsky","Burial of alexander nevsky","Henryk Siemiradzki","Romanticism","data/archive/Romanticism/henryk-siemiradzki_burial-of-alexander-nevsky.jpg"
"henryk-siemiradzki_road-from-rome-to-albano","Road from rome to albano","Henryk Siemiradzki","Romanticism","data/archive/Romanticism/henryk-siemiradzki_road-from-rome-to-albano.jpg"
"ivan-aivazovsky_after-the-storm","After the storm","Ivan Aivazovsky","Romanticism","data/archive/Romanticism/ivan-aivazovsky_after-the-storm.jpg"
"ivan-aivazovsky_battle-of-cesme-at-night-1848","Battle of cesme at night 1848","Ivan Aivazovsky","Romanticism","data/archive/Romanticism/ivan-aivazovsky_battle-of-cesme-at-night-1848.jpg"
"ivan-aivazovsky_byron-in-venice","Byron in venice","Ivan Aivazovsky","Romanticism","data/archive/Romanticism/ivan-aivazovsky_byron-in-venice.jpg"
"ivan-aivazovsky_chumaks-waggons-1862","Chumaks waggons 1862","Ivan Aivazovsky","Romanticism","data/archive/Romanticism/ivan-aivazovsky_chumaks-waggons-1862.jpg"
"ivan-aivazovsky_crimean-view-ayu-dag-1865","Crimean view ayu dag 1865","Ivan Aivazovsky","Romanticism","data/archive/Romanticism/ivan-aivazovsky_crimean-view-ayu-dag-1865.jpg"
"ivan-aivazovsky_evening-at-sea","Evening at sea","Ivan Aivazovsky","Romanticism","data/archive/Romanticism/ivan-aivazovsky_evening-at-sea.jpg"
"ivan-aivazovsky_fleeing-from-the-storm-1872","Fleeing from the storm 1872","Ivan Aivazovsky","Romanticism","data/archive/Romanticism/ivan-aivazovsky_fleeing-from-the-storm-1872.jpg"
"ivan-aivazovsky_harbor-1850","Harbor 1850","Ivan Aivazovsky","Romanticism","data/archive/Romanticism/ivan-aivazovsky_harbor-1850.jpg"
"ivan-aivazovsky_jesus-walks-on-water-1888","Jesus walks on water 1888","Ivan Aivazovsky","Romanticism","data/archive/Romanticism/ivan-aivazovsky_jesus-walks-on-water-1888.jpg"
"ivan-aivazovsky_lunar-night-1862","Lunar night 1862","Ivan Aivazovsky","Romanticism","data/archive/Romanticism/ivan-aivazovsky_lunar-night-1862.jpg"
"ivan-aivazovsky_meeting-of-the-brig-mercury-with-the-russian-squadron-after-the-defeat-of-two-turkish-1848","Meeting of the brig mercury with the russian squadron after the defeat of two turkish 1848","Ivan Aivazovsky","Romanticism","data/archive/Romanticism/ivan-aivazovsky_meeting-of-the-brig-mercury-with-the-russian-squadron-after-the-defeat-of-two-turkish-1848.jpg"
"ivan-aivazovsky_moonlit-seascape-with-shipwreck-1863","Moonlit seascape with shipwreck 1863","Ivan Aivazovsky","Romanticism","data/archive/Romanticism/ivan-aivazovsky_moonlit-seascape-with-shipwreck-1863.jpg"
"ivan-aivazovsky_neva","Neva","Ivan Aivazovsky","Romanticism","data/archive/Romanticism/ivan-aivazovsky_neva.jpg"
"ivan-aivazovsky_on-the-island-of-crete-1867","On the island of crete 1867","Ivan Aivazovsky","Romanticism","data/archive/Romanticism/ivan-aivazovsky_on-the-island-of-crete-1867.jpg"
"ivan-aivazovsky_portrait-of-gabriel-aivazian-the-artist-s-brother-1883","Portrait of gabriel aivazian the artist s brother 1883","Ivan Aivazovsky","Romanticism","data/archive/Romanticism/ivan-aivazovsky_portrait-of-gabriel-aivazian-the-artist-s-brother-1883.jpg"
"ivan-aivazovsky_range-of-the-caucasus-mountains-1869","Range of the caucasus mountains 1869","Ivan Aivazovsky","Romanticism","data/archive/Romanticism/ivan-aivazovsky_range-of-the-caucasus-mountains-1869.jpg"
"ivan-aivazovsky_sailing-in-a-storm-1881","Sailing in a storm 1881","Ivan Aivazovsky","Romanticism","data/archive/Romanticism/ivan-aivazovsky_sailing-in-a-storm-1881.jpg"
"ivan-aivazovsky_sea-4","Sea 4","Ivan Aivazovsky","Romanticism","data/archive/Romanticism/ivan-aivazovsky_sea-4.jpg"
"ivan-aivazovsky_sea-coast-farewell-1868","Sea coast farewell 1868","Ivan Aivazovsky","Romanticism","data/archive/Romanticism/ivan-aivazovsky_sea-coast-farewell-1868.jpg"
"ivan-aivazovsky_sea-view","Sea view","Ivan Aivazovsky","Romanticism","data/archive/Romanticism/ivan-aivazovsky_sea-view.jpg"
"ivan-aivazovsky_seascape","Seascape","Ivan Aivazovsky","Romanticism","data/archive/Romanticism/ivan-aivazovsky_seascape.jpg"
"ivan-aivazovsky_ship-in-a-storm-1887","Ship in a storm 1887","Ivan Aivazovsky","Romanticism","data/archive/Romanticism/ivan-aivazovsky_ship-in-a-storm-1887.jpg"
"ivan-aivazovsky_shipwreck-of-lefort-1858","Shipwreck of lefort 1858","Ivan Aivazovsky","Romanticism","data/archive/Romanticism/ivan-aivazovsky_shipwreck-of-lefort-1858.jpg"
"ivan-aivazovsky_stormy-sea-1868","Stormy sea 1868","Ivan Aivazovsky","Romanticism","data/archive/Romanticism/ivan-aivazovsky_stormy-sea-1868.jpg"
"ivan-aivazovsky_sunset-at-the-crimean-coast-1856","Sunset at the crimean coast 1856","Ivan Aivazovsky","Romanticism","data/archive/Romanticism/ivan-aivazovsky_sunset-at-the-crimean-coast-1856.jpg"
"ivan-aivazovsky_tempest-above-evpatoriya-1861","Tempest above evpatoriya 1861","Ivan Aivazovsky","Romanticism","data/archive/Romanticism/ivan-aivazovsky_tempest-above-evpatoriya-1861.jpg"
"ivan-aivazovsky_the-bay-of-naples-at-moonlit-night-1842","The bay of naples at moonlit night 1842","Ivan Aivazovsky","Romanticism","data/archive/Romanticism/ivan-aivazovsky_the-bay-of-naples-at-moonlit-night-1842.jpg"
"ivan-aivazovsky_the-black-sea","The black sea","Ivan Aivazovsky","Romanticism","data/archive/Romanticism/ivan-aivazovsky_the-black-sea.jpg"
"ivan-aivazovsky_the-monastery-of-george-cape-fiolent-1846","The monastery of george cape fiolent 1846","Ivan Aivazovsky","Romanticism","data/archive/Romanticism/ivan-aivazovsky_the-monastery-of-george-cape-fiolent-1846.jpg"
"ivan-aivazovsky_the-ship-thrown-on-the-rocks-1874","The ship thrown on the rocks 1874","Ivan Aivazovsky","Romanticism","data/archive/Romanticism/ivan-aivazovsky_the-ship-thrown-on-the-rocks-1874.jpg"
"ivan-aivazovsky_the-shipwreck-on-northern-sea-1875","The shipwreck on northern sea 1875","Ivan Aivazovsky","Romanticism","data/archive/Romanticism/ivan-aivazovsky_the-shipwreck-on-northern-sea-1875.jpg"
"ivan-aivazovsky_the-varangians-on-the-dnieper-1876","The varangians on the dnieper 1876","Ivan Aivazovsky","Romanticism","data/archive/Romanticism/ivan-aivazovsky_the-varangians-on-the-dnieper-1876.jpg"
"ivan-aivazovsky_venice-1844","Venice 1844","Ivan Aivazovsky","Romanticism","data/archive/Romanticism/ivan-aivazovsky_venice-1844.jpg"
"ivan-aivazovsky_view-of-feodosiya-1845","View of feodosiya 1845","Ivan Aivazovsky","Romanticism","data/archive/Romanticism/ivan-aivazovsky_view-of-feodosiya-1845.jpg"
"ivan-aivazovsky_view-of-the-golden-horn","View of the golden horn","Ivan Aivazovsky","Romanticism","data/archive/Romanticism/ivan-aivazovsky_view-of-the-golden-horn.jpg"
"ivan-aivazovsky_wave-1889","Wave 1889","Ivan Aivazovsky","Romanticism","data/archive/Romanticism/ivan-aivazovsky_wave-1889.jpg"
"jacek-malczewski_painter-s-inspiration-1897","Painter s inspiration 1897","Jacek Malczewski","Romanticism","data/archive/Romanticism/jacek-malczewski_painter-s-inspiration-1897.jpg"
"jan-matejko_augustus-ii-the-strong-1","Augustus ii the strong 1","Jan Matejko","Romanticism","data/archive/Romanticism/jan-matejko_augustus-ii-the-strong-1.jpg"
"jan-matejko_battle-of-grunwald-jan-zizka-detail","Battle of grunwald jan zizka detail","Jan Matejko","Romanticism","data/archive/Romanticism/jan-matejko_battle-of-grunwald-jan-zizka-detail.jpg"
"jan-matejko_boleslaw-v-the-chaste","Boleslaw v the chaste","Jan Matejko","Romanticism","data/archive/Romanticism/jan-matejko_boleslaw-v-the-chaste.jpg"
"jan-matejko_czartoryska","Czartoryska","Jan Matejko","Romanticism","data/archive/Romanticism/jan-matejko_czartoryska.jpg"
"jan-matejko_helena-sparrowhawk","Helena sparrowhawk","Jan Matejko","Romanticism","data/archive/Romanticism/jan-matejko_helena-sparrowhawk.jpg"
"jan-matejko_jan-olbracht","Jan olbracht","Jan Matejko","Romanticism","data/archive/Romanticism/jan-matejko_jan-olbracht.jpg"
"jan-matejko_king-stefan-batory","King stefan batory","Jan Matejko","Romanticism","data/archive/Romanticism/jan-matejko_king-stefan-batory.jpg"
"jan-matejko_matejko-jadwiga","Matejko jadwiga","Jan Matejko","Romanticism","data/archive/Romanticism/jan-matejko_matejko-jadwiga.jpg"
"jan-matejko_peter-moszynski","Peter moszynski","Jan Matejko","Romanticism","data/archive/Romanticism/jan-matejko_peter-moszynski.jpg"
"jan-matejko_samuel-zborowski","Samuel zborowski","Jan Matejko","Romanticism","data/archive/Romanticism/jan-matejko_samuel-zborowski.jpg"
"jan-matejko_sobieski-sending-message-of-victory-to-the-pope","Sobieski sending message of victory to the pope","Jan Matejko","Romanticism","data/archive/Romanticism/jan-matejko_sobieski-sending-message-of-victory-to-the-pope.jpg"
"jan-matejko_the-fall-of-poland-1866","The fall of poland 1866","Jan Matejko","Romanticism","data/archive/Romanticism/jan-matejko_the-fall-of-poland-1866.jpg"
"jan-matejko_wenceslaus-ii","Wenceslaus ii","Jan Matejko","Romanticism","data/archive/Romanticism/jan-matejko_wenceslaus-ii.jpg"
"jan-matejko_wladyslaw-white-in-dijon-1867","Wladyslaw white in dijon 1867","Jan Matejko","Romanticism","data/archive/Romanticism/jan-matejko_wladyslaw-white-in-dijon-1867.jpg"
"jean-leon-gerome_nominor-leo","Nominor leo","Jean Leon Gerome","Romanticism","data/archive/Romanticism/jean-leon-gerome_nominor-leo.jpg"
"jehan-georges-vibert_an-afternoon-libation","An afternoon libation","Jehan Georges Vibert","Romanticism","data/archive/Romanticism/jehan-georges-vibert_an-afternoon-libation.jpg"
"johan-christian-dahl_frederiksborg-castle-1814","Frederiksborg castle 1814","Johan Christian Dahl","Romanticism","data/archive/Romanticism/johan-christian-dahl_frederiksborg-castle-1814.jpg"
"johann-koler_herakles-toob-kerberose-p-rguv-ravast-1855","Herakles toob kerberose p rguv ravast 1855","Johann Koler","Romanticism","data/archive/Romanticism/johann-koler_herakles-toob-kerberose-p-rguv-ravast-1855.jpg"
"john-atkinson-grimshaw_a-mossy-glen","A mossy glen","John Atkinson Grimshaw","Romanticism","data/archive/Romanticism/john-atkinson-grimshaw_a-mossy-glen.jpg"
"john-atkinson-grimshaw_bowder-stone-borrowdale","Bowder stone borrowdale","John Atkinson Grimshaw","Romanticism","data/archive/Romanticism/john-atkinson-grimshaw_bowder-stone-borrowdale.jpg"
"john-atkinson-grimshaw_knostrop-hall-early-morning","Knostrop hall early morning","John Atkinson Grimshaw","Romanticism","data/archive/Romanticism/john-atkinson-grimshaw_knostrop-hall-early-morning.jpg"
"john-atkinson-grimshaw_october-gold-1889","October gold 1889","John Atkinson Grimshaw","Romanticism","data/archive/Romanticism/john-atkinson-grimshaw_october-gold-1889.jpg"
"john-atkinson-grimshaw_the-butterfly","The butterfly","John Atkinson Grimshaw","Romanticism","data/archive/Romanticism/john-atkinson-grimshaw_the-butterfly.jpg"
"john-atkinson-grimshaw_under-the-harvest-moon-1872","Under the harvest moon 1872","John Atkinson Grimshaw","Romanticism","data/archive/Romanticism/john-atkinson-grimshaw_under-the-harvest-moon-1872.jpg"
"john-collier_a-glass-of-wine-with-caesar-borgia-1893","A glass of wine with caesar borgia 1893","John Collier","Romanticism","data/archive/Romanticism/john-collier_a-glass-of-wine-with-caesar-borgia-1893.jpg"
"john-collier_the-death-of-cleopatra-1910","The death of cleopatra 1910","John Collier","Romanticism","data/archive/Romanticism/john-collier_the-death-of-cleopatra-1910.jpg"
"john-constable_a-mill-at-gillingham-in-dorset","A mill at gillingham in dorset","John Constable","Romanticism","data/archive/Romanticism/john-constable_a-mill-at-gillingham-in-dorset.jpg"
"john-constable_coast-scene-with-breaking-cloud-sun","Coast scene with breaking cloud sun","John Constable","Romanticism","data/archive/Romanticism/john-constable_coast-scene-with-breaking-cloud-sun.jpg"
"john-constable_golding-constable-s-kitchen-garden-1815","Golding constable s kitchen garden 1815","John Constable","Romanticism","data/archive/Romanticism/john-constable_golding-constable-s-kitchen-garden-1815.jpg"
"john-constable_nuvens","Nuvens","John Constable","Romanticism","data/archive/Romanticism/john-constable_nuvens.jpg"
"john-constable_sketch-for-the-leaping-horse-1824","Sketch for the leaping horse 1824","John Constable","Romanticism","data/archive/Romanticism/john-constable_sketch-for-the-leaping-horse-1824.jpg"
"john-constable_the-grove-or-admiral-s-house-1822","The grove or admiral s house 1822","John Constable","Romanticism","data/archive/Romanticism/john-constable_the-grove-or-admiral-s-house-1822.jpg"
"john-constable_view-at-epsom-1809","View at epsom 1809","John Constable","Romanticism","data/archive/Romanticism/john-constable_view-at-epsom-1809.jpg"
"john-crome_a-castle-in-ruins-morning","A castle in ruins morning","John Crome","Romanticism","data/archive/Romanticism/john-crome_a-castle-in-ruins-morning.jpg"
"john-crome_grove-scene-1820","Grove scene 1820","John Crome","Romanticism","data/archive/Romanticism/john-crome_grove-scene-1820.jpg"
"john-crome_slate-quarries-1805","Slate quarries 1805","John Crome","Romanticism","data/archive/Romanticism/john-crome_slate-quarries-1805.jpg"
"john-crome_view-on-mousehold-heath-near-norwich-1812","View on mousehold heath near norwich 1812","John Crome","Romanticism","data/archive/Romanticism/john-crome_view-on-mousehold-heath-near-norwich-1812.jpg"
"john-everett-millais_cymon-and-iphigenia-1851","Cymon and iphigenia 1851","John Everett Millais","Romanticism","data/archive/Romanticism/john-everett-millais_cymon-and-iphigenia-1851.jpg"
"john-everett-millais_portia","Portia","John Everett Millais","Romanticism","data/archive/Romanticism/john-everett-millais_portia.jpg"
"john-everett-millais_the-return-of-the-dove-to-the-ark","The return of the dove to the ark","John Everett Millais","Romanticism","data/archive/Romanticism/john-everett-millais_the-return-of-the-dove-to-the-ark.jpg"
"john-hoppner_little-girl-by-the-sea","Little girl by the sea","John Hoppner","Romanticism","data/archive/Romanticism/john-hoppner_little-girl-by-the-sea.jpg"
"john-hoppner_portrait-of-george-iv-when-prince-of-wales-1796","Portrait of george iv when prince of wales 1796","John Hoppner","Romanticism","data/archive/Romanticism/john-hoppner_portrait-of-george-iv-when-prince-of-wales-1796.jpg"
"john-hoppner_the-bowden-children-1803","The bowden children 1803","John Hoppner","Romanticism","data/archive/Romanticism/john-hoppner_the-bowden-children-1803.jpg"
"john-roddam-spencer-stanhope_penelope-1849","Penelope 1849","John Roddam Spencer Stanhope","Romanticism","data/archive/Romanticism/john-roddam-spencer-stanhope_penelope-1849.jpg"
"john-trumbull_general-george-washington-resigning-his-commission-1817","General george washington resigning his commission 1817","John Trumbull","Romanticism","data/archive/Romanticism/john-trumbull_general-george-washington-resigning-his-commission-1817.jpg"
"john-william-waterhouse_a-mermaid-1900","A mermaid 1900","John William Waterhouse","Romanticism","data/archive/Romanticism/john-william-waterhouse_a-mermaid-1900.jpg"
"john-william-waterhouse_destiny-1900","Destiny 1900","John William Waterhouse","Romanticism","data/archive/Romanticism/john-william-waterhouse_destiny-1900.jpg"
"john-william-waterhouse_its-sweet-doing-nothing-1879","Its sweet doing nothing 1879","John William Waterhouse","Romanticism","data/archive/Romanticism/john-william-waterhouse_its-sweet-doing-nothing-1879.jpg"
"john-william-waterhouse_ophelia-1894","Ophelia 1894","John William Waterhouse","Romanticism","data/archive/Romanticism/john-william-waterhouse_ophelia-1894.jpg"
"john-william-waterhouse_sleep-and-his-half-brother-death-1874","Sleep and his half brother death 1874","John William Waterhouse","Romanticism","data/archive/Romanticism/john-william-waterhouse_sleep-and-his-half-brother-death-1874.jpg"
"john-william-waterhouse_the-lady-of-shalott-1888","The lady of shalott 1888","John William Waterhouse","Romanticism","data/archive/Romanticism/john-william-waterhouse_the-lady-of-shalott-1888.jpg"
"john-william-waterhouse_the-visit-of-a-sick-child-to-the-temple-of-aesculapius-1877","The visit of a sick child to the temple of aesculapius 1877","John William Waterhouse","Romanticism","data/archive/Romanticism/john-william-waterhouse_the-visit-of-a-sick-child-to-the-temple-of-aesculapius-1877.jpg"
"joseph-wright_a-view-of-mount-etna-and-a-nearby-town","A view of mount etna and a nearby town","Joseph Wright","Romanticism","data/archive/Romanticism/joseph-wright_a-view-of-mount-etna-and-a-nearby-town.jpg"
"joseph-wright_edwin-from-minstrel-by-dr-beattie","Edwin from minstrel by dr beattie","Joseph Wright","Romanticism","data/archive/Romanticism/joseph-wright_edwin-from-minstrel-by-dr-beattie.jpg"
"joseph-wright_landscape-near-bedgellert","Landscape near bedgellert","Joseph Wright","Romanticism","data/archive/Romanticism/joseph-wright_landscape-near-bedgellert.jpg"
"joseph-wright_portrait-of-the-revd-samuel-rastall-dean-of-killaloe-ireland","Portrait of the revd samuel rastall dean of killaloe ireland","Joseph Wright","Romanticism","data/archive/Romanticism/joseph-wright_portrait-of-the-revd-samuel-rastall-dean-of-killaloe-ireland.jpg"
"joseph-wright_study-of-the-interior-of-glass-house","Study of the interior of glass house","Joseph Wright","Romanticism","data/archive/Romanticism/joseph-wright_study-of-the-interior-of-glass-house.jpg"
"joseph-wright_two-boys-fighting-over-a-bladder-1770","Two boys fighting over a bladder 1770","Joseph Wright","Romanticism","data/archive/Romanticism/joseph-wright_two-boys-fighting-over-a-bladder-1770.jpg"
"karl-bodmer_a-minatarre-or-big-bellied-indian-plate-17-from-volume-2-of-travels-in-the-interior-of-north-1843","A minatarre or big bellied indian plate 17 from volume 2 of travels in the interior of north 1843","Karl Bodmer","Romanticism","data/archive/Romanticism/karl-bodmer_a-minatarre-or-big-bellied-indian-plate-17-from-volume-2-of-travels-in-the-interior-of-north-1843.jpg"
"karl-bodmer_crow-indians-plate-13-from-volume-1-of-travels-in-the-interior-of-north-america-1843","Crow indians plate 13 from volume 1 of travels in the interior of north america 1843","Karl Bodmer","Romanticism","data/archive/Romanticism/karl-bodmer_crow-indians-plate-13-from-volume-1-of-travels-in-the-interior-of-north-america-1843.jpg"
"karl-bodmer_indians-hunting-the-bison-plate-31-from-volume-2-of-travels-in-the-interior-of-north-america-1834","Indians hunting the bison plate 31 from volume 2 of travels in the interior of north america 1834","Karl Bodmer","Romanticism","data/archive/Romanticism/karl-bodmer_indians-hunting-the-bison-plate-31-from-volume-2-of-travels-in-the-interior-of-north-america-1834.jpg"
"karl-bodmer_mehkskeme-sukahs-blackfoot-chief-and-tatsicki-stomick-piekann-chief-plate-45-from-volume1-of-1834","Mehkskeme sukahs blackfoot chief and tatsicki stomick piekann chief plate 45 from volume1 of 1834","Karl Bodmer","Romanticism","data/archive/Romanticism/karl-bodmer_mehkskeme-sukahs-blackfoot-chief-and-tatsicki-stomick-piekann-chief-plate-45-from-volume1-of-1834.jpg"
"karl-bodmer_punka-indians-encamped-on-the-banks-of-the-missouri-plate-11-from-volume-1-of-travels-in-the-1843","Punka indians encamped on the banks of the missouri plate 11 from volume 1 of travels in the 1843","Karl Bodmer","Romanticism","data/archive/Romanticism/karl-bodmer_punka-indians-encamped-on-the-banks-of-the-missouri-plate-11-from-volume-1-of-travels-in-the-1843.jpg"
"karl-bodmer_the-delaware-water-gap","The delaware water gap","Karl Bodmer","Romanticism","data/archive/Romanticism/karl-bodmer_the-delaware-water-gap.jpg"
"karl-bodmer_woman-of-the-cree-tribe-1832","Woman of the cree tribe 1832","Karl Bodmer","Romanticism","data/archive/Romanticism/karl-bodmer_woman-of-the-cree-tribe-1832.jpg"
"karl-bryullov_bivouac-on-a-crater-vesuvius(1)","Bivouac on a crater vesuvius(1)","Karl Bryullov","Romanticism","data/archive/Romanticism/karl-bryullov_bivouac-on-a-crater-vesuvius(1).jpg"
"karl-bryullov_giuseppina-ronzi-de-begnis-1835(1)","Giuseppina ronzi de begnis 1835(1)","Karl Bryullov","Romanticism","data/archive/Romanticism/karl-bryullov_giuseppina-ronzi-de-begnis-1835(1).jpg"
"karl-bryullov_mother-awoken-by-her-crying-child(1)","Mother awoken by her crying child(1)","Karl Bryullov","Romanticism","data/archive/Romanticism/karl-bryullov_mother-awoken-by-her-crying-child(1).jpg"
"karl-bryullov_portrait-of-a-n-lvov(1)","Portrait of a n lvov(1)","Karl Bryullov","Romanticism","data/archive/Romanticism/karl-bryullov_portrait-of-a-n-lvov(1).jpg"
"karl-bryullov_portrait-of-count-v-a-perovsky(1)","Portrait of count v a perovsky(1)","Karl Bryullov","Romanticism","data/archive/Romanticism/karl-bryullov_portrait-of-count-v-a-perovsky(1).jpg"
"karl-bryullov_portrait-of-m-a-beck","Portrait of m a beck","Karl Bryullov","Romanticism","data/archive/Romanticism/karl-bryullov_portrait-of-m-a-beck.jpg"
"karl-bryullov_portrait-of-s-a-sobolevsky-1","Portrait of s a sobolevsky 1","Karl Bryullov","Romanticism","data/archive/Romanticism/karl-bryullov_portrait-of-s-a-sobolevsky-1.jpg"
"karl-bryullov_portrait-of-the-poet-and-playwright-nestor-kukolnic","Portrait of the poet and playwright nestor kukolnic","Karl Bryullov","Romanticism","data/archive/Romanticism/karl-bryullov_portrait-of-the-poet-and-playwright-nestor-kukolnic.jpg"
"karl-bryullov_portrait-of-ye-i-ton-1840","Portrait of ye i ton 1840","Karl Bryullov","Romanticism","data/archive/Romanticism/karl-bryullov_portrait-of-ye-i-ton-1840.jpg"
"karl-bryullov_sophia-bobrinskaya","Sophia bobrinskaya","Karl Bryullov","Romanticism","data/archive/Romanticism/karl-bryullov_sophia-bobrinskaya.jpg"
"konstantin-makovsky_alexander-ii-of-russia","Alexander ii of russia","Konstantin Makovsky","Romanticism","data/archive/Romanticism/konstantin-makovsky_alexander-ii-of-russia.jpg"
"konstantin-makovsky_boyaryshnya-1","Boyaryshnya 1","Konstantin Makovsky","Romanticism","data/archive/Romanticism/konstantin-makovsky_boyaryshnya-1.jpg"
"konstantin-makovsky_cairene","Cairene","Konstantin Makovsky","Romanticism","data/archive/Romanticism/konstantin-makovsky_cairene.jpg"
"konstantin-makovsky_dervishes-in-cairo-1875","Dervishes in cairo 1875","Konstantin Makovsky","Romanticism","data/archive/Romanticism/konstantin-makovsky_dervishes-in-cairo-1875.jpg"
"konstantin-makovsky_female-portrait-7","Female portrait 7","Konstantin Makovsky","Romanticism","data/archive/Romanticism/konstantin-makovsky_female-portrait-7.jpg"
"konstantin-makovsky_girl-with-a-bouquet","Girl with a bouquet","Konstantin Makovsky","Romanticism","data/archive/Romanticism/konstantin-makovsky_girl-with-a-bouquet.jpg"
"konstantin-makovsky_italian-boy","Italian boy","Konstantin Makovsky","Romanticism","data/archive/Romanticism/konstantin-makovsky_italian-boy.jpg"
"konstantin-makovsky_moor","Moor","Konstantin Makovsky","Romanticism","data/archive/Romanticism/konstantin-makovsky_moor.jpg"
"konstantin-makovsky_portrait-11","Portrait 11","Konstantin Makovsky","Romanticism","data/archive/Romanticism/konstantin-makovsky_portrait-11.jpg"
"konstantin-makovsky_portrait-8","Portrait 8","Konstantin Makovsky","Romanticism","data/archive/Romanticism/konstantin-makovsky_portrait-8.jpg"
"konstantin-makovsky_portrait-of-countess-maria-mikhailovna-volkonskaya","Portrait of countess maria mikhailovna volkonskaya","Konstantin Makovsky","Romanticism","data/archive/Romanticism/konstantin-makovsky_portrait-of-countess-maria-mikhailovna-volkonskaya.jpg"
"konstantin-makovsky_portrait-of-ossip-petrov-1870","Portrait of ossip petrov 1870","Konstantin Makovsky","Romanticism","data/archive/Romanticism/konstantin-makovsky_portrait-of-ossip-petrov-1870.jpg"
"konstantin-makovsky_portrait-of-the-count-nikolay-muravyov-amursky","Portrait of the count nikolay muravyov amursky","Konstantin Makovsky","Romanticism","data/archive/Romanticism/konstantin-makovsky_portrait-of-the-count-nikolay-muravyov-amursky.jpg"
"konstantin-makovsky_portrait-of-tradeswoman-e-rastorgueva","Portrait of tradeswoman e rastorgueva","Konstantin Makovsky","Romanticism","data/archive/Romanticism/konstantin-makovsky_portrait-of-tradeswoman-e-rastorgueva.jpg"
"konstantin-makovsky_reading","Reading","Konstantin Makovsky","Romanticism","data/archive/Romanticism/konstantin-makovsky_reading.jpg"
"konstantin-makovsky_strolling-musicians","Strolling musicians","Konstantin Makovsky","Romanticism","data/archive/Romanticism/konstantin-makovsky_strolling-musicians.jpg"
"konstantin-makovsky_turk","Turk","Konstantin Makovsky","Romanticism","data/archive/Romanticism/konstantin-makovsky_turk.jpg"
"lev-lagorio_an-old-tree-1859","An old tree 1859","Lev Lagorio","Romanticism","data/archive/Romanticism/lev-lagorio_an-old-tree-1859.jpg"
"lev-lagorio_in-the-caucasus-1874","In the caucasus 1874","Lev Lagorio","Romanticism","data/archive/Romanticism/lev-lagorio_in-the-caucasus-1874.jpg"
"lev-lagorio_on-the-caucasus-mountains-1879","On the caucasus mountains 1879","Lev Lagorio","Romanticism","data/archive/Romanticism/lev-lagorio_on-the-caucasus-mountains-1879.jpg"
"lev-lagorio_view-of-the-neva-and-peter-and-paul-fortress-1859","View of the neva and peter and paul fortress 1859","Lev Lagorio","Romanticism","data/archive/Romanticism/lev-lagorio_view-of-the-neva-and-peter-and-paul-fortress-1859.jpg"
"louis-janmot_po-me-de-l-me-3-l-ange-et-la-m-re","Po me de l me 3 l ange et la m re","Louis Janmot","Romanticism","data/archive/Romanticism/louis-janmot_po-me-de-l-me-3-l-ange-et-la-m-re.jpg"
"marcus-larson_kustlandskap-med-fartyg-vid-horisonten-1859","Kustlandskap med fartyg vid horisonten 1859","Marcus Larson","Romanticism","data/archive/Romanticism/marcus-larson_kustlandskap-med-fartyg-vid-horisonten-1859.jpg"
"maxim-vorobiev_landscape-with-a-cross-lithuania","Landscape with a cross lithuania","Maxim Vorobiev","Romanticism","data/archive/Romanticism/maxim-vorobiev_landscape-with-a-cross-lithuania.jpg"
"maxim-vorobiev_view-of-moscow","View of moscow","Maxim Vorobiev","Romanticism","data/archive/Romanticism/maxim-vorobiev_view-of-moscow.jpg"
"miklos-barabas_portrait-of-a-woman-1846","Portrait of a woman 1846","Miklos Barabas","Romanticism","data/archive/Romanticism/miklos-barabas_portrait-of-a-woman-1846.jpg"
"miklos-barabas_standing-portrait-of-l-szl-teleki-1861","Standing portrait of l szl teleki 1861","Miklos Barabas","Romanticism","data/archive/Romanticism/miklos-barabas_standing-portrait-of-l-szl-teleki-1861.jpg"
"mykola-pymonenko_haymaking","Haymaking","Mykola Pymonenko","Romanticism","data/archive/Romanticism/mykola-pymonenko_haymaking.jpg"
"n.c.-wyeth_rip-van-winkle-illustration","Rip van winkle illustration","N.c. Wyeth","Romanticism","data/archive/Romanticism/n.c.-wyeth_rip-van-winkle-illustration.jpg"
"nikolai-ge_death-of-virginia-study","Death of virginia study","Nikolai Ge","Romanticism","data/archive/Romanticism/nikolai-ge_death-of-virginia-study.jpg"
"nikolaos-gyzis_carnival-in-athens","Carnival in athens","Nikolaos Gyzis","Romanticism","data/archive/Romanticism/nikolaos-gyzis_carnival-in-athens.jpg"
"orest-kiprensky_anacreon-s-grave-1820","Anacreon s grave 1820","Orest Kiprensky","Romanticism","data/archive/Romanticism/orest-kiprensky_anacreon-s-grave-1820.jpg"
"orest-kiprensky_equestrian-portrait-of-alexander-i-1820","Equestrian portrait of alexander i 1820","Orest Kiprensky","Romanticism","data/archive/Romanticism/orest-kiprensky_equestrian-portrait-of-alexander-i-1820.jpg"
"orest-kiprensky_ivan-krylov-among-artists-1808","Ivan krylov among artists 1808","Orest Kiprensky","Romanticism","data/archive/Romanticism/orest-kiprensky_ivan-krylov-among-artists-1808.jpg"
"orest-kiprensky_neapolitan-girl-with-the-fruits-1831","Neapolitan girl with the fruits 1831","Orest Kiprensky","Romanticism","data/archive/Romanticism/orest-kiprensky_neapolitan-girl-with-the-fruits-1831.jpg"
"orest-kiprensky_portrait-of-a-i-molchanova-with-daughter-1814","Portrait of a i molchanova with daughter 1814","Orest Kiprensky","Romanticism","data/archive/Romanticism/orest-kiprensky_portrait-of-a-i-molchanova-with-daughter-1814.jpg"
"orest-kiprensky_portrait-of-a-young-woman-girl-reading-a-book-1807","Portrait of a young woman girl reading a book 1807","Orest Kiprensky","Romanticism","data/archive/Romanticism/orest-kiprensky_portrait-of-a-young-woman-girl-reading-a-book-1807.jpg"
"orest-kiprensky_portrait-of-an-unknown-woman-in-a-turban-1824","Portrait of an unknown woman in a turban 1824","Orest Kiprensky","Romanticism","data/archive/Romanticism/orest-kiprensky_portrait-of-an-unknown-woman-in-a-turban-1824.jpg"
"orest-kiprensky_portrait-of-ekaterina-aleksandrovna-telesheva-1828-1","Portrait of ekaterina aleksandrovna telesheva 1828 1","Orest Kiprensky","Romanticism","data/archive/Romanticism/orest-kiprensky_portrait-of-ekaterina-aleksandrovna-telesheva-1828-1.jpg"
"orest-kiprensky_portrait-of-grand-duke-michael-pavlovich-of-russia","Portrait of grand duke michael pavlovich of russia","Orest Kiprensky","Romanticism","data/archive/Romanticism/orest-kiprensky_portrait-of-grand-duke-michael-pavlovich-of-russia.jpg"
"orest-kiprensky_portrait-of-konstantin-batyushkov-1815-2","Portrait of konstantin batyushkov 1815 2","Orest Kiprensky","Romanticism","data/archive/Romanticism/orest-kiprensky_portrait-of-konstantin-batyushkov-1815-2.jpg"
"orest-kiprensky_portrait-of-p-basin-1829","Portrait of p basin 1829","Orest Kiprensky","Romanticism","data/archive/Romanticism/orest-kiprensky_portrait-of-p-basin-1829.jpg"
"orest-kiprensky_portrait-of-the-abbot-skarpellini-1821","Portrait of the abbot skarpellini 1821","Orest Kiprensky","Romanticism","data/archive/Romanticism/orest-kiprensky_portrait-of-the-abbot-skarpellini-1821.jpg"
"orest-kiprensky_portrait-of-zinaida-volkonskaya-1829","Portrait of zinaida volkonskaya 1829","Orest Kiprensky","Romanticism","data/archive/Romanticism/orest-kiprensky_portrait-of-zinaida-volkonskaya-1829.jpg"
"orest-kiprensky_standing-sitter-on-the-background-of-red-drapery-1802","Standing sitter on the background of red drapery 1802","Orest Kiprensky","Romanticism","data/archive/Romanticism/orest-kiprensky_standing-sitter-on-the-background-of-red-drapery-1802.jpg"
"osman-hamdi_gun-salesman-1908","Gun salesman 1908","Osman Hamdi","Romanticism","data/archive/Romanticism/osman-hamdi_gun-salesman-1908.jpg"
"paul-cezanne_bathers-1870","Bathers 1870","Paul Cezanne","Romanticism","data/archive/Romanticism/paul-cezanne_bathers-1870.jpg"
"paul-cezanne_l-estaque-under-snow-1870","L estaque under snow 1870","Paul Cezanne","Romanticism","data/archive/Romanticism/paul-cezanne_l-estaque-under-snow-1870.jpg"
"paul-cezanne_pastoral-or-idyll-1870","Pastoral or idyll 1870","Paul Cezanne","Romanticism","data/archive/Romanticism/paul-cezanne_pastoral-or-idyll-1870.jpg"
"paul-cezanne_portrait-of-marie-cezanne-the-artist-s-sister-1867","Portrait of marie cezanne the artist s sister 1867","Paul Cezanne","Romanticism","data/archive/Romanticism/paul-cezanne_portrait-of-marie-cezanne-the-artist-s-sister-1867.jpg"
"paul-cezanne_self-portrait-1864","Self portrait 1864","Paul Cezanne","Romanticism","data/archive/Romanticism/paul-cezanne_self-portrait-1864.jpg"
"paul-cezanne_the-fountain-1872","The fountain 1872","Paul Cezanne","Romanticism","data/archive/Romanticism/paul-cezanne_the-fountain-1872.jpg"
"paul-cezanne_uncle-dominique-as-a-lawyer-1866","Uncle dominique as a lawyer 1866","Paul Cezanne","Romanticism","data/archive/Romanticism/paul-cezanne_uncle-dominique-as-a-lawyer-1866.jpg"
"paul-delaroche_peter-the-great-1838","Peter the great 1838","Paul Delaroche","Romanticism","data/archive/Romanticism/paul-delaroche_peter-the-great-1838.jpg"
"pavel-svinyin_american-landscape","American landscape","Pavel Svinyin","Romanticism","data/archive/Romanticism/pavel-svinyin_american-landscape.jpg"
"pavel-svinyin_merry-making-at-the-wayside-inn-1812","Merry making at the wayside inn 1812","Pavel Svinyin","Romanticism","data/archive/Romanticism/pavel-svinyin_merry-making-at-the-wayside-inn-1812.jpg"
"pavel-svinyin_steamboat-travel-on-the-hudson-river","Steamboat travel on the hudson river","Pavel Svinyin","Romanticism","data/archive/Romanticism/pavel-svinyin_steamboat-travel-on-the-hudson-river.jpg"
"pierre-paul-prudhon_andromache-and-astyanax","Andromache and astyanax","Pierre Paul Prudhon","Romanticism","data/archive/Romanticism/pierre-paul-prudhon_andromache-and-astyanax.jpg"
"pierre-paul-prudhon_justice-and-divine-vengeance-pursuing-crime-1808","Justice and divine vengeance pursuing crime 1808","Pierre Paul Prudhon","Romanticism","data/archive/Romanticism/pierre-paul-prudhon_justice-and-divine-vengeance-pursuing-crime-1808.jpg"
"pierre-paul-prudhon_russian-general-a-i-osterman-tolstoi","Russian general a i osterman tolstoi","Pierre Paul Prudhon","Romanticism","data/archive/Romanticism/pierre-paul-prudhon_russian-general-a-i-osterman-tolstoi.jpg"
"polychronis-lembesis_captain-benes","Captain benes","Polychronis Lembesis","Romanticism","data/archive/Romanticism/polychronis-lembesis_captain-benes.jpg"
"polychronis-lembesis_the-girl-and-the-goat","The girl and the goat","Polychronis Lembesis","Romanticism","data/archive/Romanticism/polychronis-lembesis_the-girl-and-the-goat.jpg"
"richard-parkes-bonington_french-river-scene-with-fishing-boats-1824","French river scene with fishing boats 1824","Richard Parkes Bonington","Romanticism","data/archive/Romanticism/richard-parkes-bonington_french-river-scene-with-fishing-boats-1824.jpg"
"richard-parkes-bonington_seascape-1827","Seascape 1827","Richard Parkes Bonington","Romanticism","data/archive/Romanticism/richard-parkes-bonington_seascape-1827.jpg"
"rudolf-von-alt_figures-on-a-bridge-over-a-stream-at-gastein-1888","Figures on a bridge over a stream at gastein 1888","Rudolf Von Alt","Romanticism","data/archive/Romanticism/rudolf-von-alt_figures-on-a-bridge-over-a-stream-at-gastein-1888.jpg"
"rudolf-von-alt_mountain-landscape-with-the-grundlsee","Mountain landscape with the grundlsee","Rudolf Von Alt","Romanticism","data/archive/Romanticism/rudolf-von-alt_mountain-landscape-with-the-grundlsee.jpg"
"rudolf-von-alt_the-esplanade-in-ischl","The esplanade in ischl","Rudolf Von Alt","Romanticism","data/archive/Romanticism/rudolf-von-alt_the-esplanade-in-ischl.jpg"
"rudolf-von-alt_the-main-square-in-bratislava-1843","The main square in bratislava 1843","Rudolf Von Alt","Romanticism","data/archive/Romanticism/rudolf-von-alt_the-main-square-in-bratislava-1843.jpg"
"rudolf-von-alt_view-from-the-monastery-of-sant-onofrio-in-rome-1835","View from the monastery of sant onofrio in rome 1835","Rudolf Von Alt","Romanticism","data/archive/Romanticism/rudolf-von-alt_view-from-the-monastery-of-sant-onofrio-in-rome-1835.jpg"
"sir-lawrence-alma-tadema_a-birth-chamber-seventeenth-century-1868","A birth chamber seventeenth century 1868","Sir Lawrence Alma Tadema","Romanticism","data/archive/Romanticism/sir-lawrence-alma-tadema_a-birth-chamber-seventeenth-century-1868.jpg"
"sir-lawrence-alma-tadema_a-love-missle-1878","A love missle 1878","Sir Lawrence Alma Tadema","Romanticism","data/archive/Romanticism/sir-lawrence-alma-tadema_a-love-missle-1878.jpg"
"sir-lawrence-alma-tadema_a-street-altar-1883","A street altar 1883","Sir Lawrence Alma Tadema","Romanticism","data/archive/Romanticism/sir-lawrence-alma-tadema_a-street-altar-1883.jpg"
"sir-lawrence-alma-tadema_autumn-vintage-festival-1877","Autumn vintage festival 1877","Sir Lawrence Alma Tadema","Romanticism","data/archive/Romanticism/sir-lawrence-alma-tadema_autumn-vintage-festival-1877.jpg"
"sir-lawrence-alma-tadema_dame-ellen-terry-as-imogen-shakespeare-heroine-in-cymbeline","Dame ellen terry as imogen shakespeare heroine in cymbeline","Sir Lawrence Alma Tadema","Romanticism","data/archive/Romanticism/sir-lawrence-alma-tadema_dame-ellen-terry-as-imogen-shakespeare-heroine-in-cymbeline.jpg"
"sir-lawrence-alma-tadema_from-an-absent-one-1871","From an absent one 1871","Sir Lawrence Alma Tadema","Romanticism","data/archive/Romanticism/sir-lawrence-alma-tadema_from-an-absent-one-1871.jpg"
"sir-lawrence-alma-tadema_lady-laura-teresa-gathering","Lady laura teresa gathering","Sir Lawrence Alma Tadema","Romanticism","data/archive/Romanticism/sir-lawrence-alma-tadema_lady-laura-teresa-gathering.jpg"
"sir-lawrence-alma-tadema_not_detected_214561","Sem título (214561)","Sir Lawrence Alma Tadema","Romanticism","data/archive/Romanticism/sir-lawrence-alma-tadema_not_detected_214561.jpg"
"sir-lawrence-alma-tadema_pottery-painting-1871","Pottery painting 1871","Sir Lawrence Alma Tadema","Romanticism","data/archive/Romanticism/sir-lawrence-alma-tadema_pottery-painting-1871.jpg"
"sir-lawrence-alma-tadema_spring-flowers","Spring flowers","Sir Lawrence Alma Tadema","Romanticism","data/archive/Romanticism/sir-lawrence-alma-tadema_spring-flowers.jpg"
"sir-lawrence-alma-tadema_the-favourite-poet-1888","The favourite poet 1888","Sir Lawrence Alma Tadema","Romanticism","data/archive/Romanticism/sir-lawrence-alma-tadema_the-favourite-poet-1888.jpg"
"sir-lawrence-alma-tadema_the-soldier-of-marathon","The soldier of marathon","Sir Lawrence Alma Tadema","Romanticism","data/archive/Romanticism/sir-lawrence-alma-tadema_the-soldier-of-marathon.jpg"
"sir-lawrence-alma-tadema_water-pets","Water pets","Sir Lawrence Alma Tadema","Romanticism","data/archive/Romanticism/sir-lawrence-alma-tadema_water-pets.jpg"
"taras-shevchenko_at-the-pub-1856","At the pub 1856","Taras Shevchenko","Romanticism","data/archive/Romanticism/taras-shevchenko_at-the-pub-1856.jpg"
"taras-shevchenko_in-gustynia-a-church-of-sts-peter-and-paul-1845","In gustynia a church of sts peter and paul 1845","Taras Shevchenko","Romanticism","data/archive/Romanticism/taras-shevchenko_in-gustynia-a-church-of-sts-peter-and-paul-1845.jpg"
"taras-shevchenko_portrain-of-g-i-zakrevska-1843","Portrain of g i zakrevska 1843","Taras Shevchenko","Romanticism","data/archive/Romanticism/taras-shevchenko_portrain-of-g-i-zakrevska-1843.jpg"
"taras-shevchenko_turkmen-cemetery-in-dolnapa-valley-1851","Turkmen cemetery in dolnapa valley 1851","Taras Shevchenko","Romanticism","data/archive/Romanticism/taras-shevchenko_turkmen-cemetery-in-dolnapa-valley-1851.jpg"
"theodore-chasseriau_apollo-and-daphne-1845","Apollo and daphne 1845","Theodore Chasseriau","Romanticism","data/archive/Romanticism/theodore-chasseriau_apollo-and-daphne-1845.jpg"
"theodore-chasseriau_self-portrait-in-a-redingote-1835","Self portrait in a redingote 1835","Theodore Chasseriau","Romanticism","data/archive/Romanticism/theodore-chasseriau_self-portrait-in-a-redingote-1835.jpg"
"theodore-gericault_english-jockey","English jockey","Theodore Gericault","Romanticism","data/archive/Romanticism/theodore-gericault_english-jockey.jpg"
"theodore-gericault_leda-and-the-swan","Leda and the swan","Theodore Gericault","Romanticism","data/archive/Romanticism/theodore-gericault_leda-and-the-swan.jpg"
"theodore-gericault_portrait-of-lord-byron","Portrait of lord byron","Theodore Gericault","Romanticism","data/archive/Romanticism/theodore-gericault_portrait-of-lord-byron.jpg"
"theodore-gericault_study-for-horse-turned-right-with-three-hens-and-a-rooster","Study for horse turned right with three hens and a rooster","Theodore Gericault","Romanticism","data/archive/Romanticism/theodore-gericault_study-for-horse-turned-right-with-three-hens-and-a-rooster.jpg"
"theodore-gericault_the-horse-market","The horse market","Theodore Gericault","Romanticism","data/archive/Romanticism/theodore-gericault_the-horse-market.jpg"
"theodore-gericault_two-post-horses","Two post horses","Theodore Gericault","Romanticism","data/archive/Romanticism/theodore-gericault_two-post-horses.jpg"
"thomas-cole_autumn-landscape-mount-chocorua-1828","Autumn landscape mount chocorua 1828","Thomas Cole","Romanticism","data/archive/Romanticism/thomas-cole_autumn-landscape-mount-chocorua-1828.jpg"
"thomas-cole_falls-of-the-kaaterskill-1826","Falls of the kaaterskill 1826","Thomas Cole","Romanticism","data/archive/Romanticism/thomas-cole_falls-of-the-kaaterskill-1826.jpg"
"thomas-cole_landscape-composition-italian-scenery-1832","Landscape composition italian scenery 1832","Thomas Cole","Romanticism","data/archive/Romanticism/thomas-cole_landscape-composition-italian-scenery-1832.jpg"
"thomas-cole_portage-falls-on-the-genesee-1839","Portage falls on the genesee 1839","Thomas Cole","Romanticism","data/archive/Romanticism/thomas-cole_portage-falls-on-the-genesee-1839.jpg"
"thomas-cole_study-for-the-pilgrim-of-the-cross-at-the-end-of-his-journey","Study for the pilgrim of the cross at the end of his journey","Thomas Cole","Romanticism","data/archive/Romanticism/thomas-cole_study-for-the-pilgrim-of-the-cross-at-the-end-of-his-journey.jpg"
"thomas-cole_the-course-of-empire-the-consummation-of-the-empire-1836","The course of empire the consummation of the empire 1836","Thomas Cole","Romanticism","data/archive/Romanticism/thomas-cole_the-course-of-empire-the-consummation-of-the-empire-1836.jpg"
"thomas-cole_the-present-1838","The present 1838","Thomas Cole","Romanticism","data/archive/Romanticism/thomas-cole_the-present-1838.jpg"
"thomas-cole_the-voyage-of-life-manhood","The voyage of life manhood","Thomas Cole","Romanticism","data/archive/Romanticism/thomas-cole_the-voyage-of-life-manhood.jpg"
"thomas-cole_view-of-mount-etna-1844","View of mount etna 1844","Thomas Cole","Romanticism","data/archive/Romanticism/thomas-cole_view-of-mount-etna-1844.jpg"
"thomas-moran_east-wall-of-the-canyon-from-inspiration-point-1871","East wall of the canyon from inspiration point 1871","Thomas Moran","Romanticism","data/archive/Romanticism/thomas-moran_east-wall-of-the-canyon-from-inspiration-point-1871.jpg"
"thomas-moran_the-grand-canyon-of-the-yellowstone-1901","The grand canyon of the yellowstone 1901","Thomas Moran","Romanticism","data/archive/Romanticism/thomas-moran_the-grand-canyon-of-the-yellowstone-1901.jpg"
"vasily-polenov_old-gates-vel-normandy-1874","Old gates vel normandy 1874","Vasily Polenov","Romanticism","data/archive/Romanticism/vasily-polenov_old-gates-vel-normandy-1874.jpg"
"vasily-tropinin_family-portrait-of-counts-morkovs-1813","Family portrait of counts morkovs 1813","Vasily Tropinin","Romanticism","data/archive/Romanticism/vasily-tropinin_family-portrait-of-counts-morkovs-1813.jpg"
"vasily-tropinin_not_detected_241124","Sem título (241124)","Vasily Tropinin","Romanticism","data/archive/Romanticism/vasily-tropinin_not_detected_241124.jpg"
"vasily-tropinin_portrait-of-alexander-fedorovich-zaikin-etude-1837","Portrait of alexander fedorovich zaikin etude 1837","Vasily Tropinin","Romanticism","data/archive/Romanticism/vasily-tropinin_portrait-of-alexander-fedorovich-zaikin-etude-1837.jpg"
"vasily-tropinin_portrait-of-n-n-rayevsky-jr-1842","Portrait of n n rayevsky jr 1842","Vasily Tropinin","Romanticism","data/archive/Romanticism/vasily-tropinin_portrait-of-n-n-rayevsky-jr-1842.jpg"
"vasily-tropinin_portrait-of-v-m-yakovlev-1830","Portrait of v m yakovlev 1830","Vasily Tropinin","Romanticism","data/archive/Romanticism/vasily-tropinin_portrait-of-v-m-yakovlev-1830.jpg"
"victor-meirelles_a-primeira-missa-no-brasil-1861","A primeira missa no brasil 1861","Victor Meirelles","Romanticism","data/archive/Romanticism/victor-meirelles_a-primeira-missa-no-brasil-1861.jpg"
"viktor-vasnetsov_baptism-of-prince-vladimir-fragment-of-the-vladimir-cathedral-in-kiev-1893","Baptism of prince vladimir fragment of the vladimir cathedral in kiev 1893","Viktor Vasnetsov","Romanticism","data/archive/Romanticism/viktor-vasnetsov_baptism-of-prince-vladimir-fragment-of-the-vladimir-cathedral-in-kiev-1893.jpg"
"viktor-vasnetsov_crucifixion-1902","Crucifixion 1902","Viktor Vasnetsov","Romanticism","data/archive/Romanticism/viktor-vasnetsov_crucifixion-1902.jpg"
"viktor-vasnetsov_gamaun-the-prophetic-bird-1897","Gamaun the prophetic bird 1897","Viktor Vasnetsov","Romanticism","data/archive/Romanticism/viktor-vasnetsov_gamaun-the-prophetic-bird-1897.jpg"
"viktor-vasnetsov_madonna","Madonna","Viktor Vasnetsov","Romanticism","data/archive/Romanticism/viktor-vasnetsov_madonna.jpg"
"viktor-vasnetsov_princess-olga-1893","Princess olga 1893","Viktor Vasnetsov","Romanticism","data/archive/Romanticism/viktor-vasnetsov_princess-olga-1893.jpg"
"viktor-vasnetsov_solitary-and-bobylikha-1885","Solitary and bobylikha 1885","Viktor Vasnetsov","Romanticism","data/archive/Romanticism/viktor-vasnetsov_solitary-and-bobylikha-1885.jpg"
"viktor-vasnetsov_tsar-ivan-iv-the-terrible-1897","Tsar ivan iv the terrible 1897","Viktor Vasnetsov","Romanticism","data/archive/Romanticism/viktor-vasnetsov_tsar-ivan-iv-the-terrible-1897.jpg"
"william-holman-hunt_fairlight-downs-sunlight-on-the-sea","Fairlight downs sunlight on the sea","William Holman Hunt","Romanticism","data/archive/Romanticism/william-holman-hunt_fairlight-downs-sunlight-on-the-sea.jpg"
"william-holman-hunt_self-portrait","Self portrait","William Holman Hunt","Romanticism","data/archive/Romanticism/william-holman-hunt_self-portrait.jpg"
"william-holman-hunt_the-schoolgirl-s-hymn-1859","The schoolgirl s hymn 1859","William Holman Hunt","Romanticism","data/archive/Romanticism/william-holman-hunt_the-schoolgirl-s-hymn-1859.jpg"
"william-shayer_cows-white-cow-standing","Cows white cow standing","William Shayer","Romanticism","data/archive/Romanticism/william-shayer_cows-white-cow-standing.jpg"
"william-shayer_mouth-of-the-old-canal-1842","Mouth of the old canal 1842","William Shayer","Romanticism","data/archive/Romanticism/william-shayer_mouth-of-the-old-canal-1842.jpg"
"william-shayer_the-road-to-market","The road to market","William Shayer","Romanticism","data/archive/Romanticism/william-shayer_the-road-to-market.jpg"
"william-turner_abergavenny-bridge-monmountshire-clearing-up-after-a-showery-day","Abergavenny bridge monmountshire clearing up after a showery day","William Turner","Romanticism","data/archive/Romanticism/william-turner_abergavenny-bridge-monmountshire-clearing-up-after-a-showery-day.jpg"
"william-turner_caligula-s-palace-and-bridge","Caligula s palace and bridge","William Turner","Romanticism","data/archive/Romanticism/william-turner_caligula-s-palace-and-bridge.jpg"
"william-turner_dover-castle","Dover castle","William Turner","Romanticism","data/archive/Romanticism/william-turner_dover-castle.jpg"
"william-turner_glacier-and-source-of-the-arveron-going-up-to-the-mer-de-glace","Glacier and source of the arveron going up to the mer de glace","William Turner","Romanticism","data/archive/Romanticism/william-turner_glacier-and-source-of-the-arveron-going-up-to-the-mer-de-glace.jpg"
"william-turner_kidwelly-castle","Kidwelly castle","William Turner","Romanticism","data/archive/Romanticism/william-turner_kidwelly-castle.jpg"
"william-turner_mount-vesuvius-in-eruption-1817","Mount vesuvius in eruption 1817","William Turner","Romanticism","data/archive/Romanticism/william-turner_mount-vesuvius-in-eruption-1817.jpg"
"william-turner_perspective-view-of-fonthill-abbey-from-the-south-west","Perspective view of fonthill abbey from the south west","William Turner","Romanticism","data/archive/Romanticism/william-turner_perspective-view-of-fonthill-abbey-from-the-south-west.jpg"
"william-turner_rivaulx-abbey-yorkshire","Rivaulx abbey yorkshire","William Turner","Romanticism","data/archive/Romanticism/william-turner_rivaulx-abbey-yorkshire.jpg"
"william-turner_ship-in-a-storm-1845","Ship in a storm 1845","William Turner","Romanticism","data/archive/Romanticism/william-turner_ship-in-a-storm-1845.jpg"
"william-turner_sunrise-whiting-fishing-at-margate","Sunrise whiting fishing at margate","William Turner","Romanticism","data/archive/Romanticism/william-turner_sunrise-whiting-fishing-at-margate.jpg"
"william-turner_the-burning-of-the-houses-of-parliament-2","The burning of the houses of parliament 2","William Turner","Romanticism","data/archive/Romanticism/william-turner_the-burning-of-the-houses-of-parliament-2.jpg"
"william-turner_the-lake-geneva-seen-from-montreux","The lake geneva seen from montreux","William Turner","Romanticism","data/archive/Romanticism/william-turner_the-lake-geneva-seen-from-montreux.jpg"
"william-turner_two-figures-on-a-beach-with-a-boat-1845","Two figures on a beach with a boat 1845","William Turner","Romanticism","data/archive/Romanticism/william-turner_two-figures-on-a-beach-with-a-boat-1845.jpg"
"william-turner_virginia-water","Virginia water","William Turner","Romanticism","data/archive/Romanticism/william-turner_virginia-water.jpg"
"a.y.-jackson_winter-morning-charlevoix-county-1933","Winter morning charlevoix county 1933","A.y. Jackson","Symbolism","data/archive/Symbolism/a.y.-jackson_winter-morning-charlevoix-county-1933.jpg"
"albert-bloch_gethsemane-1948","Gethsemane 1948","Albert Bloch","Symbolism","data/archive/Symbolism/albert-bloch_gethsemane-1948.jpg"
"albert-pinkham-ryder_flying-dutchman-1887","Flying dutchman 1887","Albert Pinkham Ryder","Symbolism","data/archive/Symbolism/albert-pinkham-ryder_flying-dutchman-1887.jpg"
"alfred-kubin_homage-to-rimbaud-1919","Homage to rimbaud 1919","Alfred Kubin","Symbolism","data/archive/Symbolism/alfred-kubin_homage-to-rimbaud-1919.jpg"
"alfred-kubin_the-witch-1900","The witch 1900","Alfred Kubin","Symbolism","data/archive/Symbolism/alfred-kubin_the-witch-1900.jpg"
"arnold-b├г┬╢cklin_abandoned-venus","Abandoned venus","Arnold B├г┬╢cklin","Symbolism","data/archive/Symbolism/arnold-b├г┬╢cklin_abandoned-venus.jpg"
"arnold-b├г┬╢cklin_fighting-on-a-bridge","Fighting on a bridge","Arnold B├г┬╢cklin","Symbolism","data/archive/Symbolism/arnold-b├г┬╢cklin_fighting-on-a-bridge.jpg"
"arnold-b├г┬╢cklin_night-1895","Night 1895","Arnold B├г┬╢cklin","Symbolism","data/archive/Symbolism/arnold-b├г┬╢cklin_night-1895.jpg"
"arnold-b├г┬╢cklin_portrait-of-the-singer-karl-wallenreiter","Portrait of the singer karl wallenreiter","Arnold B├г┬╢cklin","Symbolism","data/archive/Symbolism/arnold-b├г┬╢cklin_portrait-of-the-singer-karl-wallenreiter.jpg"
"arnold-b├г┬╢cklin_the-adventurer-1882","The adventurer 1882","Arnold B├г┬╢cklin","Symbolism","data/archive/Symbolism/arnold-b├г┬╢cklin_the-adventurer-1882.jpg"
"arnold-b├г┬╢cklin_the-rest-on-the-flight-into-egypt","The rest on the flight into egypt","Arnold B├г┬╢cklin","Symbolism","data/archive/Symbolism/arnold-b├г┬╢cklin_the-rest-on-the-flight-into-egypt.jpg"
"arnold-b├г┬╢cklin_venus-genitrix","Venus genitrix","Arnold B├г┬╢cklin","Symbolism","data/archive/Symbolism/arnold-b├г┬╢cklin_venus-genitrix.jpg"
"constantine-maleas_trees-at-cairo","Trees at cairo","Constantine Maleas","Symbolism","data/archive/Symbolism/constantine-maleas_trees-at-cairo.jpg"
"edvard-munch_the-voice-summer-night-1896","The voice summer night 1896","Edvard Munch","Symbolism","data/archive/Symbolism/edvard-munch_the-voice-summer-night-1896.jpg"
"edward-burne-jones_the-depths-of-the-sea","The depths of the sea","Edward Burne Jones","Symbolism","data/archive/Symbolism/edward-burne-jones_the-depths-of-the-sea.jpg"
"felicien-rops_appeal-to-the-masses","Appeal to the masses","Felicien Rops","Symbolism","data/archive/Symbolism/felicien-rops_appeal-to-the-masses.jpg"
"felicien-rops_illustration-of-les-diaboliques-1","Illustration of les diaboliques 1","Felicien Rops","Symbolism","data/archive/Symbolism/felicien-rops_illustration-of-les-diaboliques-1.jpg"
"felicien-rops_not-detected-282483","Sem título (282483)","Felicien Rops","Symbolism","data/archive/Symbolism/felicien-rops_not-detected-282483.jpg"
"felicien-rops_the-entrance-to-the-ball","The entrance to the ball","Felicien Rops","Symbolism","data/archive/Symbolism/felicien-rops_the-entrance-to-the-ball.jpg"
"felicien-rops_the-shower","The shower","Felicien Rops","Symbolism","data/archive/Symbolism/felicien-rops_the-shower.jpg"
"felix-vallotton_cloud-at-romanel-1900","Cloud at romanel 1900","Felix Vallotton","Symbolism","data/archive/Symbolism/felix-vallotton_cloud-at-romanel-1900.jpg"
"ferdinand-hodler_eiger-monch-and-jungfrau-in-moonlight-1908-1","Eiger monch and jungfrau in moonlight 1908 1","Ferdinand Hodler","Symbolism","data/archive/Symbolism/ferdinand-hodler_eiger-monch-and-jungfrau-in-moonlight-1908-1.jpg"
"ferdinand-hodler_lake-geneva-with-mont-blanc-in-the-morning-light-1918-1","Lake geneva with mont blanc in the morning light 1918 1","Ferdinand Hodler","Symbolism","data/archive/Symbolism/ferdinand-hodler_lake-geneva-with-mont-blanc-in-the-morning-light-1918-1.jpg"
"ferdinand-hodler_left-border-woman-1","Left border woman 1","Ferdinand Hodler","Symbolism","data/archive/Symbolism/ferdinand-hodler_left-border-woman-1.jpg"
"ferdinand-hodler_standing-warrior-1","Standing warrior 1","Ferdinand Hodler","Symbolism","data/archive/Symbolism/ferdinand-hodler_standing-warrior-1.jpg"
"ferdinand-hodler_the-grindelwald-glacier-1912","The grindelwald glacier 1912","Ferdinand Hodler","Symbolism","data/archive/Symbolism/ferdinand-hodler_the-grindelwald-glacier-1912.jpg"
"fernand-khnopff_distrust-1893","Distrust 1893","Fernand Khnopff","Symbolism","data/archive/Symbolism/fernand-khnopff_distrust-1893.jpg"
"fernand-khnopff_standing-woman-1898","Standing woman 1898","Fernand Khnopff","Symbolism","data/archive/Symbolism/fernand-khnopff_standing-woman-1898.jpg"
"frantisek-kupka_babylon-1906","Babylon 1906","Frantisek Kupka","Symbolism","data/archive/Symbolism/frantisek-kupka_babylon-1906.jpg"
"frantisek-kupka_yellow-spectrum-1907","Yellow spectrum 1907","Frantisek Kupka","Symbolism","data/archive/Symbolism/frantisek-kupka_yellow-spectrum-1907.jpg"
"franz-stuck_female-nude","Female nude","Franz Stuck","Symbolism","data/archive/Symbolism/franz-stuck_female-nude.jpg"
"franz-stuck_landscape-with-storm","Landscape with storm","Franz Stuck","Symbolism","data/archive/Symbolism/franz-stuck_landscape-with-storm.jpg"
"franz-stuck_self-portrait-in-studio","Self portrait in studio","Franz Stuck","Symbolism","data/archive/Symbolism/franz-stuck_self-portrait-in-studio.jpg"
"franz-stuck_the-sin-1","The sin 1","Franz Stuck","Symbolism","data/archive/Symbolism/franz-stuck_the-sin-1.jpg"
"george-frederick-watts_clytie(1)","Clytie(1)","George Frederick Watts","Symbolism","data/archive/Symbolism/george-frederick-watts_clytie(1).jpg"
"george-frederick-watts_genius-of-greek-poetry-1878(1)","Genius of greek poetry 1878(1)","George Frederick Watts","Symbolism","data/archive/Symbolism/george-frederick-watts_genius-of-greek-poetry-1878(1).jpg"
"george-frederick-watts_paulo-and-francesco-1","Paulo and francesco 1","George Frederick Watts","Symbolism","data/archive/Symbolism/george-frederick-watts_paulo-and-francesco-1.jpg"
"georges-lacombe├в┬а_existence-wooden-bed-panel","Existence wooden bed panel","Georges Lacombe├в┬а","Symbolism","data/archive/Symbolism/georges-lacombe├в┬а_existence-wooden-bed-panel.jpg"
"gulacsy-lajos_return-of-the-pilgrims-1907","Return of the pilgrims 1907","Gulacsy Lajos","Symbolism","data/archive/Symbolism/gulacsy-lajos_return-of-the-pilgrims-1907.jpg"
"gustav-klimt_bildnis-gertha-felssvanyi","Bildnis gertha felssvanyi","Gustav Klimt","Symbolism","data/archive/Symbolism/gustav-klimt_bildnis-gertha-felssvanyi.jpg"
"gustav-klimt_mada-primavesi","Mada primavesi","Gustav Klimt","Symbolism","data/archive/Symbolism/gustav-klimt_mada-primavesi.jpg"
"gustav-klimt_portrait-of-margaret-stonborough-wittgenstein","Portrait of margaret stonborough wittgenstein","Gustav Klimt","Symbolism","data/archive/Symbolism/gustav-klimt_portrait-of-margaret-stonborough-wittgenstein.jpg"
"gustave-moreau_abstract-study","Abstract study","Gustave Moreau","Symbolism","data/archive/Symbolism/gustave-moreau_abstract-study.jpg"
"gustave-moreau_desdemona","Desdemona","Gustave Moreau","Symbolism","data/archive/Symbolism/gustave-moreau_desdemona.jpg"
"gustave-moreau_hesiod-and-the-muse-1870","Hesiod and the muse 1870","Gustave Moreau","Symbolism","data/archive/Symbolism/gustave-moreau_hesiod-and-the-muse-1870.jpg"
"gustave-moreau_orestes-and-the-erinyes-1891","Orestes and the erinyes 1891","Gustave Moreau","Symbolism","data/archive/Symbolism/gustave-moreau_orestes-and-the-erinyes-1891.jpg"
"gustave-moreau_saint-margaret-1873","Saint margaret 1873","Gustave Moreau","Symbolism","data/archive/Symbolism/gustave-moreau_saint-margaret-1873.jpg"
"gustave-moreau_sappho-1893","Sappho 1893","Gustave Moreau","Symbolism","data/archive/Symbolism/gustave-moreau_sappho-1893.jpg"
"gustave-moreau_the-apparition","The apparition","Gustave Moreau","Symbolism","data/archive/Symbolism/gustave-moreau_the-apparition.jpg"
"gustave-moreau_the-park-and-the-angel-of-death-1890","The park and the angel of death 1890","Gustave Moreau","Symbolism","data/archive/Symbolism/gustave-moreau_the-park-and-the-angel-of-death-1890.jpg"
"gustave-moreau_the-victorious-sphinx-1886","The victorious sphinx 1886","Gustave Moreau","Symbolism","data/archive/Symbolism/gustave-moreau_the-victorious-sphinx-1886.jpg"
"gustave-moreau_young-thracian-woman-carrying-the-head-of-orpheus","Young thracian woman carrying the head of orpheus","Gustave Moreau","Symbolism","data/archive/Symbolism/gustave-moreau_young-thracian-woman-carrying-the-head-of-orpheus.jpg"
"harry-clarke_tales-of-mystery-and-imagination-by-edgar-allan-poe-1923-22","Tales of mystery and imagination by edgar allan poe 1923 22","Harry Clarke","Symbolism","data/archive/Symbolism/harry-clarke_tales-of-mystery-and-imagination-by-edgar-allan-poe-1923-22.jpg"
"harry-clarke_the-year-s-at-the-spring-1920-15","The year s at the spring 1920 15","Harry Clarke","Symbolism","data/archive/Symbolism/harry-clarke_the-year-s-at-the-spring-1920-15.jpg"
"harry-clarke_the-year-s-at-the-spring-1920-3","The year s at the spring 1920 3","Harry Clarke","Symbolism","data/archive/Symbolism/harry-clarke_the-year-s-at-the-spring-1920-3.jpg"
"harry-clarke_the-year-s-at-the-spring-1920-6","The year s at the spring 1920 6","Harry Clarke","Symbolism","data/archive/Symbolism/harry-clarke_the-year-s-at-the-spring-1920-6.jpg"
"henri-fantin-latour_head-of-a-young-woman-1876","Head of a young woman 1876","Henri Fantin Latour","Symbolism","data/archive/Symbolism/henri-fantin-latour_head-of-a-young-woman-1876.jpg"
"henri-fantin-latour_truth-1891","Truth 1891","Henri Fantin Latour","Symbolism","data/archive/Symbolism/henri-fantin-latour_truth-1891.jpg"
"henri-martin_the-emergence-of-clemence-isaure-with-troubadours","The emergence of clemence isaure with troubadours","Henri Martin","Symbolism","data/archive/Symbolism/henri-martin_the-emergence-of-clemence-isaure-with-troubadours.jpg"
"hugo-simberg_king-hobgoblin-sleeping-1896","King hobgoblin sleeping 1896","Hugo Simberg","Symbolism","data/archive/Symbolism/hugo-simberg_king-hobgoblin-sleeping-1896.jpg"
"ivan-milev_gadular-1926","Gadular 1926","Ivan Milev","Symbolism","data/archive/Symbolism/ivan-milev_gadular-1926.jpg"
"jacek-malczewski_back-in-the-homeland-back-from-siberia-1911","Back in the homeland back from siberia 1911","Jacek Malczewski","Symbolism","data/archive/Symbolism/jacek-malczewski_back-in-the-homeland-back-from-siberia-1911.jpg"
"jacek-malczewski_melancholia-1894","Melancholia 1894","Jacek Malczewski","Symbolism","data/archive/Symbolism/jacek-malczewski_melancholia-1894.jpg"
"jacek-malczewski_the-prodigal-son","The prodigal son","Jacek Malczewski","Symbolism","data/archive/Symbolism/jacek-malczewski_the-prodigal-son.jpg"
"james-ensor_my-aunt-asleep-dreaming-of-monsters-1890","My aunt asleep dreaming of monsters 1890","James Ensor","Symbolism","data/archive/Symbolism/james-ensor_my-aunt-asleep-dreaming-of-monsters-1890.jpg"
"james-mcneill-whistler_grey-and-pink-a-draped-model-with-fan","Grey and pink a draped model with fan","James Mcneill Whistler","Symbolism","data/archive/Symbolism/james-mcneill-whistler_grey-and-pink-a-draped-model-with-fan.jpg"
"james-tissot_abraham-and-the-three-angels","Abraham and the three angels","James Tissot","Symbolism","data/archive/Symbolism/james-tissot_abraham-and-the-three-angels.jpg"
"james-tissot_god-s-curse","God s curse","James Tissot","Symbolism","data/archive/Symbolism/james-tissot_god-s-curse.jpg"
"james-tissot_jesus-unrolls-the-book-in-the-synagogue-1894","Jesus unrolls the book in the synagogue 1894","James Tissot","Symbolism","data/archive/Symbolism/james-tissot_jesus-unrolls-the-book-in-the-synagogue-1894.jpg"
"james-tissot_moses-destroys-the-tables-of-the-ten-commandments","Moses destroys the tables of the ten commandments","James Tissot","Symbolism","data/archive/Symbolism/james-tissot_moses-destroys-the-tables-of-the-ten-commandments.jpg"
"james-tissot_pharaoh-notes-the-importance-of-the-jewish-people","Pharaoh notes the importance of the jewish people","James Tissot","Symbolism","data/archive/Symbolism/james-tissot_pharaoh-notes-the-importance-of-the-jewish-people.jpg"
"james-tissot_the-conquest-of-the-amorites","The conquest of the amorites","James Tissot","Symbolism","data/archive/Symbolism/james-tissot_the-conquest-of-the-amorites.jpg"
"james-tissot_the-grotto-of-the-agony-1894","The grotto of the agony 1894","James Tissot","Symbolism","data/archive/Symbolism/james-tissot_the-grotto-of-the-agony-1894.jpg"
"james-tissot_the-sermon-on-the-mount-illustration-for-the-life-of-christ","The sermon on the mount illustration for the life of christ","James Tissot","Symbolism","data/archive/Symbolism/james-tissot_the-sermon-on-the-mount-illustration-for-the-life-of-christ.jpg"
"jan-toorop_portrait-of-theo-neuhuys","Portrait of theo neuhuys","Jan Toorop","Symbolism","data/archive/Symbolism/jan-toorop_portrait-of-theo-neuhuys.jpg"
"john-atkinson-grimshaw_luxury","Luxury","John Atkinson Grimshaw","Symbolism","data/archive/Symbolism/john-atkinson-grimshaw_luxury.jpg"
"jury-annenkov_self-portrait-1910","Self portrait 1910","Jury Annenkov","Symbolism","data/archive/Symbolism/jury-annenkov_self-portrait-1910.jpg"
"kimon-loghi_beginning-of-springtime","Beginning of springtime","Kimon Loghi","Symbolism","data/archive/Symbolism/kimon-loghi_beginning-of-springtime.jpg"
"koloman-moser_female-nude","Female nude","Koloman Moser","Symbolism","data/archive/Symbolism/koloman-moser_female-nude.jpg"
"koloman-moser_the-light","The light","Koloman Moser","Symbolism","data/archive/Symbolism/koloman-moser_the-light.jpg"
"konstantin-bogaevsky_bibi-heybat-1932","Bibi heybat 1932","Konstantin Bogaevsky","Symbolism","data/archive/Symbolism/konstantin-bogaevsky_bibi-heybat-1932.jpg"
"konstantin-bogaevsky_feodosia-at-winter","Feodosia at winter","Konstantin Bogaevsky","Symbolism","data/archive/Symbolism/konstantin-bogaevsky_feodosia-at-winter.jpg"
"konstantin-bogaevsky_landscape-with-trees-1927","Landscape with trees 1927","Konstantin Bogaevsky","Symbolism","data/archive/Symbolism/konstantin-bogaevsky_landscape-with-trees-1927.jpg"
"konstantin-bogaevsky_night-at-the-seaside-1903","Night at the seaside 1903","Konstantin Bogaevsky","Symbolism","data/archive/Symbolism/konstantin-bogaevsky_night-at-the-seaside-1903.jpg"
"konstantin-bogaevsky_sketch-for-a-mural-crimea-1921","Sketch for a mural crimea 1921","Konstantin Bogaevsky","Symbolism","data/archive/Symbolism/konstantin-bogaevsky_sketch-for-a-mural-crimea-1921.jpg"
"konstantin-bogaevsky_the-old-bathhouses-in-karasubazar","The old bathhouses in karasubazar","Konstantin Bogaevsky","Symbolism","data/archive/Symbolism/konstantin-bogaevsky_the-old-bathhouses-in-karasubazar.jpg"
"konstantin-somov_asleep-on-the-grass-young-woman","Asleep on the grass young woman","Konstantin Somov","Symbolism","data/archive/Symbolism/konstantin-somov_asleep-on-the-grass-young-woman.jpg"
"konstantin-somov_confidentials","Confidentials","Konstantin Somov","Symbolism","data/archive/Symbolism/konstantin-somov_confidentials.jpg"
"konstantin-somov_evening-shadows-1917","Evening shadows 1917","Konstantin Somov","Symbolism","data/archive/Symbolism/konstantin-somov_evening-shadows-1917.jpg"
"konstantin-somov_frontispiece-of-the-book-by-alexander-benois-tsarskoe-selo","Frontispiece of the book by alexander benois tsarskoe selo","Konstantin Somov","Symbolism","data/archive/Symbolism/konstantin-somov_frontispiece-of-the-book-by-alexander-benois-tsarskoe-selo.jpg"
"konstantin-somov_in-love-on-the-stone-1906","In love on the stone 1906","Konstantin Somov","Symbolism","data/archive/Symbolism/konstantin-somov_in-love-on-the-stone-1906.jpg"
"konstantin-somov_lady-and-pierrot-1910","Lady and pierrot 1910","Konstantin Somov","Symbolism","data/archive/Symbolism/konstantin-somov_lady-and-pierrot-1910.jpg"
"konstantin-somov_landscape-with-two-peasant-girls-and-a-rainbow","Landscape with two peasant girls and a rainbow","Konstantin Somov","Symbolism","data/archive/Symbolism/konstantin-somov_landscape-with-two-peasant-girls-and-a-rainbow.jpg"
"konstantin-somov_on-the-balcony","On the balcony","Konstantin Somov","Symbolism","data/archive/Symbolism/konstantin-somov_on-the-balcony.jpg"
"konstantin-somov_portrait-of-e-vladimirskaya","Portrait of e vladimirskaya","Konstantin Somov","Symbolism","data/archive/Symbolism/konstantin-somov_portrait-of-e-vladimirskaya.jpg"
"konstantin-somov_rainbow","Rainbow","Konstantin Somov","Symbolism","data/archive/Symbolism/konstantin-somov_rainbow.jpg"
"konstantin-somov_stream","Stream","Konstantin Somov","Symbolism","data/archive/Symbolism/konstantin-somov_stream.jpg"
"konstantin-somov_the-road-to-sekerin","The road to sekerin","Konstantin Somov","Symbolism","data/archive/Symbolism/konstantin-somov_the-road-to-sekerin.jpg"
"konstantin-vasilyev_birth-of-the-danube-3","Birth of the danube 3","Konstantin Vasilyev","Symbolism","data/archive/Symbolism/konstantin-vasilyev_birth-of-the-danube-3.jpg"
"konstantin-vasilyev_ilya-muromets-release-of-prisoners","Ilya muromets release of prisoners","Konstantin Vasilyev","Symbolism","data/archive/Symbolism/konstantin-vasilyev_ilya-muromets-release-of-prisoners.jpg"
"konstantin-vasilyev_reaper","Reaper","Konstantin Vasilyev","Symbolism","data/archive/Symbolism/konstantin-vasilyev_reaper.jpg"
"konstantin-vasilyev_valkyrie","Valkyrie","Konstantin Vasilyev","Symbolism","data/archive/Symbolism/konstantin-vasilyev_valkyrie.jpg"
"konstantinos-parthenis_portrait-of-ioulia-partheni-1911","Portrait of ioulia partheni 1911","Konstantinos Parthenis","Symbolism","data/archive/Symbolism/konstantinos-parthenis_portrait-of-ioulia-partheni-1911.jpg"
"kuzma-petrov-vodkin_arrangement-1918","Arrangement 1918","Kuzma Petrov Vodkin","Symbolism","data/archive/Symbolism/kuzma-petrov-vodkin_arrangement-1918.jpg"
"kuzma-petrov-vodkin_costume-design-by-marina-mnishek-to-the-tragedy-of-pushkin-s-boris-godunov-1923","Costume design by marina mnishek to the tragedy of pushkin s boris godunov 1923","Kuzma Petrov Vodkin","Symbolism","data/archive/Symbolism/kuzma-petrov-vodkin_costume-design-by-marina-mnishek-to-the-tragedy-of-pushkin-s-boris-godunov-1923.jpg"
"kuzma-petrov-vodkin_female-head-1912","Female head 1912","Kuzma Petrov Vodkin","Symbolism","data/archive/Symbolism/kuzma-petrov-vodkin_female-head-1912.jpg"
"kuzma-petrov-vodkin_head-of-a-boy-1910","Head of a boy 1910","Kuzma Petrov Vodkin","Symbolism","data/archive/Symbolism/kuzma-petrov-vodkin_head-of-a-boy-1910.jpg"
"kuzma-petrov-vodkin_kiss","Kiss","Kuzma Petrov Vodkin","Symbolism","data/archive/Symbolism/kuzma-petrov-vodkin_kiss.jpg"
"kuzma-petrov-vodkin_mother-1915","Mother 1915","Kuzma Petrov Vodkin","Symbolism","data/archive/Symbolism/kuzma-petrov-vodkin_mother-1915.jpg"
"kuzma-petrov-vodkin_portrait-of-a-girl-1921","Portrait of a girl 1921","Kuzma Petrov Vodkin","Symbolism","data/archive/Symbolism/kuzma-petrov-vodkin_portrait-of-a-girl-1921.jpg"
"kuzma-petrov-vodkin_portrait-of-the-artist-s-daughter-1935","Portrait of the artist s daughter 1935","Kuzma Petrov Vodkin","Symbolism","data/archive/Symbolism/kuzma-petrov-vodkin_portrait-of-the-artist-s-daughter-1935.jpg"
"kuzma-petrov-vodkin_seated-boy-1906","Seated boy 1906","Kuzma Petrov Vodkin","Symbolism","data/archive/Symbolism/kuzma-petrov-vodkin_seated-boy-1906.jpg"
"kuzma-petrov-vodkin_sketch-for-the-painting-bathing-the-red-horse-1912","Sketch for the painting bathing the red horse 1912","Kuzma Petrov Vodkin","Symbolism","data/archive/Symbolism/kuzma-petrov-vodkin_sketch-for-the-painting-bathing-the-red-horse-1912.jpg"
"kuzma-petrov-vodkin_still-life-with-an-ashtray-1920","Still life with an ashtray 1920","Kuzma Petrov Vodkin","Symbolism","data/archive/Symbolism/kuzma-petrov-vodkin_still-life-with-an-ashtray-1920.jpg"
"kuzma-petrov-vodkin_the-girl-at-the-window-1928","The girl at the window 1928","Kuzma Petrov Vodkin","Symbolism","data/archive/Symbolism/kuzma-petrov-vodkin_the-girl-at-the-window-1928.jpg"
"kuzma-petrov-vodkin_ul-1923","Ul 1923","Kuzma Petrov Vodkin","Symbolism","data/archive/Symbolism/kuzma-petrov-vodkin_ul-1923.jpg"
"leon-spilliaert_girls-on-a-dune","Girls on a dune","Leon Spilliaert","Symbolism","data/archive/Symbolism/leon-spilliaert_girls-on-a-dune.jpg"
"leon-spilliaert_vertigo-1908","Vertigo 1908","Leon Spilliaert","Symbolism","data/archive/Symbolism/leon-spilliaert_vertigo-1908.jpg"
"lovis-corinth_portrait-of-the-poet-peter-hille-1902","Portrait of the poet peter hille 1902","Lovis Corinth","Symbolism","data/archive/Symbolism/lovis-corinth_portrait-of-the-poet-peter-hille-1902.jpg"
"martiros-saryan_a-street-noon-1910","A street noon 1910","Martiros Saryan","Symbolism","data/archive/Symbolism/martiros-saryan_a-street-noon-1910.jpg"
"martiros-saryan_ararat-valley-1945","Ararat valley 1945","Martiros Saryan","Symbolism","data/archive/Symbolism/martiros-saryan_ararat-valley-1945.jpg"
"martiros-saryan_fairy-lake-1905","Fairy lake 1905","Martiros Saryan","Symbolism","data/archive/Symbolism/martiros-saryan_fairy-lake-1905.jpg"
"martiros-saryan_midday-silence-1924","Midday silence 1924","Martiros Saryan","Symbolism","data/archive/Symbolism/martiros-saryan_midday-silence-1924.jpg"
"maurice-denis_cupid-in-flight-is-struck-by-the-beauty-of-psyche-1908","Cupid in flight is struck by the beauty of psyche 1908","Maurice Denis","Symbolism","data/archive/Symbolism/maurice-denis_cupid-in-flight-is-struck-by-the-beauty-of-psyche-1908.jpg"
"maurice-denis_the-gathering","The gathering","Maurice Denis","Symbolism","data/archive/Symbolism/maurice-denis_the-gathering.jpg"
"mikalojus-ciurlionis_andante-sonata-of-the-sumer-1908(1)","Andante sonata of the sumer 1908(1)","Mikalojus Ciurlionis","Symbolism","data/archive/Symbolism/mikalojus-ciurlionis_andante-sonata-of-the-sumer-1908(1).jpg"
"mikalojus-ciurlionis_creation-of-the-world-i-1906","Creation of the world i 1906","Mikalojus Ciurlionis","Symbolism","data/archive/Symbolism/mikalojus-ciurlionis_creation-of-the-world-i-1906.jpg"
"mikalojus-ciurlionis_deluge-i-1904","Deluge i 1904","Mikalojus Ciurlionis","Symbolism","data/archive/Symbolism/mikalojus-ciurlionis_deluge-i-1904.jpg"
"mikalojus-ciurlionis_forest-1906","Forest 1906","Mikalojus Ciurlionis","Symbolism","data/archive/Symbolism/mikalojus-ciurlionis_forest-1906.jpg"
"mikalojus-ciurlionis_joseph-s-dream-1907","Joseph s dream 1907","Mikalojus Ciurlionis","Symbolism","data/archive/Symbolism/mikalojus-ciurlionis_joseph-s-dream-1907.jpg"
"mikalojus-ciurlionis_night-1904","Night 1904","Mikalojus Ciurlionis","Symbolism","data/archive/Symbolism/mikalojus-ciurlionis_night-1904.jpg"
"mikalojus-ciurlionis_raigardas-iii-1907","Raigardas iii 1907","Mikalojus Ciurlionis","Symbolism","data/archive/Symbolism/mikalojus-ciurlionis_raigardas-iii-1907.jpg"
"mikalojus-ciurlionis_seashore-1905","Seashore 1905","Mikalojus Ciurlionis","Symbolism","data/archive/Symbolism/mikalojus-ciurlionis_seashore-1905.jpg"
"mikalojus-ciurlionis_the-city-1908-1","The city 1908 1","Mikalojus Ciurlionis","Symbolism","data/archive/Symbolism/mikalojus-ciurlionis_the-city-1908-1.jpg"
"mikalojus-ciurlionis_wayside-crosses-of-zemaitija-1909","Wayside crosses of zemaitija 1909","Mikalojus Ciurlionis","Symbolism","data/archive/Symbolism/mikalojus-ciurlionis_wayside-crosses-of-zemaitija-1909.jpg"
"mikhail-nesterov_at-the-council-sketch","At the council sketch","Mikhail Nesterov","Symbolism","data/archive/Symbolism/mikhail-nesterov_at-the-council-sketch.jpg"
"mikhail-nesterov_lel-1933","Lel 1933","Mikhail Nesterov","Symbolism","data/archive/Symbolism/mikhail-nesterov_lel-1933.jpg"
"mikhail-nesterov_reedpipe-1931","Reedpipe 1931","Mikhail Nesterov","Symbolism","data/archive/Symbolism/mikhail-nesterov_reedpipe-1931.jpg"
"mikhail-nesterov_st-luke-the-apostle-1909","St luke the apostle 1909","Mikhail Nesterov","Symbolism","data/archive/Symbolism/mikhail-nesterov_st-luke-the-apostle-1909.jpg"
"mikhail-nesterov_tsar-alexei-mikhailovich-1887","Tsar alexei mikhailovich 1887","Mikhail Nesterov","Symbolism","data/archive/Symbolism/mikhail-nesterov_tsar-alexei-mikhailovich-1887.jpg"
"mikhail-vrubel_christ-in-gethsemane-1888","Christ in gethsemane 1888","Mikhail Vrubel","Symbolism","data/archive/Symbolism/mikhail-vrubel_christ-in-gethsemane-1888.jpg"
"mikhail-vrubel_guido","Guido","Mikhail Vrubel","Symbolism","data/archive/Symbolism/mikhail-vrubel_guido.jpg"
"mikhail-vrubel_karibeevich","Karibeevich","Mikhail Vrubel","Symbolism","data/archive/Symbolism/mikhail-vrubel_karibeevich.jpg"
"mikhail-vrubel_piet-1887","Piet 1887","Mikhail Vrubel","Symbolism","data/archive/Symbolism/mikhail-vrubel_piet-1887.jpg"
"mikhail-vrubel_roses-and-orchids-1894","Roses and orchids 1894","Mikhail Vrubel","Symbolism","data/archive/Symbolism/mikhail-vrubel_roses-and-orchids-1894.jpg"
"mikhail-vrubel_tamara-lying-in-state-1891","Tamara lying in state 1891","Mikhail Vrubel","Symbolism","data/archive/Symbolism/mikhail-vrubel_tamara-lying-in-state-1891.jpg"
"mikhail-vrubel_valkyr-1899","Valkyr 1899","Mikhail Vrubel","Symbolism","data/archive/Symbolism/mikhail-vrubel_valkyr-1899.jpg"
"mstislav-dobuzhinsky_a-small-house-in-st-petersburg-1905","A small house in st petersburg 1905","Mstislav Dobuzhinsky","Symbolism","data/archive/Symbolism/mstislav-dobuzhinsky_a-small-house-in-st-petersburg-1905.jpg"
"mstislav-dobuzhinsky_cross-in-tel-iai-1933","Cross in tel iai 1933","Mstislav Dobuzhinsky","Symbolism","data/archive/Symbolism/mstislav-dobuzhinsky_cross-in-tel-iai-1933.jpg"
"mstislav-dobuzhinsky_kaunas-cathedral-1931","Kaunas cathedral 1931","Mstislav Dobuzhinsky","Symbolism","data/archive/Symbolism/mstislav-dobuzhinsky_kaunas-cathedral-1931.jpg"
"mstislav-dobuzhinsky_old-house-in-germany-1957","Old house in germany 1957","Mstislav Dobuzhinsky","Symbolism","data/archive/Symbolism/mstislav-dobuzhinsky_old-house-in-germany-1957.jpg"
"mstislav-dobuzhinsky_rooftops-under-the-snow-1916","Rooftops under the snow 1916","Mstislav Dobuzhinsky","Symbolism","data/archive/Symbolism/mstislav-dobuzhinsky_rooftops-under-the-snow-1916.jpg"
"mstislav-dobuzhinsky_unknown-woman-in-red-1901","Unknown woman in red 1901","Mstislav Dobuzhinsky","Symbolism","data/archive/Symbolism/mstislav-dobuzhinsky_unknown-woman-in-red-1901.jpg"
"mstislav-dobuzhinsky_white-nights-1922-3","White nights 1922 3","Mstislav Dobuzhinsky","Symbolism","data/archive/Symbolism/mstislav-dobuzhinsky_white-nights-1922-3.jpg"
"nicholas-roerich_ajanta-the-rock-temples-1938","Ajanta the rock temples 1938","Nicholas Roerich","Symbolism","data/archive/Symbolism/nicholas-roerich_ajanta-the-rock-temples-1938.jpg"
"nicholas-roerich_and-we-continue-fishing-1922","And we continue fishing 1922","Nicholas Roerich","Symbolism","data/archive/Symbolism/nicholas-roerich_and-we-continue-fishing-1922.jpg"
"nicholas-roerich_banner-of-peace-1931","Banner of peace 1931","Nicholas Roerich","Symbolism","data/archive/Symbolism/nicholas-roerich_banner-of-peace-1931.jpg"
"nicholas-roerich_blue-temples-grand-canyon-arizona-1921","Blue temples grand canyon arizona 1921","Nicholas Roerich","Symbolism","data/archive/Symbolism/nicholas-roerich_blue-temples-grand-canyon-arizona-1921.jpg"
"nicholas-roerich_bowels-1924","Bowels 1924","Nicholas Roerich","Symbolism","data/archive/Symbolism/nicholas-roerich_bowels-1924.jpg"
"nicholas-roerich_by-the-sea-1916","By the sea 1916","Nicholas Roerich","Symbolism","data/archive/Symbolism/nicholas-roerich_by-the-sea-1916.jpg"
"nicholas-roerich_central-himalayas","Central himalayas","Nicholas Roerich","Symbolism","data/archive/Symbolism/nicholas-roerich_central-himalayas.jpg"
"nicholas-roerich_chud-has-gone-under-the-ground-1913","Chud has gone under the ground 1913","Nicholas Roerich","Symbolism","data/archive/Symbolism/nicholas-roerich_chud-has-gone-under-the-ground-1913.jpg"
"nicholas-roerich_conversation-with-god","Conversation with god","Nicholas Roerich","Symbolism","data/archive/Symbolism/nicholas-roerich_conversation-with-god.jpg"
"nicholas-roerich_downpour-1943","Downpour 1943","Nicholas Roerich","Symbolism","data/archive/Symbolism/nicholas-roerich_downpour-1943.jpg"
"nicholas-roerich_evening-1939","Evening 1939","Nicholas Roerich","Symbolism","data/archive/Symbolism/nicholas-roerich_evening-1939.jpg"
"nicholas-roerich_fire-blossom-1924","Fire blossom 1924","Nicholas Roerich","Symbolism","data/archive/Symbolism/nicholas-roerich_fire-blossom-1924.jpg"
"nicholas-roerich_garden-of-eden","Garden of eden","Nicholas Roerich","Symbolism","data/archive/Symbolism/nicholas-roerich_garden-of-eden.jpg"
"nicholas-roerich_glory-to-the-hero-1933","Glory to the hero 1933","Nicholas Roerich","Symbolism","data/archive/Symbolism/nicholas-roerich_glory-to-the-hero-1933.jpg"
"nicholas-roerich_guardian-of-the-entrance-1927","Guardian of the entrance 1927","Nicholas Roerich","Symbolism","data/archive/Symbolism/nicholas-roerich_guardian-of-the-entrance-1927.jpg"
"nicholas-roerich_hidden-treasure-1917","Hidden treasure 1917","Nicholas Roerich","Symbolism","data/archive/Symbolism/nicholas-roerich_hidden-treasure-1917.jpg"
"nicholas-roerich_himalayas-17","Himalayas 17","Nicholas Roerich","Symbolism","data/archive/Symbolism/nicholas-roerich_himalayas-17.jpg"
"nicholas-roerich_himalayas-1938","Himalayas 1938","Nicholas Roerich","Symbolism","data/archive/Symbolism/nicholas-roerich_himalayas-1938.jpg"
"nicholas-roerich_himalayas-1943","Himalayas 1943","Nicholas Roerich","Symbolism","data/archive/Symbolism/nicholas-roerich_himalayas-1943.jpg"
"nicholas-roerich_himalayas-20","Himalayas 20","Nicholas Roerich","Symbolism","data/archive/Symbolism/nicholas-roerich_himalayas-20.jpg"
"nicholas-roerich_himalayas-35","Himalayas 35","Nicholas Roerich","Symbolism","data/archive/Symbolism/nicholas-roerich_himalayas-35.jpg"
"nicholas-roerich_himalayas-5","Himalayas 5","Nicholas Roerich","Symbolism","data/archive/Symbolism/nicholas-roerich_himalayas-5.jpg"
"nicholas-roerich_himalayas-64","Himalayas 64","Nicholas Roerich","Symbolism","data/archive/Symbolism/nicholas-roerich_himalayas-64.jpg"
"nicholas-roerich_himalayas-golden-clouds-on-a-purple-sky-1940","Himalayas golden clouds on a purple sky 1940","Nicholas Roerich","Symbolism","data/archive/Symbolism/nicholas-roerich_himalayas-golden-clouds-on-a-purple-sky-1940.jpg"
"nicholas-roerich_himalayas-spoors-of-motley-mountains-1943","Himalayas spoors of motley mountains 1943","Nicholas Roerich","Symbolism","data/archive/Symbolism/nicholas-roerich_himalayas-spoors-of-motley-mountains-1943.jpg"
"nicholas-roerich_himalayas-the-earthly-and-the-heavenly-1940","Himalayas the earthly and the heavenly 1940","Nicholas Roerich","Symbolism","data/archive/Symbolism/nicholas-roerich_himalayas-the-earthly-and-the-heavenly-1940.jpg"
"nicholas-roerich_hunting","Hunting","Nicholas Roerich","Symbolism","data/archive/Symbolism/nicholas-roerich_hunting.jpg"
"nicholas-roerich_jeanne-d-arc-prayer-1930","Jeanne d arc prayer 1930","Nicholas Roerich","Symbolism","data/archive/Symbolism/nicholas-roerich_jeanne-d-arc-prayer-1930.jpg"
"nicholas-roerich_kangchenjunga-1947","Kangchenjunga 1947","Nicholas Roerich","Symbolism","data/archive/Symbolism/nicholas-roerich_kangchenjunga-1947.jpg"
"nicholas-roerich_karelian-landscape-1","Karelian landscape 1","Nicholas Roerich","Symbolism","data/archive/Symbolism/nicholas-roerich_karelian-landscape-1.jpg"
"nicholas-roerich_koksar-1932","Koksar 1932","Nicholas Roerich","Symbolism","data/archive/Symbolism/nicholas-roerich_koksar-1932.jpg"
"nicholas-roerich_ladakh-1","Ladakh 1","Nicholas Roerich","Symbolism","data/archive/Symbolism/nicholas-roerich_ladakh-1.jpg"
"nicholas-roerich_lahaul-1931","Lahaul 1931","Nicholas Roerich","Symbolism","data/archive/Symbolism/nicholas-roerich_lahaul-1931.jpg"
"nicholas-roerich_lake-in-the-mountains-baralacha-pass-1944","Lake in the mountains baralacha pass 1944","Nicholas Roerich","Symbolism","data/archive/Symbolism/nicholas-roerich_lake-in-the-mountains-baralacha-pass-1944.jpg"
"nicholas-roerich_lamayuru-ladakh-1947","Lamayuru ladakh 1947","Nicholas Roerich","Symbolism","data/archive/Symbolism/nicholas-roerich_lamayuru-ladakh-1947.jpg"
"nicholas-roerich_light-conquers-darkness-1933","Light conquers darkness 1933","Nicholas Roerich","Symbolism","data/archive/Symbolism/nicholas-roerich_light-conquers-darkness-1933.jpg"
"nicholas-roerich_magi-procession-1912","Magi procession 1912","Nicholas Roerich","Symbolism","data/archive/Symbolism/nicholas-roerich_magi-procession-1912.jpg"
"nicholas-roerich_meditation-1923","Meditation 1923","Nicholas Roerich","Symbolism","data/archive/Symbolism/nicholas-roerich_meditation-1923.jpg"
"nicholas-roerich_mill-in-the-mountains-1913","Mill in the mountains 1913","Nicholas Roerich","Symbolism","data/archive/Symbolism/nicholas-roerich_mill-in-the-mountains-1913.jpg"
"nicholas-roerich_mongolian-horseman","Mongolian horseman","Nicholas Roerich","Symbolism","data/archive/Symbolism/nicholas-roerich_mongolian-horseman.jpg"
"nicholas-roerich_monhigan-study-1922-12","Monhigan study 1922 12","Nicholas Roerich","Symbolism","data/archive/Symbolism/nicholas-roerich_monhigan-study-1922-12.jpg"
"nicholas-roerich_monhigan-study-1922-27","Monhigan study 1922 27","Nicholas Roerich","Symbolism","data/archive/Symbolism/nicholas-roerich_monhigan-study-1922-27.jpg"
"nicholas-roerich_moonlight-sortavala-1918","Moonlight sortavala 1918","Nicholas Roerich","Symbolism","data/archive/Symbolism/nicholas-roerich_moonlight-sortavala-1918.jpg"
"nicholas-roerich_mountain-abode-1923","Mountain abode 1923","Nicholas Roerich","Symbolism","data/archive/Symbolism/nicholas-roerich_mountain-abode-1923.jpg"
"nicholas-roerich_nagarjuna-conqueror-of-the-serpent-1925","Nagarjuna conqueror of the serpent 1925","Nicholas Roerich","Symbolism","data/archive/Symbolism/nicholas-roerich_nagarjuna-conqueror-of-the-serpent-1925.jpg"
"nicholas-roerich_oh-future-1933","Oh future 1933","Nicholas Roerich","Symbolism","data/archive/Symbolism/nicholas-roerich_oh-future-1933.jpg"
"nicholas-roerich_order-of-rigden-jyepo-study","Order of rigden jyepo study","Nicholas Roerich","Symbolism","data/archive/Symbolism/nicholas-roerich_order-of-rigden-jyepo-study.jpg"
"nicholas-roerich_path-to-kailas-1932-1","Path to kailas 1932 1","Nicholas Roerich","Symbolism","data/archive/Symbolism/nicholas-roerich_path-to-kailas-1932-1.jpg"
"nicholas-roerich_pir-panjal-1925-3","Pir panjal 1925 3","Nicholas Roerich","Symbolism","data/archive/Symbolism/nicholas-roerich_pir-panjal-1925-3.jpg"
"nicholas-roerich_red-mountain-santa-fe-1921","Red mountain santa fe 1921","Nicholas Roerich","Symbolism","data/archive/Symbolism/nicholas-roerich_red-mountain-santa-fe-1921.jpg"
"nicholas-roerich_rocks-of-ladakh-1933","Rocks of ladakh 1933","Nicholas Roerich","Symbolism","data/archive/Symbolism/nicholas-roerich_rocks-of-ladakh-1933.jpg"
"nicholas-roerich_sacred-grove-1921","Sacred grove 1921","Nicholas Roerich","Symbolism","data/archive/Symbolism/nicholas-roerich_sacred-grove-1921.jpg"
"nicholas-roerich_saint-nicholas-1916","Saint nicholas 1916","Nicholas Roerich","Symbolism","data/archive/Symbolism/nicholas-roerich_saint-nicholas-1916.jpg"
"nicholas-roerich_sanctuaries-and-citadels-1925-7","Sanctuaries and citadels 1925 7","Nicholas Roerich","Symbolism","data/archive/Symbolism/nicholas-roerich_sanctuaries-and-citadels-1925-7.jpg"
"nicholas-roerich_sergius-of-radonezh-1932(1)","Sergius of radonezh 1932(1)","Nicholas Roerich","Symbolism","data/archive/Symbolism/nicholas-roerich_sergius-of-radonezh-1932(1).jpg"
"nicholas-roerich_she-who-holds-the-world-1937","She who holds the world 1937","Nicholas Roerich","Symbolism","data/archive/Symbolism/nicholas-roerich_she-who-holds-the-world-1937.jpg"
"nicholas-roerich_siver-clouds-over-the-mountains-1941","Siver clouds over the mountains 1941","Nicholas Roerich","Symbolism","data/archive/Symbolism/nicholas-roerich_siver-clouds-over-the-mountains-1941.jpg"
"nicholas-roerich_sketch-with-the-image-of-maitreya-carved-on-a-rock","Sketch with the image of maitreya carved on a rock","Nicholas Roerich","Symbolism","data/archive/Symbolism/nicholas-roerich_sketch-with-the-image-of-maitreya-carved-on-a-rock.jpg"
"nicholas-roerich_song-of-shambhala-1943","Song of shambhala 1943","Nicholas Roerich","Symbolism","data/archive/Symbolism/nicholas-roerich_song-of-shambhala-1943.jpg"
"nicholas-roerich_st-sergius-the-buildert-1925","St sergius the buildert 1925","Nicholas Roerich","Symbolism","data/archive/Symbolism/nicholas-roerich_st-sergius-the-buildert-1925.jpg"
"nicholas-roerich_study-of-a-shore-1923","Study of a shore 1923","Nicholas Roerich","Symbolism","data/archive/Symbolism/nicholas-roerich_study-of-a-shore-1923.jpg"
"nicholas-roerich_study-of-mountains","Study of mountains","Nicholas Roerich","Symbolism","data/archive/Symbolism/nicholas-roerich_study-of-mountains.jpg"
"nicholas-roerich_stupa-near-sharugen-1928","Stupa near sharugen 1928","Nicholas Roerich","Symbolism","data/archive/Symbolism/nicholas-roerich_stupa-near-sharugen-1928.jpg"
"nicholas-roerich_tablets-of-law-1931","Tablets of law 1931","Nicholas Roerich","Symbolism","data/archive/Symbolism/nicholas-roerich_tablets-of-law-1931.jpg"
"nicholas-roerich_terem-of-yaroslavna-1908","Terem of yaroslavna 1908","Nicholas Roerich","Symbolism","data/archive/Symbolism/nicholas-roerich_terem-of-yaroslavna-1908.jpg"
"nicholas-roerich_the-island-of-repose","The island of repose","Nicholas Roerich","Symbolism","data/archive/Symbolism/nicholas-roerich_the-island-of-repose.jpg"
"nicholas-roerich_the-straight-path-1912","The straight path 1912","Nicholas Roerich","Symbolism","data/archive/Symbolism/nicholas-roerich_the-straight-path-1912.jpg"
"nicholas-roerich_tibet-1933-2","Tibet 1933 2","Nicholas Roerich","Symbolism","data/archive/Symbolism/nicholas-roerich_tibet-1933-2.jpg"
"nicholas-roerich_tibet-himalayas-1933","Tibet himalayas 1933","Nicholas Roerich","Symbolism","data/archive/Symbolism/nicholas-roerich_tibet-himalayas-1933.jpg"
"nicholas-roerich_tibetian-way-1931-1","Tibetian way 1931 1","Nicholas Roerich","Symbolism","data/archive/Symbolism/nicholas-roerich_tibetian-way-1931-1.jpg"
"nicholas-roerich_treasure-1919","Treasure 1919","Nicholas Roerich","Symbolism","data/archive/Symbolism/nicholas-roerich_treasure-1919.jpg"
"nicholas-roerich_untitled-1915","Untitled 1915","Nicholas Roerich","Symbolism","data/archive/Symbolism/nicholas-roerich_untitled-1915.jpg"
"nicholas-roerich_voice-of-mongolia-1937","Voice of mongolia 1937","Nicholas Roerich","Symbolism","data/archive/Symbolism/nicholas-roerich_voice-of-mongolia-1937.jpg"
"nicholas-roerich_whispers-of-desert-story-about-new-era-1925","Whispers of desert story about new era 1925","Nicholas Roerich","Symbolism","data/archive/Symbolism/nicholas-roerich_whispers-of-desert-story-about-new-era-1925.jpg"
"nicholas-roerich_yaroslav-the-wise-1941","Yaroslav the wise 1941","Nicholas Roerich","Symbolism","data/archive/Symbolism/nicholas-roerich_yaroslav-the-wise-1941.jpg"
"nikolaos-gyzis_mother-of-god-study-1898","Mother of god study 1898","Nikolaos Gyzis","Symbolism","data/archive/Symbolism/nikolaos-gyzis_mother-of-god-study-1898.jpg"
"odilon-redon_aged-angel","Aged angel","Odilon Redon","Symbolism","data/archive/Symbolism/odilon-redon_aged-angel.jpg"
"odilon-redon_apollo-s-chariot-2","Apollo s chariot 2","Odilon Redon","Symbolism","data/archive/Symbolism/odilon-redon_apollo-s-chariot-2.jpg"
"odilon-redon_boat-in-the-moonlight","Boat in the moonlight","Odilon Redon","Symbolism","data/archive/Symbolism/odilon-redon_boat-in-the-moonlight.jpg"
"odilon-redon_bust-of-a-man-asleep-amid-flowers","Bust of a man asleep amid flowers","Odilon Redon","Symbolism","data/archive/Symbolism/odilon-redon_bust-of-a-man-asleep-amid-flowers.jpg"
"odilon-redon_closed-eyes-1","Closed eyes 1","Odilon Redon","Symbolism","data/archive/Symbolism/odilon-redon_closed-eyes-1.jpg"
"odilon-redon_decorative-panel","Decorative panel","Odilon Redon","Symbolism","data/archive/Symbolism/odilon-redon_decorative-panel.jpg"
"odilon-redon_first-a-pool-of-water-then-a-prostitute-the-corner-of-a-temple-a-soldier-s-face-a-chariot-with-1888","First a pool of water then a prostitute the corner of a temple a soldier s face a chariot with 1888","Odilon Redon","Symbolism","data/archive/Symbolism/odilon-redon_first-a-pool-of-water-then-a-prostitute-the-corner-of-a-temple-a-soldier-s-face-a-chariot-with-1888.jpg"
"odilon-redon_flowers-in-green-vase-with-handles","Flowers in green vase with handles","Odilon Redon","Symbolism","data/archive/Symbolism/odilon-redon_flowers-in-green-vase-with-handles.jpg"
"odilon-redon_homage-to-leonardo-da-vinci-1908","Homage to leonardo da vinci 1908","Odilon Redon","Symbolism","data/archive/Symbolism/odilon-redon_homage-to-leonardo-da-vinci-1908.jpg"
"odilon-redon_landscape-with-eve","Landscape with eve","Odilon Redon","Symbolism","data/archive/Symbolism/odilon-redon_landscape-with-eve.jpg"
"odilon-redon_mystical-conversation","Mystical conversation","Odilon Redon","Symbolism","data/archive/Symbolism/odilon-redon_mystical-conversation.jpg"
"odilon-redon_orchids","Orchids","Odilon Redon","Symbolism","data/archive/Symbolism/odilon-redon_orchids.jpg"
"odilon-redon_portrait-of-genevieve-de-gonet-as-a-child-1907","Portrait of genevieve de gonet as a child 1907","Odilon Redon","Symbolism","data/archive/Symbolism/odilon-redon_portrait-of-genevieve-de-gonet-as-a-child-1907.jpg"
"odilon-redon_portrait-of-yseult-fayet-1908","Portrait of yseult fayet 1908","Odilon Redon","Symbolism","data/archive/Symbolism/odilon-redon_portrait-of-yseult-fayet-1908.jpg"
"odilon-redon_roland-at-roncesvalles","Roland at roncesvalles","Odilon Redon","Symbolism","data/archive/Symbolism/odilon-redon_roland-at-roncesvalles.jpg"
"odilon-redon_silence","Silence","Odilon Redon","Symbolism","data/archive/Symbolism/odilon-redon_silence.jpg"
"odilon-redon_the-angel-of-destiny","The angel of destiny","Odilon Redon","Symbolism","data/archive/Symbolism/odilon-redon_the-angel-of-destiny.jpg"
"odilon-redon_the-breath-which-leads-all-creatures-is-also-in-the-spheres-1882","The breath which leads all creatures is also in the spheres 1882","Odilon Redon","Symbolism","data/archive/Symbolism/odilon-redon_the-breath-which-leads-all-creatures-is-also-in-the-spheres-1882.jpg"
"odilon-redon_the-dream","The dream","Odilon Redon","Symbolism","data/archive/Symbolism/odilon-redon_the-dream.jpg"
"odilon-redon_the-man","The man","Odilon Redon","Symbolism","data/archive/Symbolism/odilon-redon_the-man.jpg"
"odilon-redon_the-sermon","The sermon","Odilon Redon","Symbolism","data/archive/Symbolism/odilon-redon_the-sermon.jpg"
"odilon-redon_underwater-vision-1910","Underwater vision 1910","Odilon Redon","Symbolism","data/archive/Symbolism/odilon-redon_underwater-vision-1910.jpg"
"odilon-redon_woman-and-the-mountain-landscape","Woman and the mountain landscape","Odilon Redon","Symbolism","data/archive/Symbolism/odilon-redon_woman-and-the-mountain-landscape.jpg"
"pablo-picasso_boy-with-a-dog-1905","Boy with a dog 1905","Pablo Picasso","Symbolism","data/archive/Symbolism/pablo-picasso_boy-with-a-dog-1905.jpg"
"pablo-picasso_scene-in-a-cabaret-1902","Scene in a cabaret 1902","Pablo Picasso","Symbolism","data/archive/Symbolism/pablo-picasso_scene-in-a-cabaret-1902.jpg"
"pierre-puvis-de-chavannes_autumn","Autumn","Pierre Puvis De Chavannes","Symbolism","data/archive/Symbolism/pierre-puvis-de-chavannes_autumn.jpg"
"pierre-puvis-de-chavannes_homer-epic-poetry","Homer epic poetry","Pierre Puvis De Chavannes","Symbolism","data/archive/Symbolism/pierre-puvis-de-chavannes_homer-epic-poetry.jpg"
"pierre-puvis-de-chavannes_st-genevieve-makes-confidence-and-calm-to-frightened-parisians-of-the-approach-of-attila","St genevieve makes confidence and calm to frightened parisians of the approach of attila","Pierre Puvis De Chavannes","Symbolism","data/archive/Symbolism/pierre-puvis-de-chavannes_st-genevieve-makes-confidence-and-calm-to-frightened-parisians-of-the-approach-of-attila.jpg"
"pierre-puvis-de-chavannes_the-keeper-of-goats","The keeper of goats","Pierre Puvis De Chavannes","Symbolism","data/archive/Symbolism/pierre-puvis-de-chavannes_the-keeper-of-goats.jpg"
"pierre-puvis-de-chavannes_woman-by-the-sea-1887","Woman by the sea 1887","Pierre Puvis De Chavannes","Symbolism","data/archive/Symbolism/pierre-puvis-de-chavannes_woman-by-the-sea-1887.jpg"
"salvador-dali_aquae-diluvii-super-terram-genesis-6-17-1967","Aquae diluvii super terram genesis 6 17 1967","Salvador Dali","Symbolism","data/archive/Symbolism/salvador-dali_aquae-diluvii-super-terram-genesis-6-17-1967.jpg"
"salvador-dali_desoxyribonucleic-acid-arabs","Desoxyribonucleic acid arabs","Salvador Dali","Symbolism","data/archive/Symbolism/salvador-dali_desoxyribonucleic-acid-arabs.jpg"
"salvador-dali_faciamus-hominem-genesis-1-26-1964-symbolism","Faciamus hominem genesis 1 26 1964","Salvador Dali","Symbolism","data/archive/Symbolism/salvador-dali_faciamus-hominem-genesis-1-26-1964.jpg"
"salvador-dali_in-principiodeus-creavit-1964","In principiodeus creavit 1964","Salvador Dali","Symbolism","data/archive/Symbolism/salvador-dali_in-principiodeus-creavit-1964.jpg"
"salvador-dali_mane-thecel-phares-1967-symbolism","Mane thecel phares 1967","Salvador Dali","Symbolism","data/archive/Symbolism/salvador-dali_mane-thecel-phares-1967.jpg"
"salvador-dali_peccatum-originis-1967","Peccatum originis 1967","Salvador Dali","Symbolism","data/archive/Symbolism/salvador-dali_peccatum-originis-1967.jpg"
"salvador-dali_the-gaseous-swan","The gaseous swan","Salvador Dali","Symbolism","data/archive/Symbolism/salvador-dali_the-gaseous-swan.jpg"
"serge-sudeikin_night-festival-1905","Night festival 1905","Serge Sudeikin","Symbolism","data/archive/Symbolism/serge-sudeikin_night-festival-1905.jpg"
"theodor-severin-kittelsen_sam-eyde-foran-svelgfoss-1908","Sam eyde foran svelgfoss 1908","Theodor Severin Kittelsen","Symbolism","data/archive/Symbolism/theodor-severin-kittelsen_sam-eyde-foran-svelgfoss-1908.jpg"
"tivadar-kosztka-csontvary_old-fisherman-1902","Old fisherman 1902","Tivadar Kosztka Csontvary","Symbolism","data/archive/Symbolism/tivadar-kosztka-csontvary_old-fisherman-1902.jpg"
"victor-borisov-musatov_the-pool-1902","The pool 1902","Victor Borisov Musatov","Symbolism","data/archive/Symbolism/victor-borisov-musatov_the-pool-1902.jpg"
"victor-hugo_silhouette-fantastique-1854","Silhouette fantastique 1854","Victor Hugo","Symbolism","data/archive/Symbolism/victor-hugo_silhouette-fantastique-1854.jpg"
"viktor-vasnetsov_bogomater-1","Bogomater 1","Viktor Vasnetsov","Symbolism","data/archive/Symbolism/viktor-vasnetsov_bogomater-1.jpg"
"viktor-vasnetsov_portrait-of-boris-vasnetsov-son-of-the-artist-1889","Portrait of boris vasnetsov son of the artist 1889","Viktor Vasnetsov","Symbolism","data/archive/Symbolism/viktor-vasnetsov_portrait-of-boris-vasnetsov-son-of-the-artist-1889.jpg"
"william-blake_and-elohim-created-adam-1795","And elohim created adam 1795","William Blake","Symbolism","data/archive/Symbolism/william-blake_and-elohim-created-adam-1795.jpg"
"william-blake_god-judging-adam","God judging adam","William Blake","Symbolism","data/archive/Symbolism/william-blake_god-judging-adam.jpg"
"william-blake_illustration-to-milton-s-comus-1820-3","Illustration to milton s comus 1820 3","William Blake","Symbolism","data/archive/Symbolism/william-blake_illustration-to-milton-s-comus-1820-3.jpg"
"william-blake_illustration-to-milton-s-paradise-lost-1807-7","Illustration to milton s paradise lost 1807 7","William Blake","Symbolism","data/archive/Symbolism/william-blake_illustration-to-milton-s-paradise-lost-1807-7.jpg"
"william-blake_milton-s-mysterious-dream-1820","Milton s mysterious dream 1820","William Blake","Symbolism","data/archive/Symbolism/william-blake_milton-s-mysterious-dream-1820.jpg"
"william-blake_the-angels-appearing-to-the-shepherds-1809","The angels appearing to the shepherds 1809","William Blake","Symbolism","data/archive/Symbolism/william-blake_the-angels-appearing-to-the-shepherds-1809.jpg"
"william-blake_the-number-of-the-beast-is-666","The number of the beast is 666","William Blake","Symbolism","data/archive/Symbolism/william-blake_the-number-of-the-beast-is-666.jpg"
"william-holman-hunt_the-light-of-the-world","The light of the world","William Holman Hunt","Symbolism","data/archive/Symbolism/william-holman-hunt_the-light-of-the-world.jpg"
"zinaida-serebriakova_narcissus-and-the-nymph-echo-etude-1917","Narcissus and the nymph echo etude 1917","Zinaida Serebriakova","Symbolism","data/archive/Symbolism/zinaida-serebriakova_narcissus-and-the-nymph-echo-etude-1917.jpg"
"georges-braque_bottle-1914","Bottle 1914","Georges Braque","Synthetic Cubism","data/archive/Synthetic_Cubism/georges-braque_bottle-1914.jpg"
"georges-braque_still-life-on-a-table-with-gillette-1914","Still life on a table with gillette 1914","Georges Braque","Synthetic Cubism","data/archive/Synthetic_Cubism/georges-braque_still-life-on-a-table-with-gillette-1914.jpg"
"georges-braque_the-violin-1914","The violin 1914","Georges Braque","Synthetic Cubism","data/archive/Synthetic_Cubism/georges-braque_the-violin-1914.jpg"
